Source_DID,Target_DID,Weight,Source_Handle,Target_Handle
did:plc:225jifwqatcawcqpo2jjmx5h,did:plc:chw77zmiryitfv34m6aavu5b,1,thunderpuppy.bsky.social,caffeinerabbit.bsky.social
did:plc:22dmmdkvuirlegbzpkbalz2u,did:plc:baqegknyonql3dppy43lqaeg,1,cdbackslash.bsky.social,harrisongrimm.bsky.social
did:plc:22fudzaxnal4ddodzv2o6mwk,did:plc:4qvo7i5qhu73nn24paiss574,1,jmcdonaldsa.bsky.social,artmoreorless.bsky.social
did:plc:22fudzaxnal4ddodzv2o6mwk,did:plc:7cncf7vvk7ynv4af3fxqs42d,1,jmcdonaldsa.bsky.social,brews2you.bsky.social
did:plc:22fudzaxnal4ddodzv2o6mwk,did:plc:bhw5yjxeuypdonvanjqtvktu,1,jmcdonaldsa.bsky.social,illiniandramsalum.bsky.social
did:plc:22fudzaxnal4ddodzv2o6mwk,did:plc:bvcrz2qufnqt5urvre6kugpa,1,jmcdonaldsa.bsky.social,parkusaurelius.bsky.social
did:plc:22fudzaxnal4ddodzv2o6mwk,did:plc:uxs7ldv3o7dgf2zuvw6j4dbx,1,jmcdonaldsa.bsky.social,andirant.bsky.social
did:plc:22fudzaxnal4ddodzv2o6mwk,did:plc:x5ws4443357brulpdp7zl2qt,1,jmcdonaldsa.bsky.social,mikefinger.bsky.social
did:plc:22hbx4swrzrxeucjsk2rco3d,did:plc:sa73fbx3vxzh2fw5pu5wmief,1,ecotype.bsky.social,shamsbot.bsky.social
did:plc:22jk6fbbgwlrwmfiqufttb6s,did:plc:paf4vetn26bu7uggsie3vyrc,1,gregoryellwood.bsky.social,lawmurraythenu.bsky.social
did:plc:22ldsy44lwl6nclmraoydmyw,did:plc:pgrqrtjyigyi3h4ygzkhxwkj,1,doriancowens.bsky.social,mikevorkunov.bsky.social
did:plc:22ofu7bn6nf2m3kayhnp7zjg,did:plc:chmvzeuweuj4cisev5g4wplr,1,virginiabarksdale.bsky.social,ericnewsom.bsky.social
did:plc:22qsp5tnmclxudjvj5rnnjbz,did:plc:fgpyya4en5thfmi6usrr3kvv,1,deathcab4cody.bsky.social,jasonkirk.fyi
did:plc:235pwr5buvyj2kifvaccfksc,did:plc:26375peygwnrijoepmy2fdcs,1,homerophile.bsky.social,washingtonstatestandard.com
did:plc:23t725qkk6rljv7trq44zevf,did:plc:sa73fbx3vxzh2fw5pu5wmief,1,marcflashgordon.bsky.social,shamsbot.bsky.social
did:plc:23u5spimd5z6e3gqesxmisqo,did:plc:33yuttg43domt6gyddetilkn,1,peteirelandfilm.bsky.social,nodunks.com
did:plc:24c6v4sjk6iipw6xh56kuj67,did:plc:qqdqgzpqwyho4cxzso62m54q,1,davehogg.bsky.social,juliedicaro.bsky.social
did:plc:24hwc6hdiu4mt2w37khyswmx,did:plc:pezatpmjsh7geayoy6kf7mrs,1,schaefs63.bsky.social,kupobeer.bsky.social
did:plc:24sgxdlbxabrqazkrz4awpc5,did:plc:erllukadmy4yp62dp5wa2qxg,1,thecorlew.bsky.social,jgfromnp.bsky.social
did:plc:24vamwey7xqubg62vjuaykvi,did:plc:sa73fbx3vxzh2fw5pu5wmief,1,willbully.bsky.social,shamsbot.bsky.social
did:plc:24zszjipyojx65iq3mjppzjc,did:plc:aybotarrzwf3by4mhvtzyk5b,1,coachjet.bsky.social,benschleuss.bsky.social
did:plc:24zszjipyojx65iq3mjppzjc,did:plc:b6v54l7vnitivlnyqekh47xd,2,coachjet.bsky.social,tiwindisch.gspn.info
did:plc:24zszjipyojx65iq3mjppzjc,did:plc:bp4dtumwoyfjweif5m6ed7ey,2,coachjet.bsky.social,irishryan.bsky.social
did:plc:24zszjipyojx65iq3mjppzjc,did:plc:gr4daz6qrh7fswoo2rqnjaof,1,coachjet.bsky.social,stpaultim.bsky.social
did:plc:24zszjipyojx65iq3mjppzjc,did:plc:sa73fbx3vxzh2fw5pu5wmief,1,coachjet.bsky.social,shamsbot.bsky.social
did:plc:2573bu5ognbukgfrnzo5oqz4,did:plc:z34egeyuvqdejtfviniz2535,1,bershybluesky.bsky.social,biskhalifa.bsky.social
did:plc:25j5r47em2gmbiypflegz6bk,did:plc:33yuttg43domt6gyddetilkn,1,petemrogers.bsky.social,nodunks.com
did:plc:25j5r47em2gmbiypflegz6bk,did:plc:rrzz6g5doxzj4a5cdys3paaq,2,petemrogers.bsky.social,rmgebhardt.bsky.social
did:plc:25j5r47em2gmbiypflegz6bk,did:plc:s7vtvxsdgyilx57r7ddnnhap,1,petemrogers.bsky.social,tyleriam.bsky.social
did:plc:25lslhwbx5x46jpitjpugyby,did:plc:luofuy2uw7g4vsd2vbwidtel,1,gallen89.bsky.social,keithsmithnba.bsky.social
did:plc:25lslhwbx5x46jpitjpugyby,did:plc:rsmvjpualofdjzd7vcxnocii,2,gallen89.bsky.social,dyllima37.bsky.social
did:plc:25lslhwbx5x46jpitjpugyby,did:plc:vypepewgdr5ae37qyh4ui5as,1,gallen89.bsky.social,russbengtson.bsky.social
did:plc:25xl2ywoetsqf2ncmut6gzyl,did:plc:cwqp26rx7z6h76g6lo2ykbjk,1,ericdmayhew.bsky.social,gwiss.bsky.social
did:plc:26fculfy2qqne2p66ou2ffx2,did:plc:7sfnardo5xxznxc6esxc5ooe,1,chrisboucher.bsky.social,nba.com
did:plc:26sqpljbaiepw3chqojsm436,did:plc:e62gb2ushvtvjvqcbrxeaw2n,1,thatpinguino.bsky.social,chrislhayes.bsky.social
did:plc:26sqpljbaiepw3chqojsm436,did:plc:pbt54fn2bdada5c55nmbosnr,1,thatpinguino.bsky.social,annajane10000.bsky.social
did:plc:27anyd5r6jio5tdtrufbwb3l,did:plc:b2kutgxqlltwc6lhs724cfwr,1,briansaracusa.bsky.social,theathletic.com
did:plc:27mqip5cofzruzb2y7dn5glv,did:plc:oz6bkpnskcieebyvfstd4asb,1,kevinruprecht.bsky.social,baumann.bsky.social
did:plc:2a5qh476rdzhwrt62ntonzhp,did:plc:kjym2fwa56rjkwwbtniz2uxf,1,leverger.bsky.social,k-rap-raps.bsky.social
did:plc:2ab45nvsrmecb55yd54xmvma,did:plc:g7a6qji72odgptnddtrkdchy,1,vacillatingpace.bsky.social,mrbuckbucknba.bsky.social
did:plc:2afvvafoauvxs2f3by5mk3iu,did:plc:ov7yyu2taf5uzitjznhc2rto,1,taximike.bsky.social,modakhilnba.bsky.social
did:plc:2apohx2tdagf752komnr5bmi,did:plc:j4s4wdsabzofislrxmmgqq3s,1,tjay56.bsky.social,necron99.bsky.social
did:plc:2apohx2tdagf752komnr5bmi,did:plc:usrwwg7bd3z7qjylf7q7ajks,1,tjay56.bsky.social,mistabobdobalina.bsky.social
did:plc:2aqzfj64bnietgpkvcdvys6p,did:plc:ggjonthpau6xfjpqkf2hp4e5,1,ademare.bsky.social,gabekn.bsky.social
did:plc:2av3hldybsoyp7ieqr7zjo6d,did:plc:4xrwh2ii5mlnt7z63ftqcmnu,1,captainjim87.bsky.social,davidbalsamo.bsky.social
did:plc:2av3hldybsoyp7ieqr7zjo6d,did:plc:xitseypgueev2n3hpqv6rvpn,1,captainjim87.bsky.social,mi-homme-michel.bsky.social
did:plc:2b3iopmiybjp7vxhnflsic7t,did:plc:3frghichbyxbptt4yilftw54,2,recentlyreaped.bsky.social,brimaried.bsky.social
did:plc:2b3iopmiybjp7vxhnflsic7t,did:plc:luofuy2uw7g4vsd2vbwidtel,1,recentlyreaped.bsky.social,keithsmithnba.bsky.social
did:plc:2bi7nhde2v6aclw7mlxehrxn,did:plc:a6a4rmjgwi7fe2mjegsayylg,1,mazterofpuppetz.bsky.social,michagain.bsky.social
did:plc:2bi7nhde2v6aclw7mlxehrxn,did:plc:ozrhqae34vzv6mso2hsym65i,1,mazterofpuppetz.bsky.social,omarisankofa.bsky.social
did:plc:2brjtom2twmko6sbbfxc75re,did:plc:e62gb2ushvtvjvqcbrxeaw2n,1,starbuckler.bsky.social,chrislhayes.bsky.social
did:plc:2bwqj4own2476tvxhxa22box,did:plc:dqttaqakyjxaizyk4isfk4ap,1,spiderbionte.bsky.social,piratasdelbasket.bsky.social
did:plc:2bxhigklfhszokezycwej5if,did:plc:dvrzguaa6jhg3bqi5oc4m7da,3,mightylark.bsky.social,willielopezshow.bsky.social
did:plc:2c4clndbvrs6pihebreorkzy,did:plc:ggibrwvfmu7ehddn62m2lppu,1,stickyv.bsky.social,dangercart.bsky.social
did:plc:2c4clndbvrs6pihebreorkzy,did:plc:giiw54a5yvesfrwsnavsa2lm,1,stickyv.bsky.social,afertig.bsky.social
did:plc:2c4clndbvrs6pihebreorkzy,did:plc:s42iw2fbfmgsgh7hdtvvoaao,1,stickyv.bsky.social,hoopinformatics.bsky.social
did:plc:2cbh55kengmttvorltbhimfb,did:plc:b2kutgxqlltwc6lhs724cfwr,1,therealseanmoyn.bsky.social,theathletic.com
did:plc:2cbh55kengmttvorltbhimfb,did:plc:luofuy2uw7g4vsd2vbwidtel,2,therealseanmoyn.bsky.social,keithsmithnba.bsky.social
did:plc:2cbh55kengmttvorltbhimfb,did:plc:ov7yyu2taf5uzitjznhc2rto,1,therealseanmoyn.bsky.social,modakhilnba.bsky.social
did:plc:2cm7cwmfrtvpgkvsarbqv7kq,did:plc:ad3pnkmkta2cuhv2io5bxvo6,1,gabagoo.bsky.social,foolishsamwise.bsky.social
did:plc:2cmahrbj56a7acphg4jmwira,did:plc:sa73fbx3vxzh2fw5pu5wmief,1,nickysilv.bsky.social,shamsbot.bsky.social
did:plc:2cskaf4vn2ikggzabwrp2sma,did:plc:fdw3hkjrul22w75bdw5pcsn3,1,islandfox.bsky.social,tomorsborn.bsky.social
did:plc:2czqu3z5b4xuah2enr2xdq6o,did:plc:zo7ppsdhdrry76iil7lwmflh,1,vacant-and-bored.bsky.social,lovenba.bsky.social
did:plc:2dbolct4xsuhox7av47fyfbf,did:plc:py7chfax4ftugpcpyj2binih,1,kmacmn97.bsky.social,christopherhine.bsky.social
did:plc:2dbolct4xsuhox7av47fyfbf,did:plc:sa73fbx3vxzh2fw5pu5wmief,1,kmacmn97.bsky.social,shamsbot.bsky.social
did:plc:2deadaubocrqyrqi2mk2jbmy,did:plc:agkggo3uzdrpzpkzvepfz5y6,1,noveasestapeli.bsky.social,criaturarl.eurosky.social
did:plc:2dnz6ly575njpqnsc364xhgc,did:plc:xlulqhjwqq6alvjkht57sbm5,1,rtblues.bsky.social,rawnba.bsky.social
did:plc:2drqslaw47tvnnnmpxremgau,did:plc:pk5nq3gedpdb6xedfeobsm52,1,hurntwilliams.bsky.social,fetchfeeds.bsky.social
did:plc:2drqslaw47tvnnnmpxremgau,did:plc:sa73fbx3vxzh2fw5pu5wmief,1,hurntwilliams.bsky.social,shamsbot.bsky.social
did:plc:2dxklks3vn4s4xn6sk5aktm5,did:plc:bdxjovzqrf4q66ptu3dplmeb,1,asherd.xyz,samdykstramilb.bsky.social
did:plc:2e4kvnzwfxoxb2bag5fflalf,did:plc:uot2muy7bgn6ju7lj23ztk3i,1,hierophantpink.bsky.social,mellyinchains.bsky.social
did:plc:2e5e33f4fnecbp3ia4raev2a,did:plc:yvxgr32ufo75afd5qyoouxfc,1,msushi.net,shredberg.bsky.social
did:plc:2e62oww2lirbtba2rqwkkqtr,did:plc:b6v54l7vnitivlnyqekh47xd,1,jetwitch003.bsky.social,tiwindisch.gspn.info
did:plc:2edbxto6herkxeddbie5iqpa,did:plc:xqnwvy5iwjwz4kefhl2xvreo,1,seanlikessports.bsky.social,dn-ny-mtl.bsky.social
did:plc:2egbtmcywtn7jd4hcpmeyx6c,did:plc:anbfmokueo5cgdau3yd6p4mu,1,crawfordchrisv.bsky.social,nextyeardc.com
did:plc:2emupgm6taztttxwrjk4qk22,did:plc:j6yjvqbtvjk6d7yvmo42kahl,1,1robgunther.bsky.social,steve5kxc.bsky.social
did:plc:2emupgm6taztttxwrjk4qk22,did:plc:yw36i5sv56pf3f4gjgay5fvv,1,1robgunther.bsky.social,extremejuice.bsky.social
did:plc:2etrlfye6liif63kemf2u7h3,did:plc:luofuy2uw7g4vsd2vbwidtel,1,kevinkacin.bsky.social,keithsmithnba.bsky.social
did:plc:2ewi7nwx7ztzfrtkc5og65s4,did:plc:cyflytcyyyhawlrnnwiv25nd,1,jkat1959.bsky.social,btoporek.bsky.social
did:plc:2ewi7nwx7ztzfrtkc5og65s4,did:plc:df2gzsny4y5khzaa5rsfrblr,1,jkat1959.bsky.social,jameshamnba.bsky.social
did:plc:2exqqyzoa4qemqc73afv42ef,did:plc:26375peygwnrijoepmy2fdcs,1,mpguy29.bsky.social,washingtonstatestandard.com
did:plc:2f6mbmnobkr34sskaipe4xoy,did:plc:6cuqboowqvkewzxpimn4xdh5,2,jessup-at-large.bsky.social,itspbtwo.bsky.social
did:plc:2f6mbmnobkr34sskaipe4xoy,did:plc:q3fi25au634c4yojnysqzlrj,1,jessup-at-large.bsky.social,teamziller.bsky.social
did:plc:2f6mbmnobkr34sskaipe4xoy,did:plc:qy7hyeditvoggzmztmzxqjrz,1,jessup-at-large.bsky.social,durowolff.bsky.social
did:plc:2f6mbmnobkr34sskaipe4xoy,did:plc:z2vmhf6ol25qcsmmpo7fmlwf,1,jessup-at-large.bsky.social,debbiecakes.blacksky.app
did:plc:2fao4czshg2meveeegsxnlfx,did:plc:dl7fz7krolw7poscns3i7xy3,1,8inthebox1974.bsky.social,jdbatts79.bsky.social
did:plc:2fao4czshg2meveeegsxnlfx,did:plc:jy5ncgzhaepujh27q77jqi2y,1,8inthebox1974.bsky.social,khanstipated.bsky.social
did:plc:2fao4czshg2meveeegsxnlfx,did:plc:niqcji5vbkdnw4krfqzyuped,1,8inthebox1974.bsky.social,number1hurtsfan.bsky.social
did:plc:2fao4czshg2meveeegsxnlfx,did:plc:p6q6mgqru7ybqs5qrp7eaiqr,1,8inthebox1974.bsky.social,phillyfrontoffice.com
did:plc:2fao4czshg2meveeegsxnlfx,did:plc:rdb65c75mgh35kgkwcywrfdp,1,8inthebox1974.bsky.social,phlysprtsreprts.bsky.social
did:plc:2fao4czshg2meveeegsxnlfx,did:plc:wwgsu266lhyrg5hbx6csgsm3,1,8inthebox1974.bsky.social,robhanna.bsky.social
did:plc:2fomrpx4jkvehobzzvjxubk7,did:plc:uot2muy7bgn6ju7lj23ztk3i,2,blueribbs.bsky.social,mellyinchains.bsky.social
did:plc:2fprkqy5snxse3r6gprej5ls,did:plc:mx62ni2prhriaagd7jfa65zk,1,thomasdavis.bsky.social,stevejones20.bsky.social
did:plc:2ftisfungz67x4uwuxxtpxnp,did:plc:sa73fbx3vxzh2fw5pu5wmief,1,kfrown.bsky.social,shamsbot.bsky.social
did:plc:2ftisfungz67x4uwuxxtpxnp,did:plc:znfyehfh2oohphnrexv5osjd,3,kfrown.bsky.social,crunk1977.bsky.social
did:plc:2fwgs5fpuwreqlwntqzt36fp,did:plc:bjo23i5pe76bo4nskmlqflqi,1,fritzholz.bsky.social,granddude1962.bsky.social
did:plc:2g3ezmn52xtgytc4vl5ztrqj,did:plc:at73fgeu54reppclhgumfo5j,1,primalmanbeast.bsky.social,giginorez.com
did:plc:2g3p466mwex6cpt7pnlhi2eq,did:plc:g62tajye723r3fa4gqw7l7ql,1,johnmoe.bsky.social,pattymo.com
did:plc:2g6ywlkazb63lgtlq5migf4h,did:plc:zdako6ifg64f5fgvpw3g3z2h,1,citizensky1508.bsky.social,erikswartz.bsky.social
did:plc:2gmiwkh2bwbxacews3nihtfg,did:plc:sa73fbx3vxzh2fw5pu5wmief,1,paqdaddy.bsky.social,shamsbot.bsky.social
did:plc:2gzkddvln22swvkvqr3ookjv,did:plc:sa73fbx3vxzh2fw5pu5wmief,1,bteuf.bsky.social,shamsbot.bsky.social
did:plc:2h4jcff7dv4is2pxkfxlosjm,did:plc:2mxadfg4ck5lwlur64dsvan7,2,whatsleftofmarlon.bsky.social,brenda2026.bsky.social
did:plc:2hasidh7pzyp46gqutgfagzl,did:plc:e62gb2ushvtvjvqcbrxeaw2n,1,halftank.bsky.social,chrislhayes.bsky.social
did:plc:2hbzrajleg2ioebxlqhvtlzq,did:plc:b2kutgxqlltwc6lhs724cfwr,1,alanmannequin.bsky.social,theathletic.com
did:plc:2hgz42tox2c5ooukm44sajjt,did:plc:andr62ot62i2umvv37zrq6z6,2,jorvorskielaynes.bsky.social,bobgenghiskhan.bsky.social
did:plc:2hi73n6fajkpklzuiy37jv2j,did:plc:luofuy2uw7g4vsd2vbwidtel,1,stickyfingers12.bsky.social,keithsmithnba.bsky.social
did:plc:2hitp6dykch5ie7onzakdgae,did:plc:gt3unljcqhimumy5zgosk3gv,1,fed-up-studio.bsky.social,davidbix.bsky.social
did:plc:2hsrn65okqnmvrm2pl3mvmfz,did:plc:b2kutgxqlltwc6lhs724cfwr,1,marlinloco.bsky.social,theathletic.com
did:plc:2i6y4byiim6vydakduuhwvnf,did:plc:jbe67uj6cqbop63fcqjg23eg,2,johnlehman.bsky.social,joeythebonzo.bsky.social
did:plc:2iffb6bkoemfluztzoys5v7x,did:plc:hf7ezrajxadu7v3tzcyij424,1,chiefakajames.bsky.social,parkermolloy.com
did:plc:2iyfq6c4g7xpbbh2kfzzvgbg,did:plc:6q4kxwoeyvr3rebrbreiyw7y,1,glads.bsky.social,gabrieldivan.bsky.social
did:plc:2j5d6n4wgqdqcxbyma323zsh,did:plc:6jpqgc6d4tplxcioxuh7khmr,1,ludiowon.bsky.social,jimowczarski.bsky.social
did:plc:2jpqlgpw5q2cqdansu7exkua,did:plc:e3ktrbooe3mildj4hhwhsvtc,1,tiredb.bsky.social,mikeascotto.bsky.social
did:plc:2k7ig3d46x55no6notewuipz,did:plc:cyflytcyyyhawlrnnwiv25nd,2,franciszomes.bsky.social,btoporek.bsky.social
did:plc:2k7ig3d46x55no6notewuipz,did:plc:pifx45fmqkaoyu3bxro53whi,1,franciszomes.bsky.social,muttgomery.bsky.social
did:plc:2kausbbu4bp32a34cfktxauf,did:plc:wkbysllyarm4b3kxrj3mfxau,1,scottwisconsin.bsky.social,stpaulite.bsky.social
did:plc:2kypta456h3i7m6noj7qdko7,did:plc:a5qm63pq73wdbxuivediucw6,1,alexbeskeeton.bsky.social,dannystus.bsky.social
did:plc:2kypta456h3i7m6noj7qdko7,did:plc:b2kutgxqlltwc6lhs724cfwr,1,alexbeskeeton.bsky.social,theathletic.com
did:plc:2lnzohxdi7dw7z3e7747qjnm,did:plc:e62gb2ushvtvjvqcbrxeaw2n,1,dankaszeta.bsky.social,chrislhayes.bsky.social
did:plc:2lrfppnconpjc4n4wl2qi4ef,did:plc:y42pmcu7a3cdz3se4cewmt7r,1,excitedstate.bsky.social,nickhasthoughts.com
did:plc:2lz76ogo4q5wnk3vrocpkdjb,did:plc:h5s3fxfvfxsle5q6j4p3ozfv,1,dennis-moore.org,dallasnews.com
did:plc:2m5c2jmnzshtawwvz2aqripp,did:plc:5jb2734ccyccx6a3hjjuzhrr,1,rchris.bsky.social,kleinman.bsky.social
did:plc:2m5qpejtwacqwjiadonfkmzd,did:plc:oz6bkpnskcieebyvfstd4asb,1,onepitchman.bsky.social,baumann.bsky.social
did:plc:2md2tbvsgsd6cad7sra2lw4d,did:plc:tlf5hilbsn7vlw3rzunbzvw3,1,drewster325.com,fredsmith.bsky.social
did:plc:2msyqncztbbz2vszcb3luinm,did:plc:gt3unljcqhimumy5zgosk3gv,2,misterjayem.bsky.social,davidbix.bsky.social
did:plc:2mxadfg4ck5lwlur64dsvan7,did:plc:2h4jcff7dv4is2pxkfxlosjm,2,brenda2026.bsky.social,whatsleftofmarlon.bsky.social
did:plc:2mxadfg4ck5lwlur64dsvan7,did:plc:3pntdwicww5rqhzwpvxiisn3,3,brenda2026.bsky.social,paulfischer.bsky.social
did:plc:2mxadfg4ck5lwlur64dsvan7,did:plc:aqlzyigdbklmtysvbkjfwhxo,1,brenda2026.bsky.social,brucemtl.bsky.social
did:plc:2mxadfg4ck5lwlur64dsvan7,did:plc:bfdt5dvh5wnwzdgw7qsnufnf,3,brenda2026.bsky.social,hanagirl.bsky.social
did:plc:2mxadfg4ck5lwlur64dsvan7,did:plc:gbrrahrhim7pggkzoqkmrntr,1,brenda2026.bsky.social,tikatoo14.bsky.social
did:plc:2mxadfg4ck5lwlur64dsvan7,did:plc:mz74zh37izdb3ezu5srawmxr,1,brenda2026.bsky.social,jcrawfy.bsky.social
did:plc:2mxadfg4ck5lwlur64dsvan7,did:plc:nysflsm7rfrqz5apns2mzkrz,1,brenda2026.bsky.social,brodiejstephens.bsky.social
did:plc:2mxadfg4ck5lwlur64dsvan7,did:plc:oksjsrnqlwc6ujbtx37x5lks,1,brenda2026.bsky.social,hugheslab.tech
did:plc:2mxadfg4ck5lwlur64dsvan7,did:plc:paf4vetn26bu7uggsie3vyrc,2,brenda2026.bsky.social,lawmurraythenu.bsky.social
did:plc:2mxadfg4ck5lwlur64dsvan7,did:plc:pdgveagcybvzfwa7qbcdifvn,1,brenda2026.bsky.social,cidmcdp.bsky.social
did:plc:2mxadfg4ck5lwlur64dsvan7,did:plc:rcxtlghvpbk2gmteugcwaegh,1,brenda2026.bsky.social,donshafer.bsky.social
did:plc:2mxadfg4ck5lwlur64dsvan7,did:plc:rd2j7dej7yem6xvoluttre5w,2,brenda2026.bsky.social,sertorius7.bsky.social
did:plc:2mxadfg4ck5lwlur64dsvan7,did:plc:readmnpgwza7ux3ui3e77zib,1,brenda2026.bsky.social,dookofurl.bsky.social
did:plc:2mxadfg4ck5lwlur64dsvan7,did:plc:si3rch2cp5pkhm6ylmfigcj2,1,brenda2026.bsky.social,munoz-io.bsky.social
did:plc:2mxadfg4ck5lwlur64dsvan7,did:plc:thqn6rootxxpfgrsytd4ajrf,5,brenda2026.bsky.social,uncledirk.bsky.social
did:plc:2mxadfg4ck5lwlur64dsvan7,did:plc:tikddq57a4n5hcmwf4qau4cw,2,brenda2026.bsky.social,heherenow.bsky.social
did:plc:2mxadfg4ck5lwlur64dsvan7,did:plc:u267soeworzguqh4kynafhw6,1,brenda2026.bsky.social,birdman313.bsky.social
did:plc:2mxadfg4ck5lwlur64dsvan7,did:plc:uxbemr4loyumy52no7rzz4fy,1,brenda2026.bsky.social,scharrsilicio.bsky.social
did:plc:2mxadfg4ck5lwlur64dsvan7,did:plc:x4gytg5tteopiytqzwuq7z3q,3,brenda2026.bsky.social,jsiege226.bsky.social
did:plc:2mxadfg4ck5lwlur64dsvan7,did:plc:yn3ny7avvsnk5gd4mipquy5t,2,brenda2026.bsky.social,buckmcw.bsky.social
did:plc:2mxadfg4ck5lwlur64dsvan7,did:plc:zcifiaokjuznmkasf6zn347d,2,brenda2026.bsky.social,flybyknite.bsky.social
did:plc:2nqzez5fazuqkdizopp4qc65,did:plc:srnkqtcpptdtesojmwbgoek2,1,sabreenajm.bsky.social,rodger.bsky.social
did:plc:2nt35xnwkroypi6jlkkujgdw,did:plc:6xavmse54akxck7wlul3k5d5,1,yungkarp.bsky.social,fiveburger.bsky.social
did:plc:2nuztdyjqlhatqgovsik6c44,did:plc:nspqsv2dplvzqmxnpu5ysucy,1,secretcleveland.bsky.social,letsberational.bsky.social
did:plc:2nuztdyjqlhatqgovsik6c44,did:plc:u46ezms4bxhmxgwfcqvawpzm,1,secretcleveland.bsky.social,stu4calde.bsky.social
did:plc:2nuztdyjqlhatqgovsik6c44,did:plc:zgw663lwxmujmen5k4jmjair,1,secretcleveland.bsky.social,danfavale.bsky.social
did:plc:2o7xry3hdskq4bg5kiybzsfp,did:plc:e62gb2ushvtvjvqcbrxeaw2n,1,mattv907.bsky.social,chrislhayes.bsky.social
did:plc:2ojkadu4mysnct2ge5xkifjj,did:plc:3h62rwjpvx3b56ab6vhsql45,2,anticharisma.bsky.social,celticsbakitbol.bsky.social
did:plc:2ojkadu4mysnct2ge5xkifjj,did:plc:mryaxzsm6tkfidpzcrnmuizr,3,anticharisma.bsky.social,misterhouse.bsky.social
did:plc:2pih5kfbkffjuisb6pdpvqji,did:plc:6beluo5xgn65lmsf6x6xqq6x,1,clydes46.bsky.social,billoram.bsky.social
did:plc:2ptstb2velyoegd7liy6w2u6,did:plc:2emupgm6taztttxwrjk4qk22,1,elbowsuk.bsky.social,1robgunther.bsky.social
did:plc:2pwapmv5aopc73qckdrfdb7g,did:plc:cve7yepwg5yidccl2bh4bhaj,2,dadloop.bsky.social,itsnothardev.bsky.social
did:plc:2pwapmv5aopc73qckdrfdb7g,did:plc:x475leqwn2hahjrwav5kdhke,1,dadloop.bsky.social,carcelmousineau.bsky.social
did:plc:2py26y2vffajxu6uexbfbyg4,did:plc:k3srwxbpuliwhboqnmpcnel6,1,mitchellnba.bsky.social,curdgirl.bsky.social
did:plc:2pyjxgay3kefwi77kyeuegyo,did:plc:ohgtlharvpqu6wojus3n5fqd,1,kinglebenj.bsky.social,vlime286.bsky.social
did:plc:2q2ii242okggdmtcgfnuip7e,did:plc:gbqg6xdusjtodg2elugvvgd3,2,brianrecca.bsky.social,mikeferrin.bsky.social
did:plc:2qb4s5guhoboindal3v54jab,did:plc:sa73fbx3vxzh2fw5pu5wmief,1,shamr0cker.bsky.social,shamsbot.bsky.social
did:plc:2qetlnwkegd3ytcdt3m7lhaw,did:plc:e62gb2ushvtvjvqcbrxeaw2n,1,se7endeadly.bsky.social,chrislhayes.bsky.social
did:plc:2qh7zmoga2fetmkx7fvz5hgo,did:plc:zhpkebdshppwtxgsojnracco,1,mclt70.bsky.social,ecos1234.bsky.social
did:plc:2qofjjng4iw4ilru7r2lcrgo,did:plc:cdptgcldnlax3nytf2uqvka6,1,mkfreigeist.bsky.social,davidharper.bsky.social
did:plc:2qujlilbeotvfgzgnvqpyijd,did:plc:dqttaqakyjxaizyk4isfk4ap,1,sinmael.bsky.social,piratasdelbasket.bsky.social
did:plc:2r2kl6rv7do46qkwzmaxq3t2,did:plc:ivhu6uvhqoa2eg43psnakdcq,1,zoneleft.bsky.social,mkeyser.bsky.social
did:plc:2rbb3i4gwfosgvaces5ohobz,did:plc:3h62rwjpvx3b56ab6vhsql45,1,ramblinwreck34.bsky.social,celticsbakitbol.bsky.social
did:plc:2rbb3i4gwfosgvaces5ohobz,did:plc:7sfnardo5xxznxc6esxc5ooe,1,ramblinwreck34.bsky.social,nba.com
did:plc:2rbb3i4gwfosgvaces5ohobz,did:plc:enpunz2yc5pcyo6u2eckux3c,1,ramblinwreck34.bsky.social,xskarma.bsky.social
did:plc:2rbb3i4gwfosgvaces5ohobz,did:plc:lldgxx4auj7zsd2fp4hbory3,1,ramblinwreck34.bsky.social,markjonesespn.bsky.social
did:plc:2rbb3i4gwfosgvaces5ohobz,did:plc:mx62ni2prhriaagd7jfa65zk,1,ramblinwreck34.bsky.social,stevejones20.bsky.social
did:plc:2rcvzmjmyvgsyivlwyzjnbcm,did:plc:ibf3im5ak3m2tkkzkj6asan5,1,3daydog.bsky.social,soulwithoutaking.bsky.social
did:plc:2repyqw52n4blsblgsakpans,did:plc:wajdvjtbxxz4b5tbhs7iixbs,1,ajp35.bsky.social,vasudevank.bsky.social
did:plc:2rgjhxyg2uiqthppcuxilx63,did:plc:gvucvl34teur2guahl35z655,1,cythehknbafan.bsky.social,spiralking101.bsky.social
did:plc:2rgjhxyg2uiqthppcuxilx63,did:plc:paf4vetn26bu7uggsie3vyrc,1,cythehknbafan.bsky.social,lawmurraythenu.bsky.social
did:plc:2rpoavplbbujrpb3a3gxkmvk,did:plc:26375peygwnrijoepmy2fdcs,1,samishopeful.bsky.social,washingtonstatestandard.com
did:plc:2slariqaoybf26jw4bub5nzw,did:plc:ifz5p65qyxrfnkwkphrhthv3,1,saintfdw.bsky.social,16bitjrpgnpc.bsky.social
did:plc:2slariqaoybf26jw4bub5nzw,did:plc:st7tvfpjplh3pecj3ahabprr,2,saintfdw.bsky.social,joemoreland.bsky.social
did:plc:2slariqaoybf26jw4bub5nzw,did:plc:tb4afcezemqghwboih4vxlfb,1,saintfdw.bsky.social,la-33.bsky.social
did:plc:2slcdlvvlslp22eluhonmk43,did:plc:7sfnardo5xxznxc6esxc5ooe,1,shrimpzzzzz.bsky.social,nba.com
did:plc:2sr3xlpvgaggyn5kul4mg7vx,did:plc:ptilbtx2nhrcmippqh7salyj,1,canaryb1rd.bsky.social,lzamparo.bsky.social
did:plc:2su6e6a6pvnmehjhexwconsc,did:plc:vaevyimmc6eat2rqyupxarhy,3,circlecitygay.bsky.social,midwestache.bsky.social
did:plc:2trqx5atmlqhomzz5ooepl2u,did:plc:h5s3fxfvfxsle5q6j4p3ozfv,1,iproducepassion.bsky.social,dallasnews.com
did:plc:2ul2dl4kh4kg5yubv4c7r7jz,did:plc:zrqj3z3do5enfhe4b6rkbn66,1,basedacid.bsky.social,tlfrankking.bsky.social
did:plc:2uy3a525zoipgq3qbdftd6he,did:plc:iw2fcarz3gvsu5ilpa55v47o,1,sandypbw.bsky.social,hmdob.bsky.social
did:plc:2vbgyoanykvgik4cmx2p5bds,did:plc:ip5w6fpcwpr7dmyqupslynwr,1,atk825.bsky.social,pahhl.bsky.social
did:plc:2vhiaboxueyycu2rgjolu4a2,did:plc:e62gb2ushvtvjvqcbrxeaw2n,1,ben9311.bsky.social,chrislhayes.bsky.social
did:plc:2vhiaboxueyycu2rgjolu4a2,did:plc:t4i3a4fawuzge3dsw2i2h2fw,1,ben9311.bsky.social,markjacob.bsky.social
did:plc:2vqapvca7c4hrvbkxwaye2gt,did:plc:maqxe4oag6x7caxpmk65iilo,1,blackmanbeyond.bsky.social,otsumamiboy.bsky.social
did:plc:2vrbb5rfcqez75pn22ilh7i3,did:plc:5ag3merphqeyefi4exghzz3h,1,garrt.bsky.social,moniquely-uniq.bsky.social
did:plc:2vrcm3xzzil3hl2ztbtizgr5,did:plc:sa73fbx3vxzh2fw5pu5wmief,1,mavsfa.bsky.social,shamsbot.bsky.social
did:plc:2vrcm3xzzil3hl2ztbtizgr5,did:plc:sswob3gs5mv3fkvioo2hactj,1,mavsfa.bsky.social,edithpusi.bsky.social
did:plc:2vueglf2njr5gvdbaf75ih6a,did:plc:b54q47dfk2prlgzvqe4sflpw,1,socksthewolf.com,valakyrhusky.bsky.social
did:plc:2vx7moe4gf6qh3x5s4pokkie,did:plc:urtzlgohgpyod45hftk3tzne,1,ashleysays.bsky.social,lotusprime.bsky.social
did:plc:2weliynx525fea6dtohvtxz6,did:plc:bvn5oncrh2mie4nxuzbiqjmi,1,mosyadig.bsky.social,juliapoe.bsky.social
did:plc:2weliynx525fea6dtohvtxz6,did:plc:j24jtz7xkt5ttdsk32mmpkvn,1,mosyadig.bsky.social,johnhollinger.bsky.social
did:plc:2weliynx525fea6dtohvtxz6,did:plc:s2ibun2lfcftexxcqsr4ryce,1,mosyadig.bsky.social,michaelvpina.bsky.social
did:plc:2wwflvxna4jrpoqonds4ro6m,did:plc:c5a54x2c4omkwvey53ovxqga,1,mtlsimon11.bsky.social,juliemarion27.bsky.social
did:plc:2wzcfgjr5xxo4vhjwwfoxcl3,did:plc:ozrhqae34vzv6mso2hsym65i,1,numptybus.bsky.social,omarisankofa.bsky.social
did:plc:2wzlspqgblu3rew5y2mx42dv,did:plc:b2kutgxqlltwc6lhs724cfwr,1,xjames.bsky.social,theathletic.com
did:plc:2wzlspqgblu3rew5y2mx42dv,did:plc:j7paupbxyci7mgz2hqvyvlts,1,xjames.bsky.social,bulletsforever.bsky.social
did:plc:2x44qxt4w3kkgam4pbgwrzec,did:plc:26375peygwnrijoepmy2fdcs,1,roqgarcia.bsky.social,washingtonstatestandard.com
did:plc:2xfccxia4t234diuubuqqkkn,did:plc:kwlvdsth3xvfq7rmtm22ch45,1,jasonlogic.bsky.social,roguestardust.bsky.social
did:plc:2xfccxia4t234diuubuqqkkn,did:plc:sskboyevrvghclhrrgpttls5,1,jasonlogic.bsky.social,ericapricot.bsky.social
did:plc:2xfccxia4t234diuubuqqkkn,did:plc:uqtnb34oh7coqgyvk3ghtqcv,1,jasonlogic.bsky.social,kinefresh.bsky.social
did:plc:2xgr42khac5hvt7ub3ss2hr6,did:plc:gt3unljcqhimumy5zgosk3gv,1,amy.wrestlejoy.com,davidbix.bsky.social
did:plc:2xmyrlbajfevm6xebndvbyu4,did:plc:y6mnkfafujit6y7ugiiea3kh,1,shadowtodd.bsky.social,spectrum-pulse.ca
did:plc:2xsjeksmt5podv6wmduiccbc,did:plc:bt6ylpdzh4qrcjidycbrefin,2,avi-wa.bsky.social,norseofbroad.bsky.social
did:plc:2xsjeksmt5podv6wmduiccbc,did:plc:cyflytcyyyhawlrnnwiv25nd,3,avi-wa.bsky.social,btoporek.bsky.social
did:plc:2xsjeksmt5podv6wmduiccbc,did:plc:fub72umhin72ipq7x7pt6qxk,5,avi-wa.bsky.social,obid2473.bsky.social
did:plc:2xsjeksmt5podv6wmduiccbc,did:plc:mwvedanqm5p36jq4rxt7upfz,1,avi-wa.bsky.social,joeyd03.bsky.social
did:plc:2xydl7c2xj6j5xsabwwj4par,did:plc:lxwsskmpbdofkuwozafhlrzh,1,jonnyauping.bsky.social,jsallen.bsky.social
did:plc:2ygoi6lvcgc6zu52czabdcb7,did:plc:vg2euqkwy7x3zjfwozsqipci,1,manolowest.bsky.social,mmontes.bsky.social
did:plc:2yhglxsi2owchryafic2gmr3,did:plc:2ymcxnqhorvnjzzx6otrakkt,1,dbrauer.net,nateobermiller.bsky.social
did:plc:2yhglxsi2owchryafic2gmr3,did:plc:33dstzztb2h7arh7gprclwpw,1,dbrauer.net,snyde043.bsky.social
did:plc:2yhglxsi2owchryafic2gmr3,did:plc:yya6wnyy4abb6hgkypepoz5o,3,dbrauer.net,frightwig.bsky.social
did:plc:2yopcopwunselnvl3nefn7uj,did:plc:izehxvvqo37nfna3245hhtt3,1,fourtytwothirteen.bsky.social,stephnoh.bsky.social
did:plc:2z4tsx66ojfmi3vj5gfya5ib,did:plc:7lvxwobg2zrzgwpepyzxxjev,1,martyvburen.bsky.social,dirtbagqueer.rocks
did:plc:2z4tsx66ojfmi3vj5gfya5ib,did:plc:cbtoiyqupgu2mcqlex7hve6a,1,martyvburen.bsky.social,aklingus.bsky.social
did:plc:2z4tsx66ojfmi3vj5gfya5ib,did:plc:dz7swnlgzjnxehyud3654vqd,1,martyvburen.bsky.social,janecoaston.bsky.social
did:plc:2z4tsx66ojfmi3vj5gfya5ib,did:plc:lrm2eort5nk5akxisfg5efal,1,martyvburen.bsky.social,mavus15.bsky.social
did:plc:2z4tsx66ojfmi3vj5gfya5ib,did:plc:pjy44evqbyz2kpv6l5whtggl,1,martyvburen.bsky.social,ethosfantasynba.bsky.social
did:plc:2z4tsx66ojfmi3vj5gfya5ib,did:plc:tqgq72dikzoej2nilprdok6y,1,martyvburen.bsky.social,mattburdetsky.bsky.social
did:plc:2z4tsx66ojfmi3vj5gfya5ib,did:plc:x2ipadmj66yjvdqdc6s6xhwf,1,martyvburen.bsky.social,lpp.bsky.social
did:plc:2z4tsx66ojfmi3vj5gfya5ib,did:plc:yvy5ax23zpmoearxn6xsgqzf,1,martyvburen.bsky.social,btrowland.bsky.social
did:plc:2z4tsx66ojfmi3vj5gfya5ib,did:plc:zhut4cqffjxwyxb3d4hnp7l3,1,martyvburen.bsky.social,ortuttnauer.com
did:plc:2zak4e3p3pstqr3t5qlb7jaa,did:plc:fqsmj7o5mbb7n7oav2kkjuid,1,craigstewart.bsky.social,nbastat.bsky.social
did:plc:2zczbhjby3mgvbcynmnghfn2,did:plc:ddcmdof4k5iklckr2almtwkm,3,africanprincess7.bsky.social,mattmurph24.bsky.social
did:plc:2zljys5vnjbchu5kirh2pso3,did:plc:d4efknp4wiaz4ouegn3rcqru,1,themixjazz.bsky.social,nessaphelan.bsky.social
did:plc:2zvcxfqucxh6ceajtazrz4nj,did:plc:xel22izwl4cxi7iluakej6qd,1,maxellxlii.bsky.social,jeffreywuhl.bsky.social
did:plc:2zzcbttrdksv74zfz3egfcyf,did:plc:4xaad7thmc4uqdhefbq6vizm,1,reddtrain.bsky.social,johnbull.wtf
did:plc:2zzcbttrdksv74zfz3egfcyf,did:plc:7sfnardo5xxznxc6esxc5ooe,1,reddtrain.bsky.social,nba.com
did:plc:2zzcbttrdksv74zfz3egfcyf,did:plc:spsiktarvi5xbscebukb6kzc,1,reddtrain.bsky.social,samwi5e.bsky.social
did:plc:2zzcbttrdksv74zfz3egfcyf,did:plc:urtzlgohgpyod45hftk3tzne,1,reddtrain.bsky.social,lotusprime.bsky.social
did:plc:2zziledmohtls23suo47wers,did:plc:6yldqhxynki4isg36iszsvr3,1,jgerardi.bsky.social,profootballtalk.bsky.social
did:plc:32bej6vntvbtzd34yqogxk3v,did:plc:ytgguhxzb2hab3cpbzkiymss,1,heptaglemious.bsky.social,medcrisis.bsky.social
did:plc:32nzkhgaqts3uiwf734q63hx,did:plc:rsneezcrz7a7cruq5qdeotdb,1,mattprivratsky.bsky.social,profcedar.bsky.social
did:plc:32wf2tdbchgci235ycgkbxi3,did:plc:5e7udjobn7kkdja5enwuv3et,2,aguyuno.bsky.social,sprtjnky.bsky.social
did:plc:32wf2tdbchgci235ycgkbxi3,did:plc:bumu6s332o24fppobse7j3ms,1,aguyuno.bsky.social,matttomic.bsky.social
did:plc:33cbg4kc77hgxkd7bt6ddknp,did:plc:luofuy2uw7g4vsd2vbwidtel,1,uncledoze.bsky.social,keithsmithnba.bsky.social
did:plc:33dstzztb2h7arh7gprclwpw,did:plc:2yhglxsi2owchryafic2gmr3,1,snyde043.bsky.social,dbrauer.net
did:plc:33dstzztb2h7arh7gprclwpw,did:plc:2ymcxnqhorvnjzzx6otrakkt,1,snyde043.bsky.social,nateobermiller.bsky.social
did:plc:33dstzztb2h7arh7gprclwpw,did:plc:32nzkhgaqts3uiwf734q63hx,1,snyde043.bsky.social,mattprivratsky.bsky.social
did:plc:33dstzztb2h7arh7gprclwpw,did:plc:aybotarrzwf3by4mhvtzyk5b,1,snyde043.bsky.social,benschleuss.bsky.social
did:plc:33el5erhbf5lckfhhj256ksf,did:plc:f6fbiilymypwoezyvorxt653,1,waldofoz.bsky.social,utm.bsky.social
did:plc:33el5erhbf5lckfhhj256ksf,did:plc:g2aq2tld5ukrbi7txlusrfel,1,waldofoz.bsky.social,johngonzalez.bsky.social
did:plc:33el5erhbf5lckfhhj256ksf,did:plc:ov7yyu2taf5uzitjznhc2rto,1,waldofoz.bsky.social,modakhilnba.bsky.social
did:plc:33pa64a4pmst5pzckxwuzktb,did:plc:u75rzjui2ibb3ty2hst6fbuo,1,msnic0315.blacksky.app,blaqabstract.blacksky.app
did:plc:344bg26awfjupa3onnqgaliz,did:plc:qxzivh5uhnv2ztr242wd4jnk,1,mrzero27.bsky.social,fcartoscelli3.bsky.social
did:plc:34fuesidl3hsxqlmnrjfrduj,did:plc:xlulqhjwqq6alvjkht57sbm5,1,beermetuna.bsky.social,rawnba.bsky.social
did:plc:34lib4u32uqt3fbigrcunhvl,did:plc:vc7f4oafdgxsihk4cry2xpze,1,thegrimrecapper.bsky.social,jcsalterego.bsky.social
did:plc:34tvguf5y6vdim3uqi6st6kg,did:plc:vgwy2b3rrcewfdazrkanjbg4,1,dallinturner.bsky.social,veryimportant.lawyer
did:plc:35d6in77nshk2eu6vxx2l5wn,did:plc:7ipgcos2r6hn6yrixtrnjz5n,1,mdwdfw.bsky.social,joelreinstein.bsky.social
did:plc:35d6in77nshk2eu6vxx2l5wn,did:plc:xmqfcnozngferecpmmu73i4v,1,mdwdfw.bsky.social,joeovies.bsky.social
did:plc:35fn3m7ocm2ammvpzoiesh7j,did:plc:t5tbhtg7nl45vkaqx7etqkof,1,loki1001.bsky.social,waitingforthetrade.bsky.social
did:plc:35l43xgxdjsjra5lyvc7xbnz,did:plc:cyflytcyyyhawlrnnwiv25nd,1,oldmanslade.bsky.social,btoporek.bsky.social
did:plc:35lktqpeh5klf77fjululglh,did:plc:3gncepcx5pfa5xu4n72ia2j7,1,mitchnobis.bsky.social,lakewoodohguy.bsky.social
did:plc:35lktqpeh5klf77fjululglh,did:plc:b6ifksscllmlnu43f3znvnw2,2,mitchnobis.bsky.social,oobh.bsky.social
did:plc:35lktqpeh5klf77fjululglh,did:plc:jxr3rg4xieybiezq376kellz,1,mitchnobis.bsky.social,alainawiens.bsky.social
did:plc:35lktqpeh5klf77fjululglh,did:plc:r6qbn7irjsndanfv5v3mdydo,2,mitchnobis.bsky.social,sarahjp81.bsky.social
did:plc:35ltonsyudlcxljeoabbzjzp,did:plc:paf4vetn26bu7uggsie3vyrc,1,johnbud.bsky.social,lawmurraythenu.bsky.social
did:plc:35ltonsyudlcxljeoabbzjzp,did:plc:pqjcxw3yphmvjaq7dzw2jnat,1,johnbud.bsky.social,richhomieflom.bsky.social
did:plc:35qwfv3hwa7ffba62lio7wpx,did:plc:2apohx2tdagf752komnr5bmi,1,jimvanallen.bsky.social,tjay56.bsky.social
did:plc:35uepw63tghwbewxhzyemxfx,did:plc:tgizvfwtri5npzhhs7g72tvo,1,gourmetspud.bsky.social,leighellis.bsky.social
did:plc:35w3f3hsu75vvgvxwiq4uyax,did:plc:7sfnardo5xxznxc6esxc5ooe,1,stevezorowitz.bsky.social,nba.com
did:plc:35wk3pxx26x4p3yesip4xwud,did:plc:5hnhc5gto2qbhwfqumds23x4,1,dbr81.bsky.social,jacoboleon.bsky.social
did:plc:35wk3pxx26x4p3yesip4xwud,did:plc:7ksdv5tdc5pgtzjdc3mm6r2g,1,dbr81.bsky.social,diario.red
did:plc:363cn3qkdwze3yu73yqybmms,did:plc:ruyan275nwz5dv7eju7pvf2a,1,jonbecker.bsky.social,clehmann.bsky.social
did:plc:36qanyqajh4needn225gqpop,did:plc:pmj4qr7kz2luz2zylybd4doo,1,seangohabsgo.bsky.social,ericengels.bsky.social
did:plc:36qanyqajh4needn225gqpop,did:plc:ykqb2yhkbm4ngkn442k64zrc,1,seangohabsgo.bsky.social,thehockeywriters.bsky.social
did:plc:36rk2pl5bhjfuqzginc34qap,did:plc:xsvfffxjw2dvdw32q4zkxfta,1,dognozzle.bsky.social,rey-rey.net
did:plc:36s4sicyg4gnff4uu5tvc2gq,did:plc:jnskgrxaewd7hpoubesrwsvd,1,foxgazegrimoire.bsky.social,notkoze.trashmammal.club
did:plc:37qyq72guchhfo6ijj25d4if,did:plc:cyflytcyyyhawlrnnwiv25nd,1,sirfache.bsky.social,btoporek.bsky.social
did:plc:3af3rnqegwm2injrriym42mx,did:plc:2rbb3i4gwfosgvaces5ohobz,1,greennhornn.bsky.social,ramblinwreck34.bsky.social
did:plc:3ag6mcyvjgnjebcg6fu5vf5f,did:plc:476maad6nfijz7nx3ecioac6,1,yuriandmalcolm.bsky.social,olehkosel.bsky.social
did:plc:3ag6mcyvjgnjebcg6fu5vf5f,did:plc:sgqjyy7esbpurpqbx3m3gzli,1,yuriandmalcolm.bsky.social,whpshw.bsky.social
did:plc:3akpzunu3a4pw7mvqsezq5j2,did:plc:anbfmokueo5cgdau3yd6p4mu,1,rfcapsmoustache.bsky.social,nextyeardc.com
did:plc:3bhfzb5qpaqnrog44h324htt,did:plc:b5rkvkcxk6derdf5m3ijlj7x,1,marvinh.bsky.social,circuitrider74.bsky.social
did:plc:3bm6kdqanmpvustc3b4aujhc,did:plc:rx7vhxnxz5nfgmhunj5wk5kl,1,lukeybonner.bsky.social,sprotsbot.bsky.social
did:plc:3bm6kdqanmpvustc3b4aujhc,did:plc:stnds3lpe36fa2nb4msw42rg,1,lukeybonner.bsky.social,honestlarry.bsky.social
did:plc:3bskuhu5fv2azw6cmf7xf64q,did:plc:lx4t3d5zslulemkjbud6s4jb,1,brgulker.bsky.social,seancorp.bsky.social
did:plc:3bskuhu5fv2azw6cmf7xf64q,did:plc:zkgbnj6gmpdnumdt53plwp6h,1,brgulker.bsky.social,basedpistons.bsky.social
did:plc:3c4hzce2ih3ldgbjmawrre3n,did:plc:yvy5ax23zpmoearxn6xsgqzf,2,coledaynhell.blacksky.app,btrowland.bsky.social
did:plc:3civwwvxtmyklqdj6gy6gb4x,did:plc:qhwaaftbnk7lid5mbtalykyu,1,lwschu.bsky.social,jmcdanielsstpen.bsky.social
did:plc:3civwwvxtmyklqdj6gy6gb4x,did:plc:sa73fbx3vxzh2fw5pu5wmief,1,lwschu.bsky.social,shamsbot.bsky.social
did:plc:3cogpkezuxjaap3nlkavfqh6,did:plc:2emupgm6taztttxwrjk4qk22,1,calenyc.bsky.social,1robgunther.bsky.social
did:plc:3cturggb7kjajt43eonktfkv,did:plc:2ojkadu4mysnct2ge5xkifjj,1,bizzless.bsky.social,anticharisma.bsky.social
did:plc:3das4o2tswwjsxr4ftsoauku,did:plc:sa73fbx3vxzh2fw5pu5wmief,1,mcnadroj.bsky.social,shamsbot.bsky.social
did:plc:3dbgsoqxjtipshp2muogmbb4,did:plc:wmqeyoxhxyod73wcot4sqhe7,1,bonhoefferfan.bsky.social,jonhamm.bsky.social
did:plc:3dcnhvejpfttjtji4zesuulh,did:plc:lldgxx4auj7zsd2fp4hbory3,1,tonysmiles.bsky.social,markjonesespn.bsky.social
did:plc:3dntrw2tey6lbl62iw3bx7rr,did:plc:sa73fbx3vxzh2fw5pu5wmief,1,bigror.bsky.social,shamsbot.bsky.social
did:plc:3drdiqqaid64pk375jx5kufm,did:plc:lmpsrhr4uqujljodp5ibb37g,1,biggamille.bsky.social,nbaskythreads.bsky.social
did:plc:3ectqo6hhpu52yyw27c4wfiw,did:plc:44ys7gijqhhnzyubtzkupca3,1,smurfmasterjym.bsky.social,paulknepper.bsky.social
did:plc:3elnifq2npr3iwnblgymizby,did:plc:6beluo5xgn65lmsf6x6xqq6x,1,manzanman.bsky.social,billoram.bsky.social
did:plc:3em7xc6dl62j2sehmlhc3sx7,did:plc:bhdhzcuvh7hbvrhgfjzxcxqu,1,turdbomb.bsky.social,bendowsett.bsky.social
did:plc:3ezsejqd7pe4luuyktl3lnrt,did:plc:luofuy2uw7g4vsd2vbwidtel,1,pasirrr.bsky.social,keithsmithnba.bsky.social
did:plc:3f6iyy3dx2zaa2bcc67iitv4,did:plc:ruf2qkwqewqgtwhtyv3nyly5,1,clshoaf.bsky.social,aw5.bsky.social
did:plc:3frghichbyxbptt4yilftw54,did:plc:2b3iopmiybjp7vxhnflsic7t,1,brimaried.bsky.social,recentlyreaped.bsky.social
did:plc:3fvxlsb2pgtfoxdzzpklkcpt,did:plc:zgn2mtu5aynj7al5cfsih36j,1,john4john.bsky.social,michaelgrangenba.bsky.social
did:plc:3fz3f7odtxdlhbmywekgjfeb,did:plc:dvrzguaa6jhg3bqi5oc4m7da,1,electicskeptic.bsky.social,willielopezshow.bsky.social
did:plc:3gjdstp7rb4uv3lz26tgvrp5,did:plc:35uepw63tghwbewxhzyemxfx,1,sergenatpac.bsky.social,gourmetspud.bsky.social
did:plc:3gjdstp7rb4uv3lz26tgvrp5,did:plc:6beluo5xgn65lmsf6x6xqq6x,1,sergenatpac.bsky.social,billoram.bsky.social
did:plc:3gmqzj4gplzzpphv3sc5bted,did:plc:5zvwgexrvlusnekgajr47pgl,3,rk0694.bsky.social,turtlyburtly.bsky.social
did:plc:3gmqzj4gplzzpphv3sc5bted,did:plc:fqsmj7o5mbb7n7oav2kkjuid,1,rk0694.bsky.social,nbastat.bsky.social
did:plc:3gmqzj4gplzzpphv3sc5bted,did:plc:sa73fbx3vxzh2fw5pu5wmief,1,rk0694.bsky.social,shamsbot.bsky.social
did:plc:3gncepcx5pfa5xu4n72ia2j7,did:plc:35lktqpeh5klf77fjululglh,1,lakewoodohguy.bsky.social,mitchnobis.bsky.social
did:plc:3gyopeekzw2spep6webglo7m,did:plc:s2ibun2lfcftexxcqsr4ryce,1,johnplauche.bsky.social,michaelvpina.bsky.social
did:plc:3h2zybquagceemhvmtst6mlt,did:plc:jbyt5dbfvynhlobncmdtk6uv,2,nastybilly22sean.bsky.social,gaychel.bsky.social
did:plc:3h4rdvjkdpqazd4wqsaf66kq,did:plc:k6jgbx7wc657rq2tzziyxhti,2,kalima-monzonica.bsky.social,tediosa-miss.bsky.social
did:plc:3h62rwjpvx3b56ab6vhsql45,did:plc:2ojkadu4mysnct2ge5xkifjj,2,celticsbakitbol.bsky.social,anticharisma.bsky.social
did:plc:3h62rwjpvx3b56ab6vhsql45,did:plc:ov3ixpbcdxxd4ueau3slthet,4,celticsbakitbol.bsky.social,joelvideo.producer.blue
did:plc:3h62rwjpvx3b56ab6vhsql45,did:plc:yhuw4za5cbuqupk53ryhixmr,1,celticsbakitbol.bsky.social,redroundball.bsky.social
did:plc:3hhwqcg3b5stnx7rzgzuzl6c,did:plc:7dlhmih6zwcpsu3e54yykpvp,1,gardenhomesboy.bsky.social,kofie.bsky.social
did:plc:3hs5iacd3wj4khfppkl3y33x,did:plc:26375peygwnrijoepmy2fdcs,1,ahsierra.bsky.social,washingtonstatestandard.com
did:plc:3i36bv72fw6kihthsfjps3zw,did:plc:sa73fbx3vxzh2fw5pu5wmief,1,icarusmorning.bsky.social,shamsbot.bsky.social
did:plc:3ih5xlzzq6bvfgooj7vfapkp,did:plc:nztbvvo2gl4227zuxjf7gog3,1,peterrichardson.bsky.social,ddayen.bsky.social
did:plc:3ik6ve4ak5ofgnvwkkdnftix,did:plc:4c52qi4soqlkztr25if723fv,1,shaqapopolis.bsky.social,bryantwebster.bsky.social
did:plc:3ik6ve4ak5ofgnvwkkdnftix,did:plc:cegqm5o2fwtbt66gufrpigt5,1,shaqapopolis.bsky.social,stfu.dad
did:plc:3ik6ve4ak5ofgnvwkkdnftix,did:plc:ktinr6kcuhf2qofrjl64bdqy,1,shaqapopolis.bsky.social,mrmeeeps.bsky.social
did:plc:3ik6ve4ak5ofgnvwkkdnftix,did:plc:z2mu7un3ide4bpb2j3ovbo7k,1,shaqapopolis.bsky.social,mensie.bsky.social
did:plc:3iu4lqha2u6ucmxmtds2j4sf,did:plc:3bm6kdqanmpvustc3b4aujhc,1,justinquinnn.bsky.social,lukeybonner.bsky.social
did:plc:3iu4lqha2u6ucmxmtds2j4sf,did:plc:stnds3lpe36fa2nb4msw42rg,1,justinquinnn.bsky.social,honestlarry.bsky.social
did:plc:3j6ylueijp3whsii4uq4h23i,did:plc:luofuy2uw7g4vsd2vbwidtel,1,octogonal.bsky.social,keithsmithnba.bsky.social
did:plc:3jbgblosjrq7bu7g2kahupqo,did:plc:nk756gkpj52ryc6gaorkvctp,2,wax80.bsky.social,nbacobwebs.bsky.social
did:plc:3kfqfbhhbp64oaixubs4qusw,did:plc:gsp6ruxysql6usrtbs5cbepd,1,itswanda.bsky.social,hakman70.bsky.social
did:plc:3kfqfbhhbp64oaixubs4qusw,did:plc:qwh2jhvps4nfrmcrbyevsigy,3,itswanda.bsky.social,chieftabi.bsky.social
did:plc:3kpuoy4ilxec4kk6wlw5dqjz,did:plc:5mwzab7hqvfjrfhstxxu5drw,1,ralphintheridge.bsky.social,foreverhockey.bsky.social
did:plc:3lll7k2xnrmffqasbza5mi4c,did:plc:e3ktrbooe3mildj4hhwhsvtc,1,phillyinz.bsky.social,mikeascotto.bsky.social
did:plc:3lll7k2xnrmffqasbza5mi4c,did:plc:e62gb2ushvtvjvqcbrxeaw2n,1,phillyinz.bsky.social,chrislhayes.bsky.social
did:plc:3lll7k2xnrmffqasbza5mi4c,did:plc:sa73fbx3vxzh2fw5pu5wmief,1,phillyinz.bsky.social,shamsbot.bsky.social
did:plc:3lnfl23qvbuxg7oljq2mgytb,did:plc:q3fi25au634c4yojnysqzlrj,1,snapwilson.bsky.social,teamziller.bsky.social
did:plc:3lpnpmjzjgo74kdej2u352s7,did:plc:6xavmse54akxck7wlul3k5d5,1,baertini.bsky.social,fiveburger.bsky.social
did:plc:3lv2hgng44kivzw5i6ehqyva,did:plc:e3ktrbooe3mildj4hhwhsvtc,1,somanymonkeys.bsky.social,mikeascotto.bsky.social
did:plc:3m7oboq527wxiqgot7tnu3fe,did:plc:sgoisgg5ihykk4rkmleqcsuu,1,blackmerida.bsky.social,levakabas.bsky.social
did:plc:3maysedii4tlyvoknevwam4v,did:plc:mryaxzsm6tkfidpzcrnmuizr,1,rexvrex.bsky.social,misterhouse.bsky.social
did:plc:3mbla4uzz6yk4d2jb3xll6od,did:plc:m7cza327s4zp7qbdi6buyrf5,1,suburbanachiever.bsky.social,randsimon.bsky.social
did:plc:3mcljjluid46rbxexxqep3lr,did:plc:5x5juinjrbnmkmcotglexjpz,1,femmebanyama.bsky.social,harm-increasion.bsky.social
did:plc:3mgqsk4hsybzmwiegdbdim3v,did:plc:k5nskatzhyxersjilvtnz4lh,1,gprowler.bsky.social,washingtonpost.com
did:plc:3miydopadtxcap5d5dq7sydf,did:plc:7sfnardo5xxznxc6esxc5ooe,1,madoccassia.bsky.social,nba.com
did:plc:3miydopadtxcap5d5dq7sydf,did:plc:kbkn2wz2znozfitjwz3ijjxc,1,madoccassia.bsky.social,sirnemo.bsky.social
did:plc:3miydopadtxcap5d5dq7sydf,did:plc:sa73fbx3vxzh2fw5pu5wmief,1,madoccassia.bsky.social,shamsbot.bsky.social
did:plc:3mnofnzn4b6typ6omegujluv,did:plc:73bvnbh6ofsckfahjz7dnvl5,1,stlsparty.bsky.social,mccannsportslaw.bsky.social
did:plc:3mnofnzn4b6typ6omegujluv,did:plc:sgqlb2os5537waze4wjtfprl,1,stlsparty.bsky.social,sarahspain.com
did:plc:3msqolrtlhphllguimz76lyu,did:plc:idifviortq7ein242dx32diz,1,hammert1me.bsky.social,kris.com.co
did:plc:3msz4u75oukqhlw52filz6kp,did:plc:2emupgm6taztttxwrjk4qk22,1,menaburke.bsky.social,1robgunther.bsky.social
did:plc:3mxks5jq4v6ctaapu2pckzda,did:plc:a7c6twhnt55jededt24h7f4k,1,longcoolwoman.bsky.social,donbuddin.bsky.social
did:plc:3n6tlt4druahl6g5qwwj5hmh,did:plc:4xpj3xjxsxxcuh3ghaulzdqu,1,topherj.bsky.social,yourmandevine.bsky.social
did:plc:3n6tlt4druahl6g5qwwj5hmh,did:plc:62ilh6mpf5wlszir7g5idimi,1,topherj.bsky.social,oneill4real.bsky.social
did:plc:3n6tlt4druahl6g5qwwj5hmh,did:plc:ekdq7eypiti77yscg6fhsujo,2,topherj.bsky.social,desertsquirrel2.bsky.social
did:plc:3n6tlt4druahl6g5qwwj5hmh,did:plc:gu4u6giqwrerdvaohrtwfv3q,1,topherj.bsky.social,therealhrdlicka.bsky.social
did:plc:3n6tlt4druahl6g5qwwj5hmh,did:plc:mswxkrqeqopbfegnmo4uhhjt,4,topherj.bsky.social,grizzrhys.bsky.social
did:plc:3n6tlt4druahl6g5qwwj5hmh,did:plc:pg3zlnog4fdtsy4yu6nh46fi,1,topherj.bsky.social,chrisherrington.bsky.social
did:plc:3n6tlt4druahl6g5qwwj5hmh,did:plc:sijg6fcx3czfj7xh556g5z7d,1,topherj.bsky.social,deepfriedcouch.bsky.social
did:plc:3nleporcnwks4ordl4y57vkj,did:plc:e62gb2ushvtvjvqcbrxeaw2n,1,uptowngbv.bsky.social,chrislhayes.bsky.social
did:plc:3nysgyurk3lihminqor65t4o,did:plc:cpogxgxnmob5jfz5eveuj4ry,1,michaelpacholek.bsky.social,robertsilverman.bsky.social
did:plc:3nysgyurk3lihminqor65t4o,did:plc:d5vcfslnbof6iscg6bkioloa,1,michaelpacholek.bsky.social,puddleofbrain.bsky.social
did:plc:3nyunco7y3uh7t3qorwivklk,did:plc:yaghcdmiwsjf2roeyytugfcd,3,bfj-mb.bsky.social,aavcocup.bsky.social
did:plc:3omcxrarbvi6fdnibxevxlpk,did:plc:bvjrspujbkkgebmjgmvvxxvz,1,chrismuellerpgh.bsky.social,markwade.bsky.social
did:plc:3omdvvpvoyszfezb7tmadpkv,did:plc:2vueglf2njr5gvdbaf75ih6a,1,robyn.wtf,socksthewolf.com
did:plc:3onuoywye3soiwu4jqxbtc2c,did:plc:j4spygbxn74y4dx2qejadwvk,1,rbnyc.bsky.social,adamzagoria.bsky.social
did:plc:3ottbl7m7tkptjmtm74jrgts,did:plc:i4ybqyma3vzqnkbgkubado5r,1,jyoz11.bsky.social,edgesports.bsky.social
did:plc:3ox5rz6rt47l2xiouoyt6kro,did:plc:k3i3d2xfibssxz2lbm45x54o,1,jaunxpatrol.bsky.social,joshgondelman.bsky.social
did:plc:3p2a6mkhk5fsodsgwt76lb7y,did:plc:mnfrg3uranmquicq6zz7gdij,1,clydebscro.bsky.social,thefarmerjones.bsky.social
did:plc:3pnl5tfhwskmsdui7u4uwmb4,did:plc:b6v54l7vnitivlnyqekh47xd,1,cdd727.bsky.social,tiwindisch.gspn.info
did:plc:3pntdwicww5rqhzwpvxiisn3,did:plc:2mxadfg4ck5lwlur64dsvan7,1,paulfischer.bsky.social,brenda2026.bsky.social
did:plc:3pntdwicww5rqhzwpvxiisn3,did:plc:e62gb2ushvtvjvqcbrxeaw2n,1,paulfischer.bsky.social,chrislhayes.bsky.social
did:plc:3pntdwicww5rqhzwpvxiisn3,did:plc:x4gytg5tteopiytqzwuq7z3q,1,paulfischer.bsky.social,jsiege226.bsky.social
did:plc:3prsc3gitkvnclrzgvtot27p,did:plc:zygfa5bwlqsgmhmczob6oqpj,1,johnsacrimoni.bsky.social,raptorsrepublic.bsky.social
did:plc:3psvdunpvbk72ifizvvtuhul,did:plc:bzy5rjjduvvkxno5xe3evl3f,1,auferre.bsky.social,lollardfish.bsky.social
did:plc:3q6yryd7iw3p4wrk5mnovh3b,did:plc:y5mgsa6px6eez6yc2yzfxxgu,2,nemchocke.bsky.social,blogabull.com
did:plc:3qanavwloqbsa52d63zjvmog,did:plc:cyflytcyyyhawlrnnwiv25nd,1,marcwhittington.bsky.social,btoporek.bsky.social
did:plc:3qeawu72gua4rm3n6sp6ejcx,did:plc:cyflytcyyyhawlrnnwiv25nd,1,johnchaumpjr.bsky.social,btoporek.bsky.social
did:plc:3qixifugimelj2uclkg33idv,did:plc:4xaad7thmc4uqdhefbq6vizm,1,jaredwade.bsky.social,johnbull.wtf
did:plc:3qk3uqajhwciw22xh7zlj3ui,did:plc:oafswsuam3nnnl5j5eoqnisl,1,fourthlinemagic.bsky.social,augustburnsroy.bsky.social
did:plc:3qtja3hzkjmz6hskpynham42,did:plc:ksk7qcnmmzycuwgn7b3bxnxm,1,sassynegress.bsky.social,actnbstrd.bsky.social
did:plc:3qyjt6nmrv3kxysmbfmkuizs,did:plc:fgwrpzmgwbcampapz3xvim4i,1,sharonawrites.bsky.social,marinermatt01.bsky.social
did:plc:3rlkbxu5kvgdgykfu2wm34rz,did:plc:l52v2oenghuiwuvp26sh6nym,1,lebowski76.bsky.social,bexthebard.bsky.social
did:plc:3rqhpjdncgde5bk45dvo2hfo,did:plc:2ftisfungz67x4uwuxxtpxnp,1,fanoftheland13.bsky.social,kfrown.bsky.social
did:plc:3rqhpjdncgde5bk45dvo2hfo,did:plc:6cuqboowqvkewzxpimn4xdh5,1,fanoftheland13.bsky.social,itspbtwo.bsky.social
did:plc:3rqhpjdncgde5bk45dvo2hfo,did:plc:ezy7ssyh2xckjxrj3almkg2l,2,fanoftheland13.bsky.social,jenaroo5.bsky.social
did:plc:3rqsnzjklridm7dxyxa6vcuj,did:plc:wveidvmniob6egctikkiu4hv,4,krazykudu.bsky.social,mentoch.bsky.social
did:plc:3sa4vkyepaii3tp2ihbjpg6p,did:plc:7p6w4wuijxq7f2bdtcnpk2gf,1,hairybusiness.bsky.social,nbeaudrot.bsky.social
did:plc:3saw24bvzgz5pnpvwqtfmqls,did:plc:tgd5fqgz2ivxphgui2x564cw,1,letthemsparkle.bsky.social,therealestjmark.bsky.social
did:plc:3sbw2ghtcngulcnjt5yyrzsr,did:plc:ank6pz6hhgvrtmwg7rmmw4fo,1,steves125.bsky.social,sltrib.com
did:plc:3stn7tt6yhp5aysjbfgfihxe,did:plc:n3il5tzui2slajj2ssqpgt2a,1,thesixthcourier.bsky.social,runtimeerror.blackskycomra.de
did:plc:3sv6fcfaqndsylahniftbkew,did:plc:5xkmnyxcbobjww3apfq5ulj7,2,highmynameishi.bsky.social,pleeber.bsky.social
did:plc:3sv6fcfaqndsylahniftbkew,did:plc:7dlhmih6zwcpsu3e54yykpvp,1,highmynameishi.bsky.social,kofie.bsky.social
did:plc:3sv6fcfaqndsylahniftbkew,did:plc:u46ezms4bxhmxgwfcqvawpzm,1,highmynameishi.bsky.social,stu4calde.bsky.social
did:plc:3sv6fcfaqndsylahniftbkew,did:plc:yvy5ax23zpmoearxn6xsgqzf,2,highmynameishi.bsky.social,btrowland.bsky.social
did:plc:3szbehbcyqiq3onx7nr6r7uz,did:plc:woxocmw6tzlypsx5gv6ocww5,1,solzyatthemovies.com,jstriebel.com
did:plc:3ta3t2ky2v45qwn6ctn4iaxu,did:plc:t4i3a4fawuzge3dsw2i2h2fw,1,dolorosasantos.bsky.social,markjacob.bsky.social
did:plc:3ta3t2ky2v45qwn6ctn4iaxu,did:plc:zcifiaokjuznmkasf6zn347d,1,dolorosasantos.bsky.social,flybyknite.bsky.social
did:plc:3tuhixispq7yevsn4fyzysqw,did:plc:twth7rse4wkrcjtpxxsvofzz,1,caro.uwy.rest,nonoharamalice.uwy.rest
did:plc:3tyqc7zofs3xqqizsadm6ukr,did:plc:irc6u67oyvewiwsn4mqmvx6r,1,wrightsaidnick.bsky.social,kenraining.bsky.social
did:plc:3umsedhn2zqqp3wjmsnzjxuu,did:plc:b2kutgxqlltwc6lhs724cfwr,1,85brettnolan15.bsky.social,theathletic.com
did:plc:3uuqepzcthwvmamvlr3zw7rc,did:plc:maldz2avjwc65hpb3lmmo7ai,1,jacksimone.bsky.social,tommyvon.bsky.social
did:plc:3v4zdbjl6ncxgjktvntnbu52,did:plc:hzjzvbdm4e4jd4ubqr5lfkxe,1,rjkeats98.bsky.social,scorpioshatasha.bsky.social
did:plc:3vm7hn73hvn6tqpc4bamkj7p,did:plc:r7rdolkpvvhlfhen6dnwrrhg,1,patrickchewinf.bsky.social,dtsavage.bsky.social
did:plc:3vqacgwdg2d4kwl47wou3sw5,did:plc:5tlwm4ujvnudrzndqubefgiu,1,sobesafc.bsky.social,danny.page
did:plc:3vrtws7qibiqus5h2wuq2at2,did:plc:cwqp26rx7z6h76g6lo2ykbjk,1,mbkings.bsky.social,gwiss.bsky.social
did:plc:3vrtws7qibiqus5h2wuq2at2,did:plc:rkpzrwxex34r36ypejhew7ml,1,mbkings.bsky.social,howardbeck.bsky.social
did:plc:3vrtws7qibiqus5h2wuq2at2,did:plc:vgng6gg2uxdlqc2e4hnwiahp,2,mbkings.bsky.social,jeddadiah-tomas.bsky.social
did:plc:3wmt3nzbsjiwbwnypzjnyufy,did:plc:gt3unljcqhimumy5zgosk3gv,1,greenander.bsky.social,davidbix.bsky.social
did:plc:3wokm22sks7autfefxkkl255,did:plc:6aruq2to5dssyoqwmt5v3rvu,4,mnemonicer.bsky.social,courtneyfox1.bsky.social
did:plc:3wokm22sks7autfefxkkl255,did:plc:6xavmse54akxck7wlul3k5d5,1,mnemonicer.bsky.social,fiveburger.bsky.social
did:plc:3wokm22sks7autfefxkkl255,did:plc:kvf6pnfrtgek6jqlkpqhgacv,1,mnemonicer.bsky.social,yossigozlan.bsky.social
did:plc:3wokm22sks7autfefxkkl255,did:plc:p3otcpk3sgdhxdt5x57xzp76,1,mnemonicer.bsky.social,mn-snow-show.bsky.social
did:plc:3wokm22sks7autfefxkkl255,did:plc:x5hsg7jg4ae6kry76niuxyzd,1,mnemonicer.bsky.social,giojrivera.bsky.social
did:plc:3wpjq5f5c6k4henvvkcrmxol,did:plc:ll23rgrkk7tvdjey3kflygoq,1,kennyontoast.bsky.social,anthonyvslater.bsky.social
did:plc:3wpjq5f5c6k4henvvkcrmxol,did:plc:sa73fbx3vxzh2fw5pu5wmief,1,kennyontoast.bsky.social,shamsbot.bsky.social
did:plc:3wr7ucjx653xs65mvr35xbs6,did:plc:t4i3a4fawuzge3dsw2i2h2fw,1,centurion01.bsky.social,markjacob.bsky.social
did:plc:3xe2iqlcmlpivu7hzddsgsl4,did:plc:g5ls6rrz7j3qpoxcicwrmcko,3,swydan.bsky.social,oblid.bsky.social
did:plc:3xe2iqlcmlpivu7hzddsgsl4,did:plc:ggibrwvfmu7ehddn62m2lppu,1,swydan.bsky.social,dangercart.bsky.social
did:plc:3xe2iqlcmlpivu7hzddsgsl4,did:plc:nzt4zxtfvfqfw3mkk2357pgq,3,swydan.bsky.social,hardbap.bsky.social
did:plc:3xe2iqlcmlpivu7hzddsgsl4,did:plc:oz6bkpnskcieebyvfstd4asb,1,swydan.bsky.social,baumann.bsky.social
did:plc:3xe2iqlcmlpivu7hzddsgsl4,did:plc:tl7zik52r2snt66gru24c4w5,3,swydan.bsky.social,budrohlfing.bsky.social
did:plc:3xzl47th7p5bcwqasnmjqe3p,did:plc:tl6ldv7wwu3a76gghdjwdaqc,1,notnotnuanced.bsky.social,trappedinazorb.bsky.social
did:plc:3y32ire2hg4dwpurnlebtoxo,did:plc:soavqzdngz77gr7zerunusbm,1,1whiteraven06.bsky.social,badger-in-mn.bsky.social
did:plc:3ybwpruswu3k7j7tuoji5kjy,did:plc:4kxaujevio7kizmcshgxvseq,1,fredbetel.bsky.social,kingfitch1990.bsky.social
did:plc:3ybwpruswu3k7j7tuoji5kjy,did:plc:abz3tmgqitx6drncs5njaauu,1,fredbetel.bsky.social,ny-bn.bsky.social
did:plc:3ybwpruswu3k7j7tuoji5kjy,did:plc:beg6ffhnpqx3nafov4evtw2x,2,fredbetel.bsky.social,markcsportsethos.bsky.social
did:plc:3ybwpruswu3k7j7tuoji5kjy,did:plc:fkpnckg4eqizwxmgrxrgwyxo,1,fredbetel.bsky.social,philiprr.bsky.social
did:plc:3ybwpruswu3k7j7tuoji5kjy,did:plc:oksjsrnqlwc6ujbtx37x5lks,1,fredbetel.bsky.social,hugheslab.tech
did:plc:3ybwpruswu3k7j7tuoji5kjy,did:plc:ov7yyu2taf5uzitjznhc2rto,1,fredbetel.bsky.social,modakhilnba.bsky.social
did:plc:3ybwpruswu3k7j7tuoji5kjy,did:plc:sa73fbx3vxzh2fw5pu5wmief,1,fredbetel.bsky.social,shamsbot.bsky.social
did:plc:3yuejrolrq4jr7w6c7ljt7zv,did:plc:aozylacv42narkks2na66wby,1,steelpenguin9.bsky.social,therealdrkelvin.bsky.social
did:plc:3yuejrolrq4jr7w6c7ljt7zv,did:plc:oz3un4dox5rocmvyvmqicjpg,2,steelpenguin9.bsky.social,jessicajade.bsky.social
did:plc:3zdb4e6pwv4depwkzkavllwa,did:plc:jejayhqmafxen2dj5hloeusp,1,st-andromeda.bsky.social,harperac.bsky.social
did:plc:3zyynm7dmpffbnhlms4dyceu,did:plc:paf4vetn26bu7uggsie3vyrc,1,petermwwfio.bsky.social,lawmurraythenu.bsky.social
did:plc:42apfkqnbenrnp5efzj6bzkd,did:plc:nztbvvo2gl4227zuxjf7gog3,1,criminalenterprise.bsky.social,ddayen.bsky.social
did:plc:42crvl2wbb44dsaqwd5b724r,did:plc:s2ibun2lfcftexxcqsr4ryce,1,charlieweber45.bsky.social,michaelvpina.bsky.social
did:plc:42non5hsfu532djiepy5b6t6,did:plc:ukuq3ixsdrws3pz42j4mphvp,1,eflynt.bsky.social,nolajt.bsky.social
did:plc:43rn46flpjn2tdxcttrlckj7,did:plc:xqkiycxt66ufxqftban3zup7,2,petenormal.bsky.social,basketghoul.bsky.social
did:plc:43wzlomgv777pnpn7oijqvqw,did:plc:2xfccxia4t234diuubuqqkkn,1,saucypeeps.bsky.social,jasonlogic.bsky.social
did:plc:43wzlomgv777pnpn7oijqvqw,did:plc:jij24gzd6hbbewosfbc34ekg,1,saucypeeps.bsky.social,nicju.blacksky.app
did:plc:43wzlomgv777pnpn7oijqvqw,did:plc:skocrn3iadj7gw3ymipso6ec,1,saucypeeps.bsky.social,quebeckie.bsky.social
did:plc:44c575yzx7jmnczckfbrzp6r,did:plc:4xpj3xjxsxxcuh3ghaulzdqu,1,davechurch.bsky.social,yourmandevine.bsky.social
did:plc:44cswxhuz5rcrm4huq6auvpn,did:plc:dlbppl2kdyccutor3t3jsuan,1,stephencsmith.bsky.social,evanempdx.bsky.social
did:plc:44cswxhuz5rcrm4huq6auvpn,did:plc:sa73fbx3vxzh2fw5pu5wmief,1,stephencsmith.bsky.social,shamsbot.bsky.social
did:plc:44g26a6cehvrdtpfpzwhxzsi,did:plc:a67zdrt4nl2tv2qojpngogbq,1,fadestowhite.bsky.social,apnews.com
did:plc:44g26a6cehvrdtpfpzwhxzsi,did:plc:b2kutgxqlltwc6lhs724cfwr,1,fadestowhite.bsky.social,theathletic.com
did:plc:44id3u6iwertwywmpvy5u4fh,did:plc:5ey5vh44jio3ixnybm4qpxi4,1,skeskali.ca,bdclarke.bsky.social
did:plc:44id3u6iwertwywmpvy5u4fh,did:plc:ucvim6sli66p33xui3urplbb,1,skeskali.ca,oanababy.bsky.social
did:plc:45vipy2akjyweypv3xrro3bd,did:plc:seosfu4v2bnwabsisd2f6dsj,2,caiobitencourt.net,uainamsoo.bsky.social
did:plc:45y7pknzeonus4nq74kq4o2d,did:plc:5hnhc5gto2qbhwfqumds23x4,4,andergsj.bsky.social,jacoboleon.bsky.social
did:plc:46636yttp3kmya6drgzraurq,did:plc:jaq7276xjkaiueg7wgursiqq,1,jarommoore.bsky.social,mylo.bsky.social
did:plc:46acn2n7oddwskgaytcd2xvx,did:plc:pgrqrtjyigyi3h4ygzkhxwkj,1,zero1zerozero.bsky.social,mikevorkunov.bsky.social
did:plc:46f4htofudia3jym42j7ykuy,did:plc:sa73fbx3vxzh2fw5pu5wmief,1,bostonhomecourt.bsky.social,shamsbot.bsky.social
did:plc:46f7vdfzdqs7mtbahcq4uaqv,did:plc:u46ezms4bxhmxgwfcqvawpzm,1,splorpus.bsky.social,stu4calde.bsky.social
did:plc:46hltjb3vboavbydm4yz6ub4,did:plc:26375peygwnrijoepmy2fdcs,1,artbeast1980.bsky.social,washingtonstatestandard.com
did:plc:46pz2orczi2g57d4lfxulq5n,did:plc:gw76eaybijdoizb6mwhi45k3,3,playitleolubber.bsky.social,tfletch2.bsky.social
did:plc:46pz2orczi2g57d4lfxulq5n,did:plc:hieewdiuoxinwjvnejkmbimd,3,playitleolubber.bsky.social,snotboogie.bsky.social
did:plc:4744urw7y3pmqvmb6bcdnk4j,did:plc:6ejlf7z4gqy2snhsyoojmet5,1,chucktownbabe.blacksky.app,coachd21.bsky.social
did:plc:4744urw7y3pmqvmb6bcdnk4j,did:plc:c4tua2dvwo3subelej2yzdpy,2,chucktownbabe.blacksky.app,msmicaluv.bsky.social
did:plc:4744urw7y3pmqvmb6bcdnk4j,did:plc:ypp4ilvfslbhnvxff74pu5sp,1,chucktownbabe.blacksky.app,bastylefilegirl.bsky.social
did:plc:476maad6nfijz7nx3ecioac6,did:plc:aagslherwb47wgbf7yik42tv,1,olehkosel.bsky.social,exiaross.bsky.social
did:plc:47flo546eawwz2v52dekaqcf,did:plc:i4mpzpjd5bqxbwteloovwchj,1,thomaswood.bsky.social,olsgy.bsky.social
did:plc:4acyevrq7szypyoc56zbujm7,did:plc:sa73fbx3vxzh2fw5pu5wmief,1,skytati.bsky.social,shamsbot.bsky.social
did:plc:4aq7x5rmjaqwqcbr36cl22ck,did:plc:sa73fbx3vxzh2fw5pu5wmief,1,andysbathgatesbbqs.bsky.social,shamsbot.bsky.social
did:plc:4aungruvvcrxbovqzooagmsb,did:plc:eg3sirs6h6m23fp2uzjbicnd,1,chenbot.bsky.social,everybodyhoops.bsky.social
did:plc:4awjhbozamzhlrirunqe65xt,did:plc:wj222j7j4agz3k4ikhxrbb4r,1,dynamitebdog.bsky.social,ekoreen.bsky.social
did:plc:4bfq3ywumjbidz3z5d72zeau,did:plc:wbpjhdry2la6ozeiqrdmpmms,1,dmo35.bsky.social,kpelton.bsky.social
did:plc:4bmkcqlgoiu6ofwfamidg6oj,did:plc:2i2l6t4uh4y7vahpn7hiqx3f,1,triggerwarningsllc.bsky.social,iztokfranko.bsky.social
did:plc:4bpnr3jjcw235244hglgrm2g,did:plc:75z3gabuwl6uvv7pootuuvgn,1,choclvr.bsky.social,lakersnation.bsky.social
did:plc:4bpnr3jjcw235244hglgrm2g,did:plc:r37jww2c3ipizxi7nnzo53wc,1,choclvr.bsky.social,smoovelveeta.bsky.social
did:plc:4c2qxobnxabes2nvytxo7ic5,did:plc:e62gb2ushvtvjvqcbrxeaw2n,1,tcflyingv.bsky.social,chrislhayes.bsky.social
did:plc:4c3pkagxjhebn3hafbvlrytu,did:plc:6y3zulpfknfey5qemwhc4frl,1,brenhart.bsky.social,jledwardsiii.bsky.social
did:plc:4c52qi4soqlkztr25if723fv,did:plc:z2mu7un3ide4bpb2j3ovbo7k,1,bryantwebster.bsky.social,mensie.bsky.social
did:plc:4cpccatmaiid7qtkffsf6ew3,did:plc:6cmhsudhfdknx7qgyjzhcz3c,1,arty1f.neocities.org,furry-hater.bsky.social
did:plc:4cq6eyqcucawsnnql6grrk3g,did:plc:tw77ipw5w2xwv3hzc6mrljsf,1,themattshelton.bsky.social,lukeknox.me
did:plc:4dtviabvyvhhbw3ct4sdyptd,did:plc:bh7dvugpaklhvr4sf3qbb467,1,dochaus.bsky.social,davemankin.bsky.social
did:plc:4dtviabvyvhhbw3ct4sdyptd,did:plc:uo53q552an4tekstlbvhqv5v,1,dochaus.bsky.social,nickbpss.bsky.social
did:plc:4dulljtz3nesb753a5xzersz,did:plc:5qplyxvvka7bmse47pzcbi23,1,unholiestjedi.bsky.social,jdart.bsky.social
did:plc:4dwbssc267vrde4duz7uqqb2,did:plc:fgpyya4en5thfmi6usrr3kvv,1,jacobreespawg.bsky.social,jasonkirk.fyi
did:plc:4dyrpthwotfdrzmfij3viuuc,did:plc:cc7tzd4bb5sh6d5taioq256d,1,eli403.bsky.social,candacepedraza.bsky.social
did:plc:4dyrpthwotfdrzmfij3viuuc,did:plc:i4undpn72obwb3pgpgxefmxr,2,eli403.bsky.social,learnbaseball.bsky.social
did:plc:4e6sxvjurtssobsfnzucqqwq,did:plc:vpbernhkthlhzdybhar225b2,1,susanmills158.bsky.social,scottstrivia.bsky.social
did:plc:4eet5us6g7bsvjedhbal37jg,did:plc:t4i3a4fawuzge3dsw2i2h2fw,1,supermills.bsky.social,markjacob.bsky.social
did:plc:4ef6romlmos6p4zpzepsyv2s,did:plc:ecjlc5ouev63oweq5en4lsj3,1,ladiaz.bsky.social,davekarpf.bsky.social
did:plc:4eha7bhzfz6rtuheqltttg6n,did:plc:bpx5ab47lqy7zgxu222b4n2z,1,knize.bsky.social,mayorofoakland.bsky.social
did:plc:4ehluphnmvggbfnn222ofai4,did:plc:7sfnardo5xxznxc6esxc5ooe,1,blueeyedmelomanie.bsky.social,nba.com
did:plc:4erl2vqjvz35s5yh3zqsxvlv,did:plc:mbsrkhek66y2evmm6bvyxdr3,2,clarityrestoration.bsky.social,somecleverthing.bsky.social
did:plc:4ewtuxjebhzmycb77krrqea4,did:plc:6zikw2pmu4fuab3do3mgz53i,1,danidtown.bsky.social,trei3z.bsky.social
did:plc:4f7re22sgbdxuje2dn35acf2,did:plc:2mxadfg4ck5lwlur64dsvan7,1,lebookstore.bsky.social,brenda2026.bsky.social
did:plc:4f7simhliks4kqaclkutytde,did:plc:b2kutgxqlltwc6lhs724cfwr,1,basedhits.bsky.social,theathletic.com
did:plc:4f7simhliks4kqaclkutytde,did:plc:pz2e6pmf64ey4zpgyjuvpdfj,1,basedhits.bsky.social,geraldbourguet.bsky.social
did:plc:4fgb7z3jxofbrhrqixp3hu7t,did:plc:h24ewdxpcyiaft637uujiyxm,1,nightowlcardz.bsky.social,kujhawk90.bsky.social
did:plc:4fsr7bcwant45q3bsostuwyx,did:plc:pbm7gacv5473mx7u5ikukbbs,1,crookedmustache.bsky.social,hunchojman.bsky.social
did:plc:4fzafytumni6l3br3ctaangt,did:plc:luofuy2uw7g4vsd2vbwidtel,1,kenjihigaflores.bsky.social,keithsmithnba.bsky.social
did:plc:4g6tvyroadg6q7vzhukeixdx,did:plc:luofuy2uw7g4vsd2vbwidtel,1,colombiadocs.bsky.social,keithsmithnba.bsky.social
did:plc:4g7fgz3bdpleofssmifgx2ci,did:plc:nze65mr7kto3u6qu3vk3bkcj,1,jandzim.bsky.social,febrazink.bsky.social
did:plc:4go2od3zyenlagh2gb3o7zhe,did:plc:rd3xjqinklzohadsvnwyuui3,1,fishgutzombies.bsky.social,yoleo.bsky.social
did:plc:4haiyncvn42gamwbgx6mixlm,did:plc:kxqdedao6fggiu3hcjcxvczj,2,humanremains.northsky.social,theotherspeakman.bsky.social
did:plc:4hkng653owkezepezfxfetol,did:plc:b2rbhknq7zeheyk6uv2e756v,1,bobbyfirmino.com,colyou.bsky.social
did:plc:4hkxcwa5lun2nrdjek3jma3s,did:plc:gj7ikdemlrvserzx6d2fn6k6,1,chadmichaeljones.bsky.social,vbenedetto.bsky.social
did:plc:4ihgiuzh4u55c4gwsin32qga,did:plc:qqdqgzpqwyho4cxzso62m54q,1,bizmartin.bsky.social,juliedicaro.bsky.social
did:plc:4ipmcvk22pyeybznqhwdbx2m,did:plc:e62gb2ushvtvjvqcbrxeaw2n,1,christinevtooch.bsky.social,chrislhayes.bsky.social
did:plc:4is5vokpsxwerqjh5yoyi77a,did:plc:d7avzxlxl7kgbsbq762bo7l5,1,dontcallmesurely.bsky.social,pacers.bsky.social
did:plc:4is5vokpsxwerqjh5yoyi77a,did:plc:pdgveagcybvzfwa7qbcdifvn,2,dontcallmesurely.bsky.social,cidmcdp.bsky.social
did:plc:4ivcgejkjeupnp73dybcljfg,did:plc:7sfnardo5xxznxc6esxc5ooe,2,averageronin.bsky.social,nba.com
did:plc:4j76zywk22kx4kqjjwp5nmqs,did:plc:e3ktrbooe3mildj4hhwhsvtc,1,npisme.bsky.social,mikeascotto.bsky.social
did:plc:4jauuylenn6irptp3c44qy4v,did:plc:y3xahfdgzxpjsqogokmi43bt,1,kornlock.bsky.social,blakemurphy.bsky.social
did:plc:4jb5zqdmevltweh2xg6sp3vn,did:plc:sa73fbx3vxzh2fw5pu5wmief,1,freejay.bsky.social,shamsbot.bsky.social
did:plc:4jcuguhwdzkqqown25acxyfr,did:plc:izxpomdyri45gzhppiiyattq,1,theyearofglad.bsky.social,coachfinstock.bsky.social
did:plc:4jsbutlkateotaruzp43j4co,did:plc:5wv42hjlutwgliie4vxpbgu5,1,hecubus01.bsky.social,catrenzer.bsky.social
did:plc:4kgda5cgziaxtlbpxjg5ttj5,did:plc:55f556gizq63ibchaqwkgtjd,1,jdub9911.bsky.social,pdawkins.bsky.social
did:plc:4kgda5cgziaxtlbpxjg5ttj5,did:plc:cyflytcyyyhawlrnnwiv25nd,2,jdub9911.bsky.social,btoporek.bsky.social
did:plc:4kgda5cgziaxtlbpxjg5ttj5,did:plc:vfq2agslg2sbjzekt7tnist7,1,jdub9911.bsky.social,karmitthesnitch.bsky.social
did:plc:4kup7ou3ksibapvyiom6m7fu,did:plc:r6nmrtup3g4xwdk4sgw2k2z5,1,mythoughtsrealized.bsky.social,alexfrompgh.bsky.social
did:plc:4kup7ou3ksibapvyiom6m7fu,did:plc:xatjkmbxwbdd34mop6dbrhin,1,mythoughtsrealized.bsky.social,hamms716.bsky.social
did:plc:4kxaujevio7kizmcshgxvseq,did:plc:zatuc3eivscvrv3aey3mfvzj,1,kingfitch1990.bsky.social,spicynurse38.bsky.social
did:plc:4la3nvenk5mzjc6omgpvm7cl,did:plc:yd24kweq3cqpnpfmeec4ckrc,1,katenordstrom2.bsky.social,laurabrevitz.bsky.social
did:plc:4lb6ihjqecks5elpeq7w3pja,did:plc:7sfnardo5xxznxc6esxc5ooe,1,rampantrawdoggery.bsky.social,nba.com
did:plc:4ljmqpbogomvqprgndxc3ips,did:plc:kq5obb3xiadd6jum34eeif4u,1,stellsss.bsky.social,irawinderman.bsky.social
did:plc:4lrumpvg75wei3e5vbvxdnfm,did:plc:zlijidr4pxddfbvcmbxx63op,1,exalt47.bsky.social,lawnerd.bsky.social
did:plc:4m5ghflddtf6bmkbyk4teorc,did:plc:luofuy2uw7g4vsd2vbwidtel,1,thebroncobill.bsky.social,keithsmithnba.bsky.social
did:plc:4mcc7bl6r6ldhhdbn6igjhjb,did:plc:b2kutgxqlltwc6lhs724cfwr,1,heyamyhugg.bsky.social,theathletic.com
did:plc:4mccgska2y2edkpexvqetjyd,did:plc:e62gb2ushvtvjvqcbrxeaw2n,1,coopdc.bsky.social,chrislhayes.bsky.social
did:plc:4md3rkqkr6m6ifmggsbz6nde,did:plc:6jpqgc6d4tplxcioxuh7khmr,2,nbabeau.bsky.social,jimowczarski.bsky.social
did:plc:4md3rkqkr6m6ifmggsbz6nde,did:plc:lefu37qkscwkypwwejlqdorg,4,nbabeau.bsky.social,saurpower.bsky.social
did:plc:4md3rkqkr6m6ifmggsbz6nde,did:plc:tmvksreq2lpyg6b6gyz7fqsz,1,nbabeau.bsky.social,ontopic.bsky.social
did:plc:4md3rkqkr6m6ifmggsbz6nde,did:plc:wdcnndzrk4jcesctpaj62ffd,1,nbabeau.bsky.social,elbasketballrim.bsky.social
did:plc:4mgo2mppnlhqiappiyh5qxcn,did:plc:yx55po6zknijied5vxft2rwa,1,liuzzi.bsky.social,jackborman.bsky.social
did:plc:4mzd22yd5qxgrsbyxwc6laez,did:plc:7cebuscjy45j4w35xfhknbw2,1,hsilwerdna.bsky.social,lucaskaplan.bsky.social
did:plc:4nscl3tjabhb3y5qbpb54bue,did:plc:rk753553nycwstwpbc4gfxrl,1,zeusmtl94.bsky.social,adamzherman.bsky.social
did:plc:4nu6emhw2wj3ge5cmc2rv66x,did:plc:twjo2azi2gj235m23bsv5g7i,1,waggingtale.bsky.social,empirenine.bsky.social
did:plc:4nuuuk2lq5cqt2f5mgvizikq,did:plc:u5jfkwcnbcwwtv3osxx2yzrj,1,zealousagain.bsky.social,sarahxelizvbeth.bsky.social
did:plc:4o4pyygik3isb7owemq6ws63,did:plc:b2kutgxqlltwc6lhs724cfwr,1,katnissrighthere.bsky.social,theathletic.com
did:plc:4oatksgfxaoaih7dyadkkqca,did:plc:cyflytcyyyhawlrnnwiv25nd,2,ftostapane.bsky.social,btoporek.bsky.social
did:plc:4oatksgfxaoaih7dyadkkqca,did:plc:sa73fbx3vxzh2fw5pu5wmief,1,ftostapane.bsky.social,shamsbot.bsky.social
did:plc:4ocma2woe3bq5utljcxm35os,did:plc:e7fdktkwv37ws6rljgnoljfz,1,douchechills.bsky.social,jbeede.bsky.social
did:plc:4ocma2woe3bq5utljcxm35os,did:plc:fkpnckg4eqizwxmgrxrgwyxo,1,douchechills.bsky.social,philiprr.bsky.social
did:plc:4ohz6yebkf63t67hcds6a5pt,did:plc:ihvq34x4yxcfyfvea4jw7qii,2,jdickie.bsky.social,picklerick1138.bsky.social
did:plc:4ohz6yebkf63t67hcds6a5pt,did:plc:rk753553nycwstwpbc4gfxrl,1,jdickie.bsky.social,adamzherman.bsky.social
did:plc:4p4zkep4ur6kstrxn665dffg,did:plc:dz7swnlgzjnxehyud3654vqd,1,moman.bsky.social,janecoaston.bsky.social
did:plc:4phcffsazbkokuhydimt7o5k,did:plc:2emupgm6taztttxwrjk4qk22,1,twitteraddict.bsky.social,1robgunther.bsky.social
did:plc:4pibvfah33padhkkkcbpo25v,did:plc:44ys7gijqhhnzyubtzkupca3,1,fumbleronnie.bsky.social,paulknepper.bsky.social
did:plc:4pj3ohidnudr6444tz76eqht,did:plc:fufw2ca5fo2zfyuwceczcmo4,1,zdneal.bsky.social,carlsincharge.bsky.social
did:plc:4pmgrcglwtyt3xa3vbo4uuee,did:plc:u3j65jay6xc3v47ubza7cmf4,1,deborahmeaden.bsky.social,mev202.bsky.social
did:plc:4qqizocrnriintskkh6trnzv,did:plc:u45hqzk7counfbwyg5edhmvi,1,nora.zone,davelevitan.bsky.social
did:plc:4qr3bdioaf4td74kvwvdjacs,did:plc:4r5acqmizynvnibkoi2gvffv,1,skittlesnbeer.bsky.social,boxscorehistory.bsky.social
did:plc:4qr3bdioaf4td74kvwvdjacs,did:plc:hzdsxiwhf4cz2axyl73bxpsz,1,skittlesnbeer.bsky.social,chadnauta.bsky.social
did:plc:4qvo7i5qhu73nn24paiss574,did:plc:22fudzaxnal4ddodzv2o6mwk,1,artmoreorless.bsky.social,jmcdonaldsa.bsky.social
did:plc:4qvo7i5qhu73nn24paiss574,did:plc:4xaad7thmc4uqdhefbq6vizm,4,artmoreorless.bsky.social,johnbull.wtf
did:plc:4qvo7i5qhu73nn24paiss574,did:plc:6rur5yekcor5xursnpg4vtdc,2,artmoreorless.bsky.social,jefffowler.bsky.social
did:plc:4qvo7i5qhu73nn24paiss574,did:plc:fdw3hkjrul22w75bdw5pcsn3,1,artmoreorless.bsky.social,tomorsborn.bsky.social
did:plc:4qvo7i5qhu73nn24paiss574,did:plc:g3fvb2cxn4yxcq3rjd2llqv5,1,artmoreorless.bsky.social,davidaldridgedc.bsky.social
did:plc:4qvo7i5qhu73nn24paiss574,did:plc:x4qyokjtdzgl7gmqhsw4ajqj,1,artmoreorless.bsky.social,bencollins.bsky.social
did:plc:4r2v5fr7uuwqtzmqj6wquzwt,did:plc:bwo5qbzqjasbftrjzswmjudk,1,joeypineapples.bsky.social,cherrylambrini.bsky.social
did:plc:4r4bvbfttks4lvfwqatlijf5,did:plc:hf7ezrajxadu7v3tzcyij424,1,timpranillo.bsky.social,parkermolloy.com
did:plc:4r5acqmizynvnibkoi2gvffv,did:plc:4qr3bdioaf4td74kvwvdjacs,1,boxscorehistory.bsky.social,skittlesnbeer.bsky.social
did:plc:4r5acqmizynvnibkoi2gvffv,did:plc:oksjsrnqlwc6ujbtx37x5lks,1,boxscorehistory.bsky.social,hugheslab.tech
did:plc:4r5s3e5z7m4ng5cq3w7nr32x,did:plc:4vziktoq7p6jd3i5l3wtmfab,1,windowseat.bsky.social,cjzero.bsky.social
did:plc:4rgwawg2fvy3h355ldrgjfny,did:plc:6kv5inxd5x4tuydxlob27f36,1,artificer-trill.bsky.social,angrydonkeynews.bsky.social
did:plc:4rpowijfae2wdqgfq7y63ca6,did:plc:s5ixreqm6yq2n4rqdhnqkdmj,1,bojohn.bsky.social,stovetalk.bsky.social
did:plc:4rpur2fn3h66uifc4bxplgz6,did:plc:54iaav2hbg4vbxqdzhw7lzn4,1,bigboneded.bsky.social,harrylylesjr.bsky.social
did:plc:4rtpnf2h2v27euru57oaoybu,did:plc:7sfnardo5xxznxc6esxc5ooe,1,michaelbowles.bsky.social,nba.com
did:plc:4s5ebwhq5vbseugglrqmsgbi,did:plc:b2kutgxqlltwc6lhs724cfwr,1,temujinbk.bsky.social,theathletic.com
did:plc:4sjov33pi37hatzh5c7nvkv6,did:plc:pmj4qr7kz2luz2zylybd4doo,1,davidkinsa.bsky.social,ericengels.bsky.social
did:plc:4sqpt76q7fonuug3rhyp5riw,did:plc:fqe5xx4xjxm6kbcwb3uoaztk,1,angusmcdeath.bsky.social,jspencersharpe.bsky.social
did:plc:4t3ondzfo7uttcudrs7skew2,did:plc:b2kutgxqlltwc6lhs724cfwr,1,carolina-1234.bsky.social,theathletic.com
did:plc:4tc7qmmual4rrwfh64srlub5,did:plc:e62gb2ushvtvjvqcbrxeaw2n,1,foreverfrank.bsky.social,chrislhayes.bsky.social
did:plc:4upmxyqo5lrcp7kfa2z5xaqm,did:plc:cc7tzd4bb5sh6d5taioq256d,1,aangtifa.bsky.social,candacepedraza.bsky.social
did:plc:4upmxyqo5lrcp7kfa2z5xaqm,did:plc:ecjlc5ouev63oweq5en4lsj3,1,aangtifa.bsky.social,davekarpf.bsky.social
did:plc:4upmxyqo5lrcp7kfa2z5xaqm,did:plc:rvffopjouo2kuacijd7qfqzu,1,aangtifa.bsky.social,jonathanmacri.bsky.social
did:plc:4v4a4j2y42ewm3wv6y3bifmq,did:plc:tceporr2hgnsph6ea3veqnp5,1,threesteaksmafia.bsky.social,llcoolray.bsky.social
did:plc:4v4a4j2y42ewm3wv6y3bifmq,did:plc:tlf5hilbsn7vlw3rzunbzvw3,1,threesteaksmafia.bsky.social,fredsmith.bsky.social
did:plc:4v4a4j2y42ewm3wv6y3bifmq,did:plc:yvxgr32ufo75afd5qyoouxfc,1,threesteaksmafia.bsky.social,shredberg.bsky.social
did:plc:4vbhejaq7ubjuigtqjb6g6oy,did:plc:akwq4mdzb664mo3wbjgxzse6,3,mattyleahy.bsky.social,brownpellie.bsky.social
did:plc:4vg2hyqnc4gy5byfitp2t67v,did:plc:oxklhlzcrpqd4ret43oclrct,1,bw41.bsky.social,michaellevin.bsky.social
did:plc:4vl53nhszdc745jzzih4min6,did:plc:u45hqzk7counfbwyg5edhmvi,1,agastache.bsky.social,davelevitan.bsky.social
did:plc:4vsww6rhxujyrsd3h7z24xj7,did:plc:nlfrqivdspcq2gviy4mh45bq,2,positivitybot.bsky.social,vintage.dubstep.wtf
did:plc:4vsww6rhxujyrsd3h7z24xj7,did:plc:r3yn7trigwlgeqjszvp27nqz,1,positivitybot.bsky.social,adamthechao.bsky.social
did:plc:4vuuvhygvuwiyzy6i5vqjxqe,did:plc:5fzirtbgtu3xevf7jmvqc3lv,1,jessecbrooks.bsky.social,nolafredo.bsky.social
did:plc:4vzhs4f43aeecl7i2s2curfg,did:plc:twth7rse4wkrcjtpxxsvofzz,1,kyriee.bsky.social,nonoharamalice.uwy.rest
did:plc:4vziktoq7p6jd3i5l3wtmfab,did:plc:4md3rkqkr6m6ifmggsbz6nde,1,cjzero.bsky.social,nbabeau.bsky.social
did:plc:4vziktoq7p6jd3i5l3wtmfab,did:plc:7yi4fmwrazwdk37rbhw6amp6,1,cjzero.bsky.social,wxandpi.bsky.social
did:plc:4vziktoq7p6jd3i5l3wtmfab,did:plc:fgpyya4en5thfmi6usrr3kvv,1,cjzero.bsky.social,jasonkirk.fyi
did:plc:4vziktoq7p6jd3i5l3wtmfab,did:plc:h46tqhjhcy3oxujum2g4bvzz,1,cjzero.bsky.social,coolguy.party
did:plc:4womd3pighwgpxcmxdf6lbrl,did:plc:26375peygwnrijoepmy2fdcs,1,tahoemarta.bsky.social,washingtonstatestandard.com
did:plc:4x4j6goow5nmbezuodxjguiz,did:plc:vc7f4oafdgxsihk4cry2xpze,1,deadling.bsky.social,jcsalterego.bsky.social
did:plc:4xaad7thmc4uqdhefbq6vizm,did:plc:3qixifugimelj2uclkg33idv,1,johnbull.wtf,jaredwade.bsky.social
did:plc:4xaad7thmc4uqdhefbq6vizm,did:plc:4qvo7i5qhu73nn24paiss574,4,johnbull.wtf,artmoreorless.bsky.social
did:plc:4xaad7thmc4uqdhefbq6vizm,did:plc:4vziktoq7p6jd3i5l3wtmfab,1,johnbull.wtf,cjzero.bsky.social
did:plc:4xaad7thmc4uqdhefbq6vizm,did:plc:6xtss352bsq4rcyr356apu24,1,johnbull.wtf,dunks.bsky.social
did:plc:4xaad7thmc4uqdhefbq6vizm,did:plc:aiv65kicmqgjo4j6xiyizni6,2,johnbull.wtf,charliestoupee.bsky.social
did:plc:4xaad7thmc4uqdhefbq6vizm,did:plc:cwqp26rx7z6h76g6lo2ykbjk,1,johnbull.wtf,gwiss.bsky.social
did:plc:4xaad7thmc4uqdhefbq6vizm,did:plc:df2gzsny4y5khzaa5rsfrblr,1,johnbull.wtf,jameshamnba.bsky.social
did:plc:4xaad7thmc4uqdhefbq6vizm,did:plc:elcfcmw7yr5btvn62gevvqe4,1,johnbull.wtf,mirannlolani.bsky.social
did:plc:4xaad7thmc4uqdhefbq6vizm,did:plc:eu4mhbymwbenkogsr7sdz63d,2,johnbull.wtf,definitelyjustbob.bsky.social
did:plc:4xaad7thmc4uqdhefbq6vizm,did:plc:f6y6ml6cdcinvx3oi2eo7im2,1,johnbull.wtf,rayndeigh.bsky.social
did:plc:4xaad7thmc4uqdhefbq6vizm,did:plc:fk27hb7ntk272s3gpa3se2bb,3,johnbull.wtf,snacksonsnackz.bsky.social
did:plc:4xaad7thmc4uqdhefbq6vizm,did:plc:g3fvb2cxn4yxcq3rjd2llqv5,1,johnbull.wtf,davidaldridgedc.bsky.social
did:plc:4xaad7thmc4uqdhefbq6vizm,did:plc:gu7c35h3m6noykehn2q5uh6l,1,johnbull.wtf,cr-nova.bsky.social
did:plc:4xaad7thmc4uqdhefbq6vizm,did:plc:jfymgpxz2kajcfkpcewcx2lo,1,johnbull.wtf,chrjon21.bsky.social
did:plc:4xaad7thmc4uqdhefbq6vizm,did:plc:khikarghalvq6w62vhrehv24,1,johnbull.wtf,agattegno.bsky.social
did:plc:4xaad7thmc4uqdhefbq6vizm,did:plc:kieme6lsxzsbmcizqr4snp7b,3,johnbull.wtf,animeiscool.bsky.social
did:plc:4xaad7thmc4uqdhefbq6vizm,did:plc:lldgxx4auj7zsd2fp4hbory3,1,johnbull.wtf,markjonesespn.bsky.social
did:plc:4xaad7thmc4uqdhefbq6vizm,did:plc:mshr33k64vknitscnsbbyzfn,2,johnbull.wtf,drbrianmd.bsky.social
did:plc:4xaad7thmc4uqdhefbq6vizm,did:plc:ov7yyu2taf5uzitjznhc2rto,2,johnbull.wtf,modakhilnba.bsky.social
did:plc:4xaad7thmc4uqdhefbq6vizm,did:plc:q3fi25au634c4yojnysqzlrj,1,johnbull.wtf,teamziller.bsky.social
did:plc:4xaad7thmc4uqdhefbq6vizm,did:plc:urtzlgohgpyod45hftk3tzne,12,johnbull.wtf,lotusprime.bsky.social
did:plc:4xaad7thmc4uqdhefbq6vizm,did:plc:v66lo42pbnhfuptab4hr7hi2,1,johnbull.wtf,sethpartnow.bsky.social
did:plc:4xaad7thmc4uqdhefbq6vizm,did:plc:woe4w3is7bibbzev4lb2bnqj,3,johnbull.wtf,jaydubveedub.bsky.social
did:plc:4xaad7thmc4uqdhefbq6vizm,did:plc:xwa273u2xtoaab4lm5ybj2uy,1,johnbull.wtf,fredkatz.bsky.social
did:plc:4xburlnyru26gwmkjbbupvre,did:plc:tj6idgv5zsczpgi33h7z4tpu,2,rithykhut.bsky.social,troutgirl.bsky.social
did:plc:4xpj3xjxsxxcuh3ghaulzdqu,did:plc:44c575yzx7jmnczckfbrzp6r,1,yourmandevine.bsky.social,davechurch.bsky.social
did:plc:4xpj3xjxsxxcuh3ghaulzdqu,did:plc:ch6btqzt2m6j5ago2qewaaa5,1,yourmandevine.bsky.social,steadynappin.bsky.social
did:plc:4xpj3xjxsxxcuh3ghaulzdqu,did:plc:wj222j7j4agz3k4ikhxrbb4r,1,yourmandevine.bsky.social,ekoreen.bsky.social
did:plc:4xrwh2ii5mlnt7z63ftqcmnu,did:plc:2av3hldybsoyp7ieqr7zjo6d,1,davidbalsamo.bsky.social,captainjim87.bsky.social
did:plc:4xzn6ig7xt5odfrz77anecsv,did:plc:6ouqw3agrcudn733au3xg5iv,1,northborder.bsky.social,twsnsports.bsky.social
did:plc:4yq3zuiv3snk2uitqaihw5jz,did:plc:5n7jq32lowhmcjvftrljijvm,1,truth-n-science.bsky.social,lindsayfickas.bsky.social
did:plc:4yq3zuiv3snk2uitqaihw5jz,did:plc:7giugsiydb7mj2j3a5u6nuyn,1,truth-n-science.bsky.social,canishoopus.bsky.social
did:plc:4z6t5zcwajrqgze2h5eaycmg,did:plc:rp7trk62kq2hae5y4pssmwcz,1,peterberkes.bsky.social,rkalland.bsky.social
did:plc:4za4evmhsstfh3ex2o37weog,did:plc:wy3qbrvrhurv3b2f4bx4cqw2,2,jeffreykeese.bsky.social,hodgepodge.bsky.social
did:plc:4zapcb6wnlbalbdtkzel4r3z,did:plc:blrk2gk5dq32snk2kthu3cnn,1,ziyaadparker7.bsky.social,keerthikau.bsky.social
did:plc:4zbxxcysgy75potaio3ardtj,did:plc:s2ibun2lfcftexxcqsr4ryce,1,jamesonchi.bsky.social,michaelvpina.bsky.social
did:plc:4zeoz7gwixhxfgmjhbxvlx5b,did:plc:sa73fbx3vxzh2fw5pu5wmief,1,jimnaughton.bsky.social,shamsbot.bsky.social
did:plc:4zymowfb6mr2yiqp6zfrlkil,did:plc:rgzahvqagit73sq2bg4wxxws,1,plainpat808.bsky.social,yukinogatari.moe
did:plc:4zzfmj6ocdheeubrphkittq3,did:plc:ahomohxxfzpw7owlquzss2kj,1,nemo616.bsky.social,s3rp86.bsky.social
did:plc:52r44cetyilut6zskmt57tfk,did:plc:hf7ezrajxadu7v3tzcyij424,1,jim85.bsky.social,parkermolloy.com
did:plc:53ckw3l5knowiwdunld3etfz,did:plc:7sfnardo5xxznxc6esxc5ooe,1,terenceonline.bsky.social,nba.com
did:plc:53cv3e65pj3vkupvhdys6ala,did:plc:fg5ks6bevpbwkha6o3s2y27h,1,reallyseamus.bsky.social,alexkirshner.com
did:plc:53dik26zhgqkwbjba5ozzbvk,did:plc:b2azzqfe7n5jfntj33mdnwjm,1,stonesfan23.bsky.social,ngtcollectibles.bsky.social
did:plc:53z2ka6u4w2vtrmk3x6vg4t5,did:plc:gw76eaybijdoizb6mwhi45k3,2,thenumbproject.bsky.social,tfletch2.bsky.social
did:plc:54htzpkekb3paapyksxn5xfz,did:plc:7sfnardo5xxznxc6esxc5ooe,1,the12thlighthouse.bsky.social,nba.com
did:plc:54j6gtxwspludbbihqsvnfii,did:plc:sa73fbx3vxzh2fw5pu5wmief,2,ghostoftuvix.bsky.social,shamsbot.bsky.social
did:plc:54j6gtxwspludbbihqsvnfii,did:plc:ycc5zbh5bzf4skb6b4k4srns,1,ghostoftuvix.bsky.social,nipen.bsky.social
did:plc:54mz54p3glz4zkqijrcmzp3u,did:plc:4xaad7thmc4uqdhefbq6vizm,1,davelack.bsky.social,johnbull.wtf
did:plc:54rsw7u5cb2rko6evayfn5xp,did:plc:yi5qjz6rrb6m3gd6u7oaefyb,1,hustle-chillson.bsky.social,jasoncheathawks.bsky.social
did:plc:54tasz3hukavx6gjkwjri5zz,did:plc:ofc2wjhhi2r63yf2vdh5bu7e,1,bighiggahigga.bsky.social,eyetwitch.bsky.social
did:plc:552mg3ht2y5b6e2tkspjcwxz,did:plc:g2aq2tld5ukrbi7txlusrfel,1,nopenotever.bsky.social,johngonzalez.bsky.social
did:plc:553yukscabpnjm57ugy3oyjy,did:plc:4z36im75uykjk3uh2ospah4f,1,mpsiravo.bsky.social,eringrugan.bsky.social
did:plc:553yukscabpnjm57ugy3oyjy,did:plc:cyflytcyyyhawlrnnwiv25nd,4,mpsiravo.bsky.social,btoporek.bsky.social
did:plc:55f556gizq63ibchaqwkgtjd,did:plc:4kgda5cgziaxtlbpxjg5ttj5,1,pdawkins.bsky.social,jdub9911.bsky.social
did:plc:55f556gizq63ibchaqwkgtjd,did:plc:mdmym5pcopjsuhsscuhqx36o,2,pdawkins.bsky.social,moretrev.bsky.social
did:plc:55f556gizq63ibchaqwkgtjd,did:plc:pbt54fn2bdada5c55nmbosnr,1,pdawkins.bsky.social,annajane10000.bsky.social
did:plc:55gkcsnyzywcjs7zxntyi2g7,did:plc:rrh5me656wmncolysevqhc4y,1,mrmeezeekiel.bsky.social,adamaaronson.bsky.social
did:plc:55rpfldzzqnigiot3l7bv65k,did:plc:5hnhc5gto2qbhwfqumds23x4,1,julianguede.bsky.social,jacoboleon.bsky.social
did:plc:55rpfldzzqnigiot3l7bv65k,did:plc:mlw42qbt3ruxyrewcrnltinu,3,julianguede.bsky.social,manuplanetario.bsky.social
did:plc:56frw4klvrsx4t4k6kllbupu,did:plc:jks4z7w5lr47qa7zzykbzfaj,2,marknelson63.bsky.social,nbcsportsboston.com
did:plc:56oh6rai2o4wynfjhboyjuew,did:plc:bm3izwxbljeuvowixm27nbc7,1,seanallen68.bsky.social,bkjax8.bsky.social
did:plc:56oh6rai2o4wynfjhboyjuew,did:plc:se2oyhtvxg6obnc2lalguql5,1,seanallen68.bsky.social,badclerk.bsky.social
did:plc:56twtcm6aa4wcfl7k3dwtahu,did:plc:ggibrwvfmu7ehddn62m2lppu,1,tommulherin.bsky.social,dangercart.bsky.social
did:plc:56twtcm6aa4wcfl7k3dwtahu,did:plc:nzt4zxtfvfqfw3mkk2357pgq,1,tommulherin.bsky.social,hardbap.bsky.social
did:plc:56y2bwnu3m5p56mpkimn7uan,did:plc:7wmf7sypzf6y3kmxm4gfiroe,1,iamjoeymiller.bsky.social,semicolonoverdrive.bsky.social
did:plc:57l2sc2rn4ov4wkry4efzibt,did:plc:26375peygwnrijoepmy2fdcs,1,lordrobin------rm.bsky.social,washingtonstatestandard.com
did:plc:5a4dvuk77zctsbxu4b6jy7nz,did:plc:uny5xcfbw3k66tk6kvuskgdz,2,umbrios.bsky.social,red-nederland.bsky.social
did:plc:5aftr2qjo5z3wgc5hjs2shuv,did:plc:22fudzaxnal4ddodzv2o6mwk,1,sugartex.bsky.social,jmcdonaldsa.bsky.social
did:plc:5afz3altezltiil3ttltp2qc,did:plc:oxklhlzcrpqd4ret43oclrct,1,davefromphilly.bsky.social,michaellevin.bsky.social
did:plc:5ag3merphqeyefi4exghzz3h,did:plc:2vrbb5rfcqez75pn22ilh7i3,1,moniquely-uniq.bsky.social,garrt.bsky.social
did:plc:5b3wgs4ngdd6c5lpak65qxwx,did:plc:fmjms5wpq3kxykqnc6wtghxn,1,walkerp.bsky.social,bzzzk.bsky.social
did:plc:5b3wgs4ngdd6c5lpak65qxwx,did:plc:kvf6pnfrtgek6jqlkpqhgacv,1,walkerp.bsky.social,yossigozlan.bsky.social
did:plc:5b3wgs4ngdd6c5lpak65qxwx,did:plc:luofuy2uw7g4vsd2vbwidtel,1,walkerp.bsky.social,keithsmithnba.bsky.social
did:plc:5b3wgs4ngdd6c5lpak65qxwx,did:plc:nrzonytvdybfyy7t7b3jr6le,2,walkerp.bsky.social,montepoole.bsky.social
did:plc:5b3wgs4ngdd6c5lpak65qxwx,did:plc:sa73fbx3vxzh2fw5pu5wmief,4,walkerp.bsky.social,shamsbot.bsky.social
did:plc:5b3wgs4ngdd6c5lpak65qxwx,did:plc:wj222j7j4agz3k4ikhxrbb4r,1,walkerp.bsky.social,ekoreen.bsky.social
did:plc:5bie7rgl6cglwwpv4ormdptf,did:plc:gdp4ri23apfvdoje5y7yyvmv,1,drewciferscott.bsky.social,logan.hater.club
did:plc:5bl5ha4zn52iroafpjnjtehh,did:plc:dp4almqa43t6o6x5besyb6ej,1,indypacersfan.bsky.social,mikebeight.bsky.social
did:plc:5bl5ha4zn52iroafpjnjtehh,did:plc:v66lo42pbnhfuptab4hr7hi2,1,indypacersfan.bsky.social,sethpartnow.bsky.social
did:plc:5ca46vv4koi2ms5p3shumjwi,did:plc:44ys7gijqhhnzyubtzkupca3,1,sjcarroll33.bsky.social,paulknepper.bsky.social
did:plc:5crya5h7hnnc7r5lrtx3wevu,did:plc:e62gb2ushvtvjvqcbrxeaw2n,1,rockywinston.bsky.social,chrislhayes.bsky.social
did:plc:5ct5xp3niajojucyhbhd3fzh,did:plc:zcifiaokjuznmkasf6zn347d,1,awesomeartenjoyer.bsky.social,flybyknite.bsky.social
did:plc:5cunknes3zhs4h6imqd7yaqj,did:plc:k3i3d2xfibssxz2lbm45x54o,1,rowdiestuncle.bsky.social,joshgondelman.bsky.social
did:plc:5dxebmz3xy7cj5ngdmlu4zrs,did:plc:byd5aqbqtzr2p2auotfmrmpl,1,carrarium.bsky.social,breadbarn.bsky.social
did:plc:5dxebmz3xy7cj5ngdmlu4zrs,did:plc:yvxgr32ufo75afd5qyoouxfc,1,carrarium.bsky.social,shredberg.bsky.social
did:plc:5dxebmz3xy7cj5ngdmlu4zrs,did:plc:z6nzkhl5jmgct5vye4oozwdu,1,carrarium.bsky.social,danthevp.bsky.social
did:plc:5e7udjobn7kkdja5enwuv3et,did:plc:32wf2tdbchgci235ycgkbxi3,2,sprtjnky.bsky.social,aguyuno.bsky.social
did:plc:5e7udjobn7kkdja5enwuv3et,did:plc:oexqvbihifgnhvqzklhtyepf,1,sprtjnky.bsky.social,nubianking.bsky.social
did:plc:5e7udjobn7kkdja5enwuv3et,did:plc:sa73fbx3vxzh2fw5pu5wmief,2,sprtjnky.bsky.social,shamsbot.bsky.social
did:plc:5ej6xoqrf3zf3sez5tbtcyrq,did:plc:7sfnardo5xxznxc6esxc5ooe,1,dawnbense.bsky.social,nba.com
did:plc:5ewsudkxkot6fmhk67gpnrud,did:plc:xlulqhjwqq6alvjkht57sbm5,2,tanninman.bsky.social,rawnba.bsky.social
did:plc:5ey5vh44jio3ixnybm4qpxi4,did:plc:44id3u6iwertwywmpvy5u4fh,2,bdclarke.bsky.social,skeskali.ca
did:plc:5ff6tj2qv5pvd54qkjq6zdlv,did:plc:cfdiophp2oon6xxrssw6cwz7,1,nk-dizzle.bsky.social,bringmethenews.bsky.social
did:plc:5fos2fmwgyhpcmcxwts5wcsc,did:plc:6jpqgc6d4tplxcioxuh7khmr,1,goodbadger.bsky.social,jimowczarski.bsky.social
did:plc:5ftwpebnx3iuwbmljezl2gqt,did:plc:s2ahnyyou2ocsnkyjai3u3na,1,hunterhollis.bsky.social,alexgoldennba.bsky.social
did:plc:5fzbqlz2avctxxctovkidcr2,did:plc:eqn73faru5kxxr2koevgkwn5,1,rickspringhetti.bsky.social,habbykins.bsky.social
did:plc:5fzirtbgtu3xevf7jmvqc3lv,did:plc:4vuuvhygvuwiyzy6i5vqjxqe,1,nolafredo.bsky.social,jessecbrooks.bsky.social
did:plc:5gdsdedaivislbpbmr6af5zh,did:plc:znics2ls6c2b24suipcbjvgg,1,notthattomgreen.bsky.social,redditmoments.bsky.social
did:plc:5ghoccsiwnmllrdgi7qwkp5l,did:plc:7npbc7vfj4vhpcgsaqqqufcn,1,thebao.bsky.social,bendubose.bsky.social
did:plc:5gj5khlp45ju7pi5oagklt4x,did:plc:5rhhrhp35bcyqieoniuqsw6u,2,willholder.bsky.social,johngennaro.com
did:plc:5gj5khlp45ju7pi5oagklt4x,did:plc:ktinr6kcuhf2qofrjl64bdqy,2,willholder.bsky.social,mrmeeeps.bsky.social
did:plc:5gj5khlp45ju7pi5oagklt4x,did:plc:z2mu7un3ide4bpb2j3ovbo7k,2,willholder.bsky.social,mensie.bsky.social
did:plc:5gnal3cjwtv7542wpnaclscw,did:plc:7sfnardo5xxznxc6esxc5ooe,1,bms37.bsky.social,nba.com
did:plc:5gt5i3h7x27rgdjswrgmjbgd,did:plc:nk756gkpj52ryc6gaorkvctp,1,commonsenseonly.bsky.social,nbacobwebs.bsky.social
did:plc:5gt5i3h7x27rgdjswrgmjbgd,did:plc:tb2bwzxom5qv4542ru3zqcgu,1,commonsenseonly.bsky.social,jakemgrumbach.bsky.social
did:plc:5h4oxakd7hgfv56usa7rldjb,did:plc:kh3yx2swgm3ofzudkxqoofaz,1,fergusmckee.bsky.social,jbralston.bsky.social
did:plc:5hjosvutkjfudlaougquxlz3,did:plc:no5p4tyjxxwfesqevjoi4xi7,3,dannyfromparamore.bsky.social,arcticmadi.bsky.social
did:plc:5hlyfnxkf42eskjrrf5dta26,did:plc:uwxifidvmiunwsw4miqkgf6c,1,millersimul.bsky.social,savionguyen.com
did:plc:5hnhc5gto2qbhwfqumds23x4,did:plc:45y7pknzeonus4nq74kq4o2d,2,jacoboleon.bsky.social,andergsj.bsky.social
did:plc:5hnhc5gto2qbhwfqumds23x4,did:plc:a7iy7b5pjuotc2vbufysr3pu,1,jacoboleon.bsky.social,eduardostpauli.bsky.social
did:plc:5hnhc5gto2qbhwfqumds23x4,did:plc:aq7dgjilbxbc2lfnqakricnf,3,jacoboleon.bsky.social,ozpintargaryen.bsky.social
did:plc:5hnhc5gto2qbhwfqumds23x4,did:plc:auhbw3xndrufx5uj4dhhrds2,1,jacoboleon.bsky.social,outconsumer.es
did:plc:5hnhc5gto2qbhwfqumds23x4,did:plc:o4vczhnnbiu2azgrhyrju4hj,1,jacoboleon.bsky.social,ionugutz.bsky.social
did:plc:5hnhc5gto2qbhwfqumds23x4,did:plc:pmpz7fj6dgslaucih5kblgzm,6,jacoboleon.bsky.social,arvorizo.eurosky.social
did:plc:5hnhc5gto2qbhwfqumds23x4,did:plc:pxfvkmkqjq2qdloksrufkm5y,1,jacoboleon.bsky.social,jcmorado.bsky.social
did:plc:5hnhc5gto2qbhwfqumds23x4,did:plc:smqsw6dwqno6kfyjydk2xmp5,6,jacoboleon.bsky.social,santyportela.bsky.social
did:plc:5hnhc5gto2qbhwfqumds23x4,did:plc:xq2ynrpaikyt3mk5budopbgi,3,jacoboleon.bsky.social,antoniomfraga.bsky.social
did:plc:5hputtkqrqbwjqow5hckvguf,did:plc:vdyw7lv45m755ne5sxelimkn,6,mdot1.bsky.social,taastee.blacksky.app
did:plc:5hte6gnsnq7uj2kjehtchsow,did:plc:yvy5ax23zpmoearxn6xsgqzf,1,chiefdorito.bsky.social,btrowland.bsky.social
did:plc:5huqumspzw2gahe23egeapqi,did:plc:z2vmhf6ol25qcsmmpo7fmlwf,1,shonnasaidso.blacksky.app,debbiecakes.blacksky.app
did:plc:5hzjoaaoprfx5bttooo62wee,did:plc:dj4vqszviionjofdjqkagexc,1,dilletaunt.bsky.social,davyjoneslr.bsky.social
did:plc:5ichrue3wqm6rq7olfm5qhig,did:plc:75ywphuamkbx76cq6efue5y5,1,jacksully.bsky.social,jlewenberg.bsky.social
did:plc:5igkof6gyy67lu5qekncbdga,did:plc:paf4vetn26bu7uggsie3vyrc,1,fodmonster.bsky.social,lawmurraythenu.bsky.social
did:plc:5igkof6gyy67lu5qekncbdga,did:plc:qhwaaftbnk7lid5mbtalykyu,1,fodmonster.bsky.social,jmcdanielsstpen.bsky.social
did:plc:5iiluqt5mqoolf73elmu2x5p,did:plc:t4i3a4fawuzge3dsw2i2h2fw,1,mikerimbaud.bsky.social,markjacob.bsky.social
did:plc:5iphzsoareriu6xekv2eifna,did:plc:7ksdv5tdc5pgtzjdc3mm6r2g,1,gorka91.bsky.social,diario.red
did:plc:5iphzsoareriu6xekv2eifna,did:plc:pdjdu7vii5ydp2qvinsr6p5r,1,gorka91.bsky.social,andraax.bsky.social
did:plc:5jjdxh5khm2aogk3a7ysq3lr,did:plc:v3ibi4s72mwzzuwwy5tv77pq,1,robinrainer2.bsky.social,daynperry.bsky.social
did:plc:5joehmhz5xlxewmnkatf7m7k,did:plc:7sfnardo5xxznxc6esxc5ooe,1,simonsays145.bsky.social,nba.com
did:plc:5jqx2b22pm5klyrrbwocrj5a,did:plc:k3i3d2xfibssxz2lbm45x54o,1,brianfairley.bsky.social,joshgondelman.bsky.social
did:plc:5jrjvtdqziuq7vguy4v27nsi,did:plc:fg5ks6bevpbwkha6o3s2y27h,1,mattybroyal.bsky.social,alexkirshner.com
did:plc:5js5fxfriqra6auguad3aluk,did:plc:aii7twankqtrkspfpvetcxvq,1,jaqui1920.blacksky.app,jazzreads.bsky.social
did:plc:5jwjqc5zkxyi733feuols4ia,did:plc:2i2l6t4uh4y7vahpn7hiqx3f,1,tjnagel.bsky.social,iztokfranko.bsky.social
did:plc:5jwjqc5zkxyi733feuols4ia,did:plc:b2kutgxqlltwc6lhs724cfwr,1,tjnagel.bsky.social,theathletic.com
did:plc:5jwjqc5zkxyi733feuols4ia,did:plc:crcybmshorvvegmbkp5rvgjv,1,tjnagel.bsky.social,nbcswarriors.bsky.social
did:plc:5jwjqc5zkxyi733feuols4ia,did:plc:jctupu3tzinuhbdsjxm4sldd,1,tjnagel.bsky.social,hiphopstorian.bsky.social
did:plc:5jwjqc5zkxyi733feuols4ia,did:plc:liaewisbdf7qxdu3o75g52sa,2,tjnagel.bsky.social,sailormichael.bsky.social
did:plc:5jwjqc5zkxyi733feuols4ia,did:plc:ltqfqc7re3qtz4ot4ioyro6e,1,tjnagel.bsky.social,slickster0353.bsky.social
did:plc:5jwjqc5zkxyi733feuols4ia,did:plc:nclsvrcyqinwrs2263f6hwxe,1,tjnagel.bsky.social,seangunn.bsky.social
did:plc:5kif3mm47q57pnmbo32t6tx6,did:plc:cyflytcyyyhawlrnnwiv25nd,1,stoneded.bsky.social,btoporek.bsky.social
did:plc:5kwhtqk4ryztgx7qxzm5roqw,did:plc:qq34koonfsjed54ix3ezvzpe,1,alsonamedphil.bsky.social,stephenburtch.bsky.social
did:plc:5kwhtqk4ryztgx7qxzm5roqw,did:plc:yq4odixjl75y4pi66dm6eibb,1,alsonamedphil.bsky.social,jaredof.bsky.social
did:plc:5l53fykps2itl4dfov5wgbhi,did:plc:3ptwjyxtszedewmllnzovqtd,1,ascher1.bsky.social,derekbodner.bsky.social
did:plc:5l53fykps2itl4dfov5wgbhi,did:plc:cyflytcyyyhawlrnnwiv25nd,1,ascher1.bsky.social,btoporek.bsky.social
did:plc:5l53fykps2itl4dfov5wgbhi,did:plc:zfxkhiy2lyomncn3lykkwzi7,1,ascher1.bsky.social,austinkrell.bsky.social
did:plc:5ldhrdenepnljkj3l5iry5ub,did:plc:26375peygwnrijoepmy2fdcs,1,johnvanderwindt.bsky.social,washingtonstatestandard.com
did:plc:5le7who3ulk65kdqasv6g6zr,did:plc:hf7ezrajxadu7v3tzcyij424,1,dianeb1.bsky.social,parkermolloy.com
did:plc:5lhbxuhq43bh4pk2rbmh65kl,did:plc:itppvytc7nxhz63shipp2q26,1,omegaville.bsky.social,fmi.bsky.social
did:plc:5lj64jqib3asaozouzs6bioh,did:plc:b5s7pvomuo3xwd3wgdpnohtt,1,bluesquirrel82.bsky.social,bullsjay.bsky.social
did:plc:5m4hsavvv4odrnc6socrih3z,did:plc:5qwi3qlql6ssbxbbbk7qnjkm,1,verbalkint7.bsky.social,marceleggstein.bsky.social
did:plc:5m4hsavvv4odrnc6socrih3z,did:plc:j24jtz7xkt5ttdsk32mmpkvn,1,verbalkint7.bsky.social,johnhollinger.bsky.social
did:plc:5m4hsavvv4odrnc6socrih3z,did:plc:v6xd7qcm4tsgb4ndo547vh4n,1,verbalkint7.bsky.social,jeskeets.bsky.social
did:plc:5mcnhmdxneporrhziopjn3e6,did:plc:5kqgodz4wjswkceymltyrph7,1,trillyana.bsky.social,yousoro.bsky.social
did:plc:5mtfmunw6otjrfroxgty3zvc,did:plc:b2kutgxqlltwc6lhs724cfwr,1,gimmeshelter61.bsky.social,theathletic.com
did:plc:5mw6ynz3lck2azqtov3s7heb,did:plc:b2kutgxqlltwc6lhs724cfwr,1,verifyguy.bsky.social,theathletic.com
did:plc:5n3bbfop5twdd4orex4o6yop,did:plc:yj436z2s2v37rvaw33lc4ryq,1,dantappan.net,mbkplus.bsky.social
did:plc:5n7jq32lowhmcjvftrljijvm,did:plc:b5s3fcr3e4s4rvd3s2v7uwsz,1,lindsayfickas.bsky.social,seexreadxwrite.bsky.social
did:plc:5n7jq32lowhmcjvftrljijvm,did:plc:p2juwqpfbqp3xs5ucqsat53z,1,lindsayfickas.bsky.social,socalhky.bsky.social
did:plc:5n7jq32lowhmcjvftrljijvm,did:plc:upxlmnwfxmwgk4h46ac7wln6,1,lindsayfickas.bsky.social,truebluebrenda.bsky.social
did:plc:5nf6u2kmdtd5uwcfnertpd2x,did:plc:b2kutgxqlltwc6lhs724cfwr,1,chisyd.bsky.social,theathletic.com
did:plc:5nf6u2kmdtd5uwcfnertpd2x,did:plc:enz3smiw724ld222kuzucvee,1,chisyd.bsky.social,walker-2512.bsky.social
did:plc:5nf6u2kmdtd5uwcfnertpd2x,did:plc:jjcd4m3awphmc2vhfd3f4hfd,1,chisyd.bsky.social,superdesai.bsky.social
did:plc:5nu4bbj7w3him3zi2sot76cm,did:plc:gnpqymp3vq6cjuh3oaijskde,1,danlucero.bsky.social,bradbell22.bsky.social
did:plc:5nueixfkwwi4t4audspv5gs5,did:plc:6ahv2jk7wea2fql74oiisng6,1,enuigrouse.bsky.social,scottagness.bsky.social
did:plc:5nueixfkwwi4t4audspv5gs5,did:plc:s2ahnyyou2ocsnkyjai3u3na,1,enuigrouse.bsky.social,alexgoldennba.bsky.social
did:plc:5oqva7ojfn4mwnnd2rm4w2nm,did:plc:cdpibgtbtkjljoxukcav72rw,1,primalredge.bsky.social,mickounet.bsky.social
did:plc:5oqyoe4irmg2225357yacaix,did:plc:nztbvvo2gl4227zuxjf7gog3,1,the-barely-jew.bsky.social,ddayen.bsky.social
did:plc:5oqyoe4irmg2225357yacaix,did:plc:t7lztlgjuikbvv2oa52kilzw,1,the-barely-jew.bsky.social,biueskies.bsky.social
did:plc:5oyboxuyjrmb3qspogdbmiot,did:plc:wjzgmghmvdbpkap46h6wg6fa,1,mahanimal.bsky.social,bdubcubs.bsky.social
did:plc:5pcnpajtjtiph4sylxwd6j72,did:plc:25j5r47em2gmbiypflegz6bk,1,hskrpwr.bsky.social,petemrogers.bsky.social
did:plc:5pkawpeqrcqsrhcq27juqffh,did:plc:bdacp2cmuuyawx553cv2spdy,1,tylerjamesbae.bsky.social,grubb.wtf
did:plc:5pktb4npn3geflobb3gyqvti,did:plc:uvq4eydke6s6dmjtccqykgpn,1,kurtalert.bsky.social,chgo-bulls.bsky.social
did:plc:5qdnrwtr5ktuaevjyg7ufcra,did:plc:4xaad7thmc4uqdhefbq6vizm,2,mmwritesmore.bsky.social,johnbull.wtf
did:plc:5qdnrwtr5ktuaevjyg7ufcra,did:plc:7ut56i3tgnblkrpn6nrldeen,1,mmwritesmore.bsky.social,jasonwaterfalls.bsky.social
did:plc:5qdnrwtr5ktuaevjyg7ufcra,did:plc:e3ktrbooe3mildj4hhwhsvtc,1,mmwritesmore.bsky.social,mikeascotto.bsky.social
did:plc:5qdnrwtr5ktuaevjyg7ufcra,did:plc:ml7jaq5xrzjp7wekbetnd2nb,1,mmwritesmore.bsky.social,benjaminabaya.com
did:plc:5qdnrwtr5ktuaevjyg7ufcra,did:plc:tceporr2hgnsph6ea3veqnp5,1,mmwritesmore.bsky.social,llcoolray.bsky.social
did:plc:5qnz7xt562baxgayzuyri3fs,did:plc:3q2bc4e3zxdq43xmtfwfiebs,1,av34-gini242.bsky.social,juansintierra2666.bsky.social
did:plc:5qu6fzha5r54pts54n4n3rp2,did:plc:iuvmcnnin2y75uotxpw4pw7o,1,chaclo.blacksky.app,nyx-19.bsky.social
did:plc:5qwi3qlql6ssbxbbbk7qnjkm,did:plc:5m4hsavvv4odrnc6socrih3z,1,marceleggstein.bsky.social,verbalkint7.bsky.social
did:plc:5qwi3qlql6ssbxbbbk7qnjkm,did:plc:ftnhzi7uiyip3yxfsgshmrtr,1,marceleggstein.bsky.social,fraenktowelie.bsky.social
did:plc:5qwi3qlql6ssbxbbbk7qnjkm,did:plc:hb53hi7ky3eakfpbk4tkqcqo,1,marceleggstein.bsky.social,graugans23.bsky.social
did:plc:5qwi3qlql6ssbxbbbk7qnjkm,did:plc:k53pcbxtfffiusdi7yxf3z2g,1,marceleggstein.bsky.social,straightedge78.bsky.social
did:plc:5qwi3qlql6ssbxbbbk7qnjkm,did:plc:pa3jceitipxtdlvittz2pdgv,2,marceleggstein.bsky.social,thortschmann.bsky.social
did:plc:5qwi3qlql6ssbxbbbk7qnjkm,did:plc:v2zuyw5hkrdxu4pgympy2s3y,3,marceleggstein.bsky.social,dogfather7.bsky.social
did:plc:5qwvaghfpxalgpywde4rneiv,did:plc:cyflytcyyyhawlrnnwiv25nd,1,deusexmacadamia.bsky.social,btoporek.bsky.social
did:plc:5rhhrhp35bcyqieoniuqsw6u,did:plc:5gj5khlp45ju7pi5oagklt4x,1,johngennaro.com,willholder.bsky.social
did:plc:5rhhrhp35bcyqieoniuqsw6u,did:plc:z2mu7un3ide4bpb2j3ovbo7k,1,johngennaro.com,mensie.bsky.social
did:plc:5sbv2t4ftpusgf4mdvljyknw,did:plc:6jpqgc6d4tplxcioxuh7khmr,2,zigazoid.bsky.social,jimowczarski.bsky.social
did:plc:5sbv2t4ftpusgf4mdvljyknw,did:plc:b6v54l7vnitivlnyqekh47xd,1,zigazoid.bsky.social,tiwindisch.gspn.info
did:plc:5sjg57qt3w3uosop2xdoc5ra,did:plc:b2kutgxqlltwc6lhs724cfwr,1,arob32.bsky.social,theathletic.com
did:plc:5sjqcxcnbcbfd4xvklx46636,did:plc:e62gb2ushvtvjvqcbrxeaw2n,2,original-the-perk.bsky.social,chrislhayes.bsky.social
did:plc:5sjqcxcnbcbfd4xvklx46636,did:plc:lezy2ipafyzql7z46nizrtmc,1,original-the-perk.bsky.social,wh6785.bsky.social
did:plc:5sob3tvrv4nw574th7ve3fxr,did:plc:2emupgm6taztttxwrjk4qk22,1,ehdem.bsky.social,1robgunther.bsky.social
did:plc:5swlhr7r3qlbbpfnc233mdpi,did:plc:gkuvdmlfx3yppbly6b3phjt3,1,urahonky.bsky.social,tieflingkisser.bsky.social
did:plc:5torrpxh54ngtx7mfukjh2af,did:plc:lk3ligc5pwx7nkv3a5amntsn,1,erikbball3.bsky.social,will-z-stats.bsky.social
did:plc:5u3kvxykt32xlmydxz6mh7jq,did:plc:cyflytcyyyhawlrnnwiv25nd,2,ocaptmyobvious.bsky.social,btoporek.bsky.social
did:plc:5u3kvxykt32xlmydxz6mh7jq,did:plc:rrh5me656wmncolysevqhc4y,1,ocaptmyobvious.bsky.social,adamaaronson.bsky.social
did:plc:5u52hag2dioduklzkdwzhetu,did:plc:k6jgbx7wc657rq2tzziyxhti,1,natsun3k0.bsky.social,tediosa-miss.bsky.social
did:plc:5ultdpduwip45un5p2u43oig,did:plc:rrh5me656wmncolysevqhc4y,1,goffmania.bsky.social,adamaaronson.bsky.social
did:plc:5unqdfnvb4e6t77andeimylv,did:plc:n2jocs5nr3tkng2lxw7clpvv,1,jacques123456.bsky.social,denisdrum.bsky.social
did:plc:5unqdfnvb4e6t77andeimylv,did:plc:pmj4qr7kz2luz2zylybd4doo,1,jacques123456.bsky.social,ericengels.bsky.social
did:plc:5usz3ucexozju7trleyvcrzx,did:plc:izehxvvqo37nfna3245hhtt3,2,rudyboa.bsky.social,stephnoh.bsky.social
did:plc:5uzdxdikpnrvzychn75hajcz,did:plc:m2tdiw6yphtre6p6m6skgzo6,1,sammillerbb.bsky.social,cdgoldstein.baseballprospectus.com
did:plc:5v64dfvjtsrbx7wk3slidueg,did:plc:nqldnvpt6wqlgyns2wnsjkov,1,stoopkiid.bsky.social,mondaynyquil.bsky.social
did:plc:5vflvd2lounjn7tdlftvetcn,did:plc:b2kutgxqlltwc6lhs724cfwr,1,paleoarctic.bsky.social,theathletic.com
did:plc:5vflvd2lounjn7tdlftvetcn,did:plc:fqsmj7o5mbb7n7oav2kkjuid,1,paleoarctic.bsky.social,nbastat.bsky.social
did:plc:5vkeevx5bdenwyu7esenihhq,did:plc:t4i3a4fawuzge3dsw2i2h2fw,1,autiebea.bsky.social,markjacob.bsky.social
did:plc:5w4m4t2bxnesji6xg45p2wgm,did:plc:b5s7pvomuo3xwd3wgdpnohtt,1,macleanw.bsky.social,bullsjay.bsky.social
did:plc:5w4m4t2bxnesji6xg45p2wgm,did:plc:e62gb2ushvtvjvqcbrxeaw2n,1,macleanw.bsky.social,chrislhayes.bsky.social
did:plc:5w4m4t2bxnesji6xg45p2wgm,did:plc:izehxvvqo37nfna3245hhtt3,1,macleanw.bsky.social,stephnoh.bsky.social
did:plc:5w4m4t2bxnesji6xg45p2wgm,did:plc:izzdznpbf2iqrw2dayuurjr7,6,macleanw.bsky.social,plainfield.bsky.social
did:plc:5w4m4t2bxnesji6xg45p2wgm,did:plc:ofc2wjhhi2r63yf2vdh5bu7e,1,macleanw.bsky.social,eyetwitch.bsky.social
did:plc:5w4m4t2bxnesji6xg45p2wgm,did:plc:s42iw2fbfmgsgh7hdtvvoaao,1,macleanw.bsky.social,hoopinformatics.bsky.social
did:plc:5w4m4t2bxnesji6xg45p2wgm,did:plc:sanjdnfszpuiencndclday4o,1,macleanw.bsky.social,zachkram.bsky.social
did:plc:5wi4guyk2menzbxt66y6soen,did:plc:dopbstmnsij5ipmn6sr3fd43,1,adamj.bsky.social,sethrosenthal.bsky.social
did:plc:5wi4guyk2menzbxt66y6soen,did:plc:y662hbroc6cgjelgvje3fsio,1,adamj.bsky.social,lieutenantwinslow.bsky.social
did:plc:5wjpexvtlh6gu4vpxztgkvjx,did:plc:rrh5me656wmncolysevqhc4y,1,kskobac.bsky.social,adamaaronson.bsky.social
did:plc:5wrb75vxgatuiw7xcuxfcib4,did:plc:tgd5fqgz2ivxphgui2x564cw,1,bobbysegs.bsky.social,therealestjmark.bsky.social
did:plc:5ws5umb2qnymuj3h7sby52ee,did:plc:ljy4hdc6feut7cyjqnh4iunl,1,feelinfroggy.bsky.social,nashdelirium.bsky.social
did:plc:5wv42hjlutwgliie4vxpbgu5,did:plc:salkfofksoaz62t7ccf6gn5x,2,catrenzer.bsky.social,robolovejoy.bsky.social
did:plc:5x5juinjrbnmkmcotglexjpz,did:plc:3mcljjluid46rbxexxqep3lr,2,harm-increasion.bsky.social,femmebanyama.bsky.social
did:plc:5xc4lfb7e6zjmgodlx55gbe7,did:plc:b2kutgxqlltwc6lhs724cfwr,1,biubay.bsky.social,theathletic.com
did:plc:5xkmnyxcbobjww3apfq5ulj7,did:plc:3sv6fcfaqndsylahniftbkew,4,pleeber.bsky.social,highmynameishi.bsky.social
did:plc:5xkmnyxcbobjww3apfq5ulj7,did:plc:sa73fbx3vxzh2fw5pu5wmief,1,pleeber.bsky.social,shamsbot.bsky.social
did:plc:5xnjrrlttwfikm6dwzjud6hp,did:plc:b2kutgxqlltwc6lhs724cfwr,1,raygaholic.bsky.social,theathletic.com
did:plc:5xufontwp6hgz7oyfdkdg6fh,did:plc:l4l3tzs2t7qrvgdqdvbrgzol,1,kinakuta.bsky.social,blazersunitracker.bsky.social
did:plc:5y7gtmlcfbejb7wuqz6hywx7,did:plc:izehxvvqo37nfna3245hhtt3,1,steven55.bsky.social,stephnoh.bsky.social
did:plc:5yitbf3jhrnlb3cswqttpvuy,did:plc:4qr3bdioaf4td74kvwvdjacs,1,eserv77.bsky.social,skittlesnbeer.bsky.social
did:plc:5yudaw4kdiukufltefyo4fsh,did:plc:f5oj3h5yslnl5ymnvya5aecv,1,masmith78.bsky.social,awfulannouncing.bsky.social
did:plc:5yudaw4kdiukufltefyo4fsh,did:plc:lcsvd5mnmocfvsxkqpcczyiw,2,masmith78.bsky.social,11mmyjohns.bsky.social
did:plc:5yudaw4kdiukufltefyo4fsh,did:plc:ptwafvhch2637znsemofixae,1,masmith78.bsky.social,lore-core.bsky.social
did:plc:5yudaw4kdiukufltefyo4fsh,did:plc:xoc6dhlipyb2plo6vwzcmhjt,1,masmith78.bsky.social,turnitup5000db.bsky.social
did:plc:5yxrgqpgnc6k7mu7vgcbt6xm,did:plc:l4yavyh246boe7uzo4cua2ns,1,sammywhammy59.bsky.social,nowarbutclasswar.bsky.social
did:plc:5zbcq2h7zf26tnozrosxnke5,did:plc:4xpj3xjxsxxcuh3ghaulzdqu,1,justind4885.bsky.social,yourmandevine.bsky.social
did:plc:5zbkquosikf3i73uggouq3jz,did:plc:e62gb2ushvtvjvqcbrxeaw2n,1,kembaford.bsky.social,chrislhayes.bsky.social
did:plc:5zboaia4me4ykjkoeo4eamal,did:plc:noshg2tesu4hftn7edrmhfvy,1,truthhappens316.bsky.social,broadstreethockey.com
did:plc:5zjsypujraz2kbwegjev4cd2,did:plc:b2kutgxqlltwc6lhs724cfwr,1,pdr-mrgl23.bsky.social,theathletic.com
did:plc:5zvwgexrvlusnekgajr47pgl,did:plc:2jprfvpdny5oxnqyjs2jijzm,1,turtlyburtly.bsky.social,spencito.bsky.social
did:plc:5zvwgexrvlusnekgajr47pgl,did:plc:3gmqzj4gplzzpphv3sc5bted,2,turtlyburtly.bsky.social,rk0694.bsky.social
did:plc:6232ziigdajlosxomjlwlcra,did:plc:kegsrqitw7qm75mc44yeqww6,2,yamisome.bsky.social,march649.bsky.social
did:plc:62ilh6mpf5wlszir7g5idimi,did:plc:3n6tlt4druahl6g5qwwj5hmh,1,oneill4real.bsky.social,topherj.bsky.social
did:plc:62ilh6mpf5wlszir7g5idimi,did:plc:pg3zlnog4fdtsy4yu6nh46fi,2,oneill4real.bsky.social,chrisherrington.bsky.social
did:plc:62jnlcsohnkrvhybxe53gfux,did:plc:mqqgru65bpyklrwsusn24kvf,1,itstcg.bsky.social,markskog.bsky.social
did:plc:62re5srkcoictcqv7p65rsap,did:plc:6ka4iusdhjwuyj4jvj3ronts,1,scottraineri.bsky.social,annamelissa.bsky.social
did:plc:62we7p5icwmhqld63wlpiggj,did:plc:hf7ezrajxadu7v3tzcyij424,1,debpolston.bsky.social,parkermolloy.com
did:plc:63gm2dalc7welt73fp23a3kh,did:plc:t4i3a4fawuzge3dsw2i2h2fw,1,kronn.bsky.social,markjacob.bsky.social
did:plc:63lloz4rtbzsyvmrw22jqnyq,did:plc:nu5ugkstpct76qneplvm26jf,1,ghostofdonknotts.bsky.social,feel-the-fasc-tasy.bsky.social
did:plc:63wuofmff34wv4wvikw3y5n3,did:plc:b2kutgxqlltwc6lhs724cfwr,1,jurisdivapaula.bsky.social,theathletic.com
did:plc:63z3qcqe2rifb6axewgah7bu,did:plc:n3mr2ncepa2srs3ek5zai3fg,1,johnbosch.bsky.social,shawnfoss.bsky.social
did:plc:6435lftcmpvxasbkrtsw22i7,did:plc:bvn5oncrh2mie4nxuzbiqjmi,1,mcnees.bsky.social,juliapoe.bsky.social
did:plc:647rgz3eqp6geveauc6iwwf6,did:plc:pgd2ep2kwubi6t6rgwujhgzg,1,nwstaydet.bsky.social,astroeric12.bsky.social
did:plc:64diwmjni77eijsbrinm56at,did:plc:diptjupvru2xqh6pwbrpzsz4,1,philipmccormick.bsky.social,repmcgovern.bsky.social
did:plc:64fuz53jozpizcfybrc4diwo,did:plc:dlvwl3btyrst3q554tpgoc2j,2,josey76.bsky.social,jcry.bsky.social
did:plc:64fuz53jozpizcfybrc4diwo,did:plc:pxdf7acxdsyulfnff4rqv726,3,josey76.bsky.social,scorpiono.blacksky.app
did:plc:64fuz53jozpizcfybrc4diwo,did:plc:sa73fbx3vxzh2fw5pu5wmief,1,josey76.bsky.social,shamsbot.bsky.social
did:plc:64fuz53jozpizcfybrc4diwo,did:plc:sorfu2gb33zupjta7f22pdke,1,josey76.bsky.social,not-wralsportsfan.bsky.social
did:plc:64gbxxpcckwnozjykcf3wn4d,did:plc:z4r2ghnddemx7tl5jgkvzu2p,1,kenndotcom.bsky.social,jcbradbury.com
did:plc:64mx7d4yj55mumy7j3weubaf,did:plc:hf7ezrajxadu7v3tzcyij424,1,doctoracularf.bsky.social,parkermolloy.com
did:plc:657lb3667l3gzworvtjptuuk,did:plc:skrn2q2lmv7jm3jsgtcc5wsf,2,rw530710.bsky.social,cmikesspinmove.bsky.social
did:plc:65q24x7jododkc3mam5udbd6,did:plc:b2kutgxqlltwc6lhs724cfwr,1,seehesh.bsky.social,theathletic.com
did:plc:65qtrprvkn5a7yrngqzkxj4i,did:plc:oj5blc3orcaoahohplfbaoz2,1,klausegelund.bsky.social,msjnba.bsky.social
did:plc:65utbp54mhy42aw2kzdbuhb5,did:plc:fgpyya4en5thfmi6usrr3kvv,1,catdome55.bsky.social,jasonkirk.fyi
did:plc:66ectx3gi4ffi3gtbnxrxvlh,did:plc:cvgfgkowwcxwpcrr5o6dq4lg,1,ndhapple.bsky.social,mattbrown.bsky.social
did:plc:66iacpmbjqojyprp6ubgz3rj,did:plc:to665uwtrz6uuvcw7n6v6zho,1,benseager.co.uk,nickalps.bsky.social
did:plc:66jzhb7uvnds7wmkkr2wyhfv,did:plc:dlbppl2kdyccutor3t3jsuan,1,steelydanch.bsky.social,evanempdx.bsky.social
did:plc:66qwrjmym3k2bzaztzfhc45n,did:plc:ccfez3dvabztsa4hjnpyc4xp,3,ragglock.bsky.social,timothyz.bsky.social
did:plc:66qwrjmym3k2bzaztzfhc45n,did:plc:e62gb2ushvtvjvqcbrxeaw2n,1,ragglock.bsky.social,chrislhayes.bsky.social
did:plc:66wosuvdsrvkpi4lvi7uba3t,did:plc:sddydfc6cx7mylicumg76d5o,1,hackermanhm.bsky.social,chinga-la-migra.bsky.social
did:plc:66wurc2ap26erne32rftpjqa,did:plc:t4i3a4fawuzge3dsw2i2h2fw,1,ironyhorse.bsky.social,markjacob.bsky.social
did:plc:67ak4jbk5amgkdkkkbrqh5pj,did:plc:wp6oep3l55j76cnpvn5uased,1,djweedpizza.gobirds.online,lindseyadler.bsky.social
did:plc:67c5qnhh3pqvkj5ta4osrdrr,did:plc:7ksdv5tdc5pgtzjdc3mm6r2g,1,pedro60lorca.bsky.social,diario.red
did:plc:67r6m5ouxc6vtuoh23hy4m52,did:plc:s42iw2fbfmgsgh7hdtvvoaao,1,richardcrossan.bsky.social,hoopinformatics.bsky.social
did:plc:67r6m5ouxc6vtuoh23hy4m52,did:plc:wmqeyoxhxyod73wcot4sqhe7,1,richardcrossan.bsky.social,jonhamm.bsky.social
did:plc:67selz46axd5w6yg5usngt2h,did:plc:22fudzaxnal4ddodzv2o6mwk,2,dangerwithin.bsky.social,jmcdonaldsa.bsky.social
did:plc:67selz46axd5w6yg5usngt2h,did:plc:2mxadfg4ck5lwlur64dsvan7,1,dangerwithin.bsky.social,brenda2026.bsky.social
did:plc:67sjetcan5vcnon4p36wrjrv,did:plc:uot2muy7bgn6ju7lj23ztk3i,1,belugasturgeon.bsky.social,mellyinchains.bsky.social
did:plc:67ywlvjjdndgceqtemhjm42i,did:plc:hf7ezrajxadu7v3tzcyij424,1,griffinlahre.bsky.social,parkermolloy.com
did:plc:6am5wytyiihwhkuencsvrlpv,did:plc:b2kutgxqlltwc6lhs724cfwr,2,mxmllnr.bsky.social,theathletic.com
did:plc:6aom3jfaibghq6iw24gynxcr,did:plc:pmj4qr7kz2luz2zylybd4doo,1,geoffm777.bsky.social,ericengels.bsky.social
did:plc:6aruq2to5dssyoqwmt5v3rvu,did:plc:2xfccxia4t234diuubuqqkkn,1,courtneyfox1.bsky.social,jasonlogic.bsky.social
did:plc:6aruq2to5dssyoqwmt5v3rvu,did:plc:3wokm22sks7autfefxkkl255,5,courtneyfox1.bsky.social,mnemonicer.bsky.social
did:plc:6aruq2to5dssyoqwmt5v3rvu,did:plc:4xaad7thmc4uqdhefbq6vizm,1,courtneyfox1.bsky.social,johnbull.wtf
did:plc:6aruq2to5dssyoqwmt5v3rvu,did:plc:6cuqboowqvkewzxpimn4xdh5,4,courtneyfox1.bsky.social,itspbtwo.bsky.social
did:plc:6aruq2to5dssyoqwmt5v3rvu,did:plc:dqx4kv5o6zcwzlgg3lkltmbs,2,courtneyfox1.bsky.social,afparker642.bsky.social
did:plc:6aruq2to5dssyoqwmt5v3rvu,did:plc:gwk23pspkzx7ifoxvqvuab5q,1,courtneyfox1.bsky.social,ethanpfreedman.com
did:plc:6aruq2to5dssyoqwmt5v3rvu,did:plc:kieme6lsxzsbmcizqr4snp7b,1,courtneyfox1.bsky.social,animeiscool.bsky.social
did:plc:6aruq2to5dssyoqwmt5v3rvu,did:plc:kwlvdsth3xvfq7rmtm22ch45,2,courtneyfox1.bsky.social,roguestardust.bsky.social
did:plc:6aruq2to5dssyoqwmt5v3rvu,did:plc:kxvzefhde44ctt3it2nkbkop,1,courtneyfox1.bsky.social,sevansdfs.fantasynowplus.com
did:plc:6aruq2to5dssyoqwmt5v3rvu,did:plc:mh2ppg7rtvnbesr4gyjjkgem,1,courtneyfox1.bsky.social,megalu.bsky.social
did:plc:6aruq2to5dssyoqwmt5v3rvu,did:plc:mhjtiosl5m4pn4uszu4jeqwj,3,courtneyfox1.bsky.social,ko-alla.bsky.social
did:plc:6aruq2to5dssyoqwmt5v3rvu,did:plc:mj5mge44c6qgihkszdbs6sdw,2,courtneyfox1.bsky.social,saramontourlewis.com
did:plc:6aruq2to5dssyoqwmt5v3rvu,did:plc:nrzonytvdybfyy7t7b3jr6le,1,courtneyfox1.bsky.social,montepoole.bsky.social
did:plc:6aruq2to5dssyoqwmt5v3rvu,did:plc:nspqsv2dplvzqmxnpu5ysucy,1,courtneyfox1.bsky.social,letsberational.bsky.social
did:plc:6aruq2to5dssyoqwmt5v3rvu,did:plc:snd6emaurdlvfcnql4fg5jnw,2,courtneyfox1.bsky.social,klew6.bsky.social
did:plc:6aruq2to5dssyoqwmt5v3rvu,did:plc:t3k3ngh34buqimtjjjhtu2xz,1,courtneyfox1.bsky.social,johngpettus.bsky.social
did:plc:6aruq2to5dssyoqwmt5v3rvu,did:plc:xux5tv6xhwbr3tu3nfl5ovs4,1,courtneyfox1.bsky.social,icedcoffee.bsky.social
did:plc:6asa2ztpcd4ncerqmwrsylj3,did:plc:j24jtz7xkt5ttdsk32mmpkvn,1,ktheintz.bsky.social,johnhollinger.bsky.social
did:plc:6b3nvvvr4z5662q7va7vxqf7,did:plc:fgpyya4en5thfmi6usrr3kvv,1,laportereporte.bsky.social,jasonkirk.fyi
did:plc:6beluo5xgn65lmsf6x6xqq6x,did:plc:t6ir6tophcozpmz2d74slsx4,1,billoram.bsky.social,brandonmullen.bsky.social
did:plc:6bexzxdizrsqrqiwphskpk3v,did:plc:3bskuhu5fv2azw6cmf7xf64q,1,alvysinger.bsky.social,brgulker.bsky.social
did:plc:6bfobt7ssw6scat2h3uzvg25,did:plc:vb7iikxpdtc3ox5o27tjl4sl,2,badposter.lol,oldbaby.bsky.social
did:plc:6cb5tuoewgwjjwnassii5sum,did:plc:7sfnardo5xxznxc6esxc5ooe,1,mat-basterson.bsky.social,nba.com
did:plc:6ckvfr3ud52jjedyhye2zpbk,did:plc:wbpjhdry2la6ozeiqrdmpmms,2,billyconard.bsky.social,kpelton.bsky.social
did:plc:6cqkcehhbpplatpdpbiglt2x,did:plc:v3ibi4s72mwzzuwwy5tv77pq,1,stibret.bsky.social,daynperry.bsky.social
did:plc:6cuqboowqvkewzxpimn4xdh5,did:plc:2f6mbmnobkr34sskaipe4xoy,2,itspbtwo.bsky.social,jessup-at-large.bsky.social
did:plc:6cuqboowqvkewzxpimn4xdh5,did:plc:6aruq2to5dssyoqwmt5v3rvu,3,itspbtwo.bsky.social,courtneyfox1.bsky.social
did:plc:6cuqboowqvkewzxpimn4xdh5,did:plc:i2raeckbqvedtmc72a7csrcl,1,itspbtwo.bsky.social,rozatd.bsky.social
did:plc:6cuqboowqvkewzxpimn4xdh5,did:plc:m26spbicnrlfveidoes5r55z,1,itspbtwo.bsky.social,ahfaustinomd.bsky.social
did:plc:6cuqboowqvkewzxpimn4xdh5,did:plc:qwh2jhvps4nfrmcrbyevsigy,7,itspbtwo.bsky.social,chieftabi.bsky.social
did:plc:6d3mvxxb6ojutk4p4q4cpgxu,did:plc:z465a2pswjaawkny6whmwidr,1,barmearme.bsky.social,hamthedm.bsky.social
did:plc:6d6ntiuvfc6di4tpmi4svy4h,did:plc:uj3zyf2nlre7t5orkcukexi4,1,lastnameveals.bsky.social,playest.bsky.social
did:plc:6daqlqwgx3hpurp2jmisdp46,did:plc:luofuy2uw7g4vsd2vbwidtel,1,frothysamadhi.bsky.social,keithsmithnba.bsky.social
did:plc:6daqsidtm7hl45eohryisabi,did:plc:wbpjhdry2la6ozeiqrdmpmms,2,runbabyo.bsky.social,kpelton.bsky.social
did:plc:6djlza53pzdchhxrpgvtyd7d,did:plc:5evwxbkribrppyxpqasovnc2,1,eldritchbumblebee.bsky.social,tyrcasey.bsky.social
did:plc:6dncpukanyxmwxedso4iysui,did:plc:nysflsm7rfrqz5apns2mzkrz,1,cumtown20.bsky.social,brodiejstephens.bsky.social
did:plc:6dncpukanyxmwxedso4iysui,did:plc:sa73fbx3vxzh2fw5pu5wmief,1,cumtown20.bsky.social,shamsbot.bsky.social
did:plc:6dncpukanyxmwxedso4iysui,did:plc:tuezgllkro3n37ymvm6f3gta,2,cumtown20.bsky.social,moonbar.bsky.social
did:plc:6dp5lbuo2pcogwp36sl7wtzu,did:plc:sa73fbx3vxzh2fw5pu5wmief,1,infamousmat.bsky.social,shamsbot.bsky.social
did:plc:6dv75t33gcvz2nkbmpdazyyp,did:plc:26375peygwnrijoepmy2fdcs,1,markvonwahlde.bsky.social,washingtonstatestandard.com
did:plc:6e34rwnthq266lvwzfbvbx2g,did:plc:njhdk26zdoxrd6dztngazea7,1,mercurycdx.bsky.social,machminotaur.bsky.social
did:plc:6e66uotez5g2tsf4rk3dd5jv,did:plc:3q6yryd7iw3p4wrk5mnovh3b,1,trinkwald.bsky.social,nemchocke.bsky.social
did:plc:6efcbx5qt2gei57lr5iscg7y,did:plc:dlrethrp3boha4lzrci5zg74,1,jaytea76.bsky.social,shantz.bsky.social
did:plc:6efkwq5ql72asmtlrgou25hv,did:plc:rruvlovookgbv36xbunk57oi,1,madtravels.bsky.social,newplacenewname.bsky.social
did:plc:6efkwq5ql72asmtlrgou25hv,did:plc:u3g3rtwne4yypzk3w7m2mdfn,1,madtravels.bsky.social,bvielhaber.bsky.social
did:plc:6elkozr74dmgtebnjmwcre7e,did:plc:tusj43dz56pmhimprvkgyf6k,1,midgardfinance.com,petergarnry.gesdacapital.com
did:plc:6ewtc6ccj3uoxfktx3vzttg6,did:plc:yj436z2s2v37rvaw33lc4ryq,1,gunfighter43.bsky.social,mbkplus.bsky.social
did:plc:6f4nmmqkyhw2isl4ngubzjn5,did:plc:5t3z7zuo2rbw4xhzyre2wclw,1,viewfromargus.bsky.social,marqed4death.blacksky.app
did:plc:6ffnbft3pbxqdhaadbqotznx,did:plc:fsmie7bvdor7igbmtqql3vga,1,noisefy.bsky.social,triggeredlib69420.bsky.social
did:plc:6fm742jikycixa3nikovm2zd,did:plc:njbc63z6l5mm4ttlcxunlsb5,1,kdubncarolina.bsky.social,khobiprice.bsky.social
did:plc:6fnzney5yhgjcbw664awibcm,did:plc:y77lmy4jy3cmmvyhga4qfano,1,karenho.bsky.social,tylerharper.bsky.social
did:plc:6fpolelhlb5p5dvccpxhzm64,did:plc:t4i3a4fawuzge3dsw2i2h2fw,1,mike.puterbaugh.net,markjacob.bsky.social
did:plc:6g2pwy62wqojflxvi5hn5cpm,did:plc:ze36vdm45xtjfqh4gzh45xlb,1,elsid704.bsky.social,mondilator.bsky.social
did:plc:6gbjhccglid7xtjzd25mxaau,did:plc:v5zfa7ikxk3blhwaccr3z5i5,1,michaeldelicio.bsky.social,msmambo.bsky.social
did:plc:6gpu2dsyzlvnql6lh42f3yea,did:plc:tb2bwzxom5qv4542ru3zqcgu,1,farmhousestudio.bsky.social,jakemgrumbach.bsky.social
did:plc:6gt6xq4v6iktnk2zfiejzeis,did:plc:sa73fbx3vxzh2fw5pu5wmief,1,paulaudette.bsky.social,shamsbot.bsky.social
did:plc:6hit5rjdbmlnscmuk4bbtmuc,did:plc:aauzlzzvsle7whfbf5pdfemk,1,rincewind.run,coyotegirl.online
did:plc:6hit5rjdbmlnscmuk4bbtmuc,did:plc:ahcborosqrfchi3iiyhoixch,1,rincewind.run,dennycarter.bsky.social
did:plc:6hj7ra5nd4dfmwenkzxnxpyh,did:plc:2i2l6t4uh4y7vahpn7hiqx3f,1,catalystwashere.bsky.social,iztokfranko.bsky.social
did:plc:6hzmojdepjaayn5h53ctseii,did:plc:sfuntlfo6whkatl7c7xnnmpm,1,jfsenechal.bsky.social,oliparle.bsky.social
did:plc:6i74exxwaxsr3e2qjbeh2sae,did:plc:b2tk5xrkdym6kkquutkj3gi2,1,mjwiegand.bsky.social,afarmerinohio.bsky.social
did:plc:6iipmkcbo7wy4bnjo5szlzto,did:plc:hf7ezrajxadu7v3tzcyij424,1,unaz666.bsky.social,parkermolloy.com
did:plc:6iy4b3uibpchtevx3u736obm,did:plc:2xmyrlbajfevm6xebndvbyu4,1,mango-badger.bsky.social,shadowtodd.bsky.social
did:plc:6j3vkdlplakae7opya3cgcmz,did:plc:l62t63gn4j6rna7kxso3jva7,1,makenomisteak.bsky.social,lonestarball.bsky.social
did:plc:6jowo2dizsnetpwatybas3v5,did:plc:lldgxx4auj7zsd2fp4hbory3,1,virtuallyjack.bsky.social,markjonesespn.bsky.social
did:plc:6jpqgc6d4tplxcioxuh7khmr,did:plc:4md3rkqkr6m6ifmggsbz6nde,3,jimowczarski.bsky.social,nbabeau.bsky.social
did:plc:6jpqgc6d4tplxcioxuh7khmr,did:plc:7uahugigvixjvxd5s2hidpad,1,jimowczarski.bsky.social,tonyreast.bsky.social
did:plc:6jpqgc6d4tplxcioxuh7khmr,did:plc:cwqp26rx7z6h76g6lo2ykbjk,1,jimowczarski.bsky.social,gwiss.bsky.social
did:plc:6jpqgc6d4tplxcioxuh7khmr,did:plc:dopbstmnsij5ipmn6sr3fd43,1,jimowczarski.bsky.social,sethrosenthal.bsky.social
did:plc:6jpqgc6d4tplxcioxuh7khmr,did:plc:fvir4trmbwka2ufxo53jjn3h,1,jimowczarski.bsky.social,spindavies.bsky.social
did:plc:6jpqgc6d4tplxcioxuh7khmr,did:plc:h2a5kxu5vmu6xcdlzadnhw4y,2,jimowczarski.bsky.social,btothed.bsky.social
did:plc:6jpqgc6d4tplxcioxuh7khmr,did:plc:lomvzpxqrg3gep6vcppbbm6x,2,jimowczarski.bsky.social,oregonfan.bsky.social
did:plc:6jpqgc6d4tplxcioxuh7khmr,did:plc:mxcqg5v2wmjl5a4veuwmdagc,2,jimowczarski.bsky.social,skeiser.bsky.social
did:plc:6jpqgc6d4tplxcioxuh7khmr,did:plc:oah77hjpjowbxygit4jilshf,1,jimowczarski.bsky.social,slimshady7523.bsky.social
did:plc:6jpqgc6d4tplxcioxuh7khmr,did:plc:py7chfax4ftugpcpyj2binih,1,jimowczarski.bsky.social,christopherhine.bsky.social
did:plc:6jpqgc6d4tplxcioxuh7khmr,did:plc:qrhfqquwwfxtcmfdagze6shg,1,jimowczarski.bsky.social,mycupcakesaremoist.bsky.social
did:plc:6jpqgc6d4tplxcioxuh7khmr,did:plc:sap772qgykylixcr2vtc4xe2,1,jimowczarski.bsky.social,jl419.bsky.social
did:plc:6jpqgc6d4tplxcioxuh7khmr,did:plc:vq47dnnhpwl2jir45t2vd76i,1,jimowczarski.bsky.social,jimmyfk.bsky.social
did:plc:6jpqgc6d4tplxcioxuh7khmr,did:plc:yavubedee5tzxee6zokhxrg3,1,jimowczarski.bsky.social,dennismtracy.bsky.social
did:plc:6jwjt2g3rp76fh5c2wznx5cj,did:plc:t4i3a4fawuzge3dsw2i2h2fw,1,cubreporter.bsky.social,markjacob.bsky.social
did:plc:6k64fdk32hj2lwcnkuybx376,did:plc:klxrfdfgw46owgd4lbeezssm,1,facesolo.bsky.social,chrisfumo.bsky.social
did:plc:6k7zfvrnus4vjjtnh6xl6hmb,did:plc:pq62cvmtjkdvrq3wqa52j7dl,1,mikenordson.bsky.social,kastronut.bsky.social
did:plc:6k7zfvrnus4vjjtnh6xl6hmb,did:plc:sf3zlfieuwb7dqwyaj74ye6j,2,mikenordson.bsky.social,nyk44.bsky.social
did:plc:6kciwjworm7ffbnov5dudefz,did:plc:rkpzrwxex34r36ypejhew7ml,1,gamboozle.bsky.social,howardbeck.bsky.social
did:plc:6l5jkynxxh62qawb7kbdzmta,did:plc:lgi3th7hikifyf2srdf5jncj,1,austonishing1.bsky.social,milph.mom
did:plc:6lc7lbfekuklw6lpqfyz674o,did:plc:7uahugigvixjvxd5s2hidpad,1,jordanmarvel.bsky.social,tonyreast.bsky.social
did:plc:6lloelaf7hkssb7lvp6pr7jh,did:plc:2mxadfg4ck5lwlur64dsvan7,1,dmoscotia.bsky.social,brenda2026.bsky.social
did:plc:6lounv3hlgeqacwum74voxpd,did:plc:5wrb75vxgatuiw7xcuxfcib4,1,devinmcintyre.bsky.social,bobbysegs.bsky.social
did:plc:6lounv3hlgeqacwum74voxpd,did:plc:pyhxbcecsajan5rvlcswqnrz,1,devinmcintyre.bsky.social,nobooks.bsky.social
did:plc:6lounv3hlgeqacwum74voxpd,did:plc:spsiktarvi5xbscebukb6kzc,1,devinmcintyre.bsky.social,samwi5e.bsky.social
did:plc:6lounv3hlgeqacwum74voxpd,did:plc:zgw663lwxmujmen5k4jmjair,2,devinmcintyre.bsky.social,danfavale.bsky.social
did:plc:6lzzjegrppno5abrywolgcvx,did:plc:xghl5petjdfqhwcdz7t4r6wd,2,idoru.bsky.social,untult.bsky.social
did:plc:6m3kihukfvg5t4wdw5nsil76,did:plc:j24jtz7xkt5ttdsk32mmpkvn,1,thesuperhoo.bsky.social,johnhollinger.bsky.social
did:plc:6m427yjo5326mie7q4v35grk,did:plc:hf7ezrajxadu7v3tzcyij424,2,churlayla.bsky.social,parkermolloy.com
did:plc:6mbgpxszf5fqi32bjsr2dbsb,did:plc:sa73fbx3vxzh2fw5pu5wmief,1,themattfinch.bsky.social,shamsbot.bsky.social
did:plc:6md2o5aobb6i5rvbpx35g5yq,did:plc:bzy5rjjduvvkxno5xe3evl3f,1,wtevs.bsky.social,lollardfish.bsky.social
did:plc:6md2o5aobb6i5rvbpx35g5yq,did:plc:ld7wobf4xete2fe52ksl6442,1,wtevs.bsky.social,craiger02.bsky.social
did:plc:6md2o5aobb6i5rvbpx35g5yq,did:plc:xed44xbxomqjlsfuumvlqz6v,1,wtevs.bsky.social,rbritoreis.bsky.social
did:plc:6mkp2gmldya6lot625ewkp7o,did:plc:b2kutgxqlltwc6lhs724cfwr,2,unitedundercarrick.bsky.social,theathletic.com
did:plc:6n4kksqkx32xrrtjjebbh6yq,did:plc:7dlhmih6zwcpsu3e54yykpvp,1,igarara.bsky.social,kofie.bsky.social
did:plc:6n4ucijqe66jz5f7figmpinl,did:plc:c4tua2dvwo3subelej2yzdpy,1,onlychyld.blacksky.app,msmicaluv.bsky.social
did:plc:6nayubuzpzqwiauzuhbziaio,did:plc:qqdqgzpqwyho4cxzso62m54q,1,bddrix.bsky.social,juliedicaro.bsky.social
did:plc:6nhwsjr2e7g2b5fnaaiqu37h,did:plc:tc4uqyfz3w2f6nicbnwaatjq,3,notakshat.threads.net.ap.brid.gy,yorush.threads.net.ap.brid.gy
did:plc:6nm77glzlqusyqkjad3feirh,did:plc:nvfvknxjyotipzooapwt7vwu,5,cynharp777.bsky.social,courtmouse.bsky.social
did:plc:6o2fgbwzmc3ez6mftimnos2r,did:plc:nqxxi7akzkcxg5vvyetwtjof,1,shugnate.bsky.social,rmnb.bsky.social
did:plc:6ofrkoqmflc4m7wtjsvniuuh,did:plc:qvdcmzqmict6cdytvirtez5n,1,albhood.bsky.social,droessl.bsky.social
did:plc:6ofrkoqmflc4m7wtjsvniuuh,did:plc:xmqfcnozngferecpmmu73i4v,1,albhood.bsky.social,joeovies.bsky.social
did:plc:6og4wz3ljh65rwhrspnr25ah,did:plc:x4gxcq7uospumk5ewsitfvse,2,jazzazzin.bsky.social,getsit.bsky.social
did:plc:6ogw3glqiesnv4zf47et7yvy,did:plc:fjiupdolgwv45olxgrqgfhjk,1,subaiku.bsky.social,tressiemcphd.bsky.social
did:plc:6p7dfs4qdgaevylvpn2m5zdd,did:plc:b2kutgxqlltwc6lhs724cfwr,1,spaceshipgary.bsky.social,theathletic.com
did:plc:6p7dfs4qdgaevylvpn2m5zdd,did:plc:sa73fbx3vxzh2fw5pu5wmief,1,spaceshipgary.bsky.social,shamsbot.bsky.social
did:plc:6pceij4fcu2ubexazyrbksvv,did:plc:b2kutgxqlltwc6lhs724cfwr,1,raybro2.bsky.social,theathletic.com
did:plc:6pcyhrathlak3ssn2ymaesyb,did:plc:2fil3vrrymlpa5uspsfgo37i,1,chamberdeacon.bsky.social,justinanumudu.bsky.social
did:plc:6pj2q7kdiyxnxxggkxiv7enh,did:plc:t4i3a4fawuzge3dsw2i2h2fw,1,fbarchaeology.bsky.social,markjacob.bsky.social
did:plc:6pk5f2bmqi3326vq6ld6yomg,did:plc:luofuy2uw7g4vsd2vbwidtel,1,vichu9.bsky.social,keithsmithnba.bsky.social
did:plc:6pkd6zks5rragdfr6qukn3oa,did:plc:2uhj353pwkhgrolpjqsuzcg5,1,soybuddha2.bsky.social,danbernstein.bsky.social
did:plc:6pwillzvfm5qyte6yiz5ryxj,did:plc:4acyevrq7szypyoc56zbujm7,1,davidvonstroh.bsky.social,skytati.bsky.social
did:plc:6pwillzvfm5qyte6yiz5ryxj,did:plc:j24jtz7xkt5ttdsk32mmpkvn,1,davidvonstroh.bsky.social,johnhollinger.bsky.social
did:plc:6pwillzvfm5qyte6yiz5ryxj,did:plc:jgmxlsqaj6inwjqx3eowix6i,1,davidvonstroh.bsky.social,snowden.st
did:plc:6qvi7p3zfozc5h42jqpihat3,did:plc:yuboieay5ytnpxh4rmsw5pi6,1,501geronimo.bsky.social,22stackhouse.bsky.social
did:plc:6qwtiw4zof5wvf76wmltkiag,did:plc:vfojmjsozyiddsubys2gqk32,1,damonskis.bsky.social,loyalroyal.bsky.social
did:plc:6r7kt6uyibdlfcii7qi2p2e5,did:plc:xwa273u2xtoaab4lm5ybj2uy,1,seapeaare.bsky.social,fredkatz.bsky.social
did:plc:6rbje5xzu4oxbxui336tir2l,did:plc:2emupgm6taztttxwrjk4qk22,1,pioball.bsky.social,1robgunther.bsky.social
did:plc:6rlszr5s6ffjf27ldeqthr3f,did:plc:pbfycf22tepb4c7impxu6gqy,1,kuwabara.bsky.social,augetoffmygold.bsky.social
did:plc:6roly77pmaksk4dlxiz3hxsa,did:plc:sa73fbx3vxzh2fw5pu5wmief,1,hacz.lol,shamsbot.bsky.social
did:plc:6rur5yekcor5xursnpg4vtdc,did:plc:4qvo7i5qhu73nn24paiss574,2,jefffowler.bsky.social,artmoreorless.bsky.social
did:plc:6rv2y4yi3lupcchwbztpbnyr,did:plc:t4i3a4fawuzge3dsw2i2h2fw,1,garyldenton.bsky.social,markjacob.bsky.social
did:plc:6s4z242xnhpsgj5ankmzv5mm,did:plc:rtv22xh7utfuayiqcjudifnk,1,steviehowlin.com,fullywrecked.bsky.social
did:plc:6sefmnhnsuyvllxbu7dowx4q,did:plc:wdcfu747ve7jannqbwz2vloq,1,skip1972.bsky.social,brokensymmetry.art
did:plc:6sqqimue27x5eg3xx6mtygx5,did:plc:sa73fbx3vxzh2fw5pu5wmief,1,glebs.bsky.social,shamsbot.bsky.social
did:plc:6sxynxg6ou6ermu5cb4xqhc3,did:plc:jxnkkuix76au7a7enirtfpu7,1,writerceci.bsky.social,rebeccaw04.bsky.social
did:plc:6t6vdkdtsu2ktffzdydkymey,did:plc:7sfnardo5xxznxc6esxc5ooe,1,goodifitgoes.bsky.social,nba.com
did:plc:6t6vdkdtsu2ktffzdydkymey,did:plc:hcxdzgafuizp4f4f4yysnbhl,2,goodifitgoes.bsky.social,benleibz.bsky.social
did:plc:6t6vdkdtsu2ktffzdydkymey,did:plc:idifviortq7ein242dx32diz,1,goodifitgoes.bsky.social,kris.com.co
did:plc:6t6vdkdtsu2ktffzdydkymey,did:plc:oteqvjqpewfboap2dqmc5erb,1,goodifitgoes.bsky.social,mrlinas.bsky.social
did:plc:6t6vdkdtsu2ktffzdydkymey,did:plc:pz2e6pmf64ey4zpgyjuvpdfj,1,goodifitgoes.bsky.social,geraldbourguet.bsky.social
did:plc:6t6vdkdtsu2ktffzdydkymey,did:plc:qpid6iui7eh3pirw63j6ggt4,1,goodifitgoes.bsky.social,jj617.bsky.social
did:plc:6t6vdkdtsu2ktffzdydkymey,did:plc:sa73fbx3vxzh2fw5pu5wmief,4,goodifitgoes.bsky.social,shamsbot.bsky.social
did:plc:6t6vdkdtsu2ktffzdydkymey,did:plc:wavov6tfzk6fw5yfia6sal4d,1,goodifitgoes.bsky.social,mburchett.bsky.social
did:plc:6t6vdkdtsu2ktffzdydkymey,did:plc:yhuw4za5cbuqupk53ryhixmr,1,goodifitgoes.bsky.social,redroundball.bsky.social
did:plc:6t6vdkdtsu2ktffzdydkymey,did:plc:ykcnnf6kqnn3lasmobrczoem,1,goodifitgoes.bsky.social,insidenbanews.bsky.social
did:plc:6t6vdkdtsu2ktffzdydkymey,did:plc:ytdmmqkm2ib6n64tg7usky2q,1,goodifitgoes.bsky.social,codyhunt.bsky.social
did:plc:6taqdglwz3oadrstyqxdogni,did:plc:otl6zdzjfqss2xzoudbbkudi,1,alexregla.bsky.social,ilikeburritos.bsky.social
did:plc:6tcuf6k7gunvh7pbpyuuoosr,did:plc:7ph2lr6c6u23ui646z5n44nc,1,celephais42.bsky.social,aragorn-estragon.bsky.social
did:plc:6tdyjvukr5mly5tlvjls3z4b,did:plc:3omcxrarbvi6fdnibxevxlpk,1,cmcwhertor.bsky.social,chrismuellerpgh.bsky.social
did:plc:6thbx73uruc24zs5grerfqex,did:plc:ptilbtx2nhrcmippqh7salyj,1,birchy77.bsky.social,lzamparo.bsky.social
did:plc:6tltqnawiryfj7kejrqcbjxr,did:plc:bmc5mpgyqnwhwq5zj6y4pcqp,1,jamesmccrea.bsky.social,segm09.bsky.social
did:plc:6tvfhfv2ale675hfk2dggrku,did:plc:7sfnardo5xxznxc6esxc5ooe,1,knicksmon.bsky.social,nba.com
did:plc:6upb5ksghcpzlkdkf7lzvc2p,did:plc:bvn5oncrh2mie4nxuzbiqjmi,1,dnsthemenace.bsky.social,juliapoe.bsky.social
did:plc:6uvsrjtnouluqe6mlg3jun6p,did:plc:cwqp26rx7z6h76g6lo2ykbjk,1,egohorrified.bsky.social,gwiss.bsky.social
did:plc:6v6p5zyomwej67nzpvjedkx5,did:plc:b2kutgxqlltwc6lhs724cfwr,1,navyvetpdx.bsky.social,theathletic.com
did:plc:6v6p5zyomwej67nzpvjedkx5,did:plc:z4u6ndfdkd7psphfzvercjnj,1,navyvetpdx.bsky.social,smarkhenry.bsky.social
did:plc:6vkwnikqpbn2t6du7ntwmwt6,did:plc:sa73fbx3vxzh2fw5pu5wmief,1,mointhemountains.bsky.social,shamsbot.bsky.social
did:plc:6vl7qouj4xaiclencxlzvi22,did:plc:blrk2gk5dq32snk2kthu3cnn,1,danielb1609.bsky.social,keerthikau.bsky.social
did:plc:6vold3d4kac7krufqc76n6oa,did:plc:sa73fbx3vxzh2fw5pu5wmief,1,bph20.bsky.social,shamsbot.bsky.social
did:plc:6vwnvpjn3wrx2epkwgckvz2m,did:plc:ddna2kh5c3ktbafswoevceh7,1,twobitwhackjob.bsky.social,noeldickover.bsky.social
did:plc:6wd2w75x2c3ssiyjovt45dyp,did:plc:3ptwjyxtszedewmllnzovqtd,1,tdickyb.bsky.social,derekbodner.bsky.social
did:plc:6wgqmximjxmxq2r73aflbtre,did:plc:ozrhqae34vzv6mso2hsym65i,1,stevetav.bsky.social,omarisankofa.bsky.social
did:plc:6wka6l2v7m4lyiavwykg7sfe,did:plc:t4i3a4fawuzge3dsw2i2h2fw,1,vincehardy.bsky.social,markjacob.bsky.social
did:plc:6wmoxyhidvjhnp2wawpn5gwm,did:plc:ky4cvvpbgipzkgd7qbyuq6ab,1,calamar666.bsky.social,johnmcclown.bsky.social
did:plc:6wx2gg5yqgvmlu35r6y3bk6d,did:plc:wqd6thuftjwpzgosbl3tkp2e,1,hunterfelt.bsky.social,danclyne.bsky.social
did:plc:6xavmse54akxck7wlul3k5d5,did:plc:d4efknp4wiaz4ouegn3rcqru,1,fiveburger.bsky.social,nessaphelan.bsky.social
did:plc:6xavmse54akxck7wlul3k5d5,did:plc:py7chfax4ftugpcpyj2binih,1,fiveburger.bsky.social,christopherhine.bsky.social
did:plc:6xd7jnydfnoxbsnibxuqwonp,did:plc:62pwcmm2p7r22pb5nuhi3d5h,1,jonvarner.bsky.social,azureemeraldempire.bsky.social
did:plc:6xj2totmutes7icyzieadbdt,did:plc:v6xd7qcm4tsgb4ndo547vh4n,1,rainbovvz.bsky.social,jeskeets.bsky.social
did:plc:6xr224mjvmwi5yznjysoqsmt,did:plc:gt3unljcqhimumy5zgosk3gv,3,bobmagee940.bsky.social,davidbix.bsky.social
did:plc:6xr224mjvmwi5yznjysoqsmt,did:plc:rvcyysmlsiif5s6cobyvd4dp,1,bobmagee940.bsky.social,hottakeeagle.bsky.social
did:plc:6xtss352bsq4rcyr356apu24,did:plc:cwqp26rx7z6h76g6lo2ykbjk,1,dunks.bsky.social,gwiss.bsky.social
did:plc:6xtss352bsq4rcyr356apu24,did:plc:ewihn7kdvwtxjgnsxiv66muz,1,dunks.bsky.social,wilmes.bsky.social
did:plc:6xtss352bsq4rcyr356apu24,did:plc:mnfrg3uranmquicq6zz7gdij,1,dunks.bsky.social,thefarmerjones.bsky.social
did:plc:6xtss352bsq4rcyr356apu24,did:plc:s2ibun2lfcftexxcqsr4ryce,1,dunks.bsky.social,michaelvpina.bsky.social
did:plc:6xtss352bsq4rcyr356apu24,did:plc:v66lo42pbnhfuptab4hr7hi2,1,dunks.bsky.social,sethpartnow.bsky.social
did:plc:6y3zulpfknfey5qemwhc4frl,did:plc:4c3pkagxjhebn3hafbvlrytu,1,jledwardsiii.bsky.social,brenhart.bsky.social
did:plc:6y3zulpfknfey5qemwhc4frl,did:plc:uosuubxkloc3bmspiv7gnuyf,1,jledwardsiii.bsky.social,thefeenmachine.bsky.social
did:plc:6yetyr44p7z4qog4ygg7q35f,did:plc:b2kutgxqlltwc6lhs724cfwr,1,wizzyprobs.bsky.social,theathletic.com
did:plc:6yetyr44p7z4qog4ygg7q35f,did:plc:ddna2kh5c3ktbafswoevceh7,4,wizzyprobs.bsky.social,noeldickover.bsky.social
did:plc:6youhkrzvasamv3nryjzibgd,did:plc:5qplyxvvka7bmse47pzcbi23,1,averyronan.bsky.social,jdart.bsky.social
did:plc:6youhkrzvasamv3nryjzibgd,did:plc:7sfnardo5xxznxc6esxc5ooe,1,averyronan.bsky.social,nba.com
did:plc:6youhkrzvasamv3nryjzibgd,did:plc:bhdhzcuvh7hbvrhgfjzxcxqu,1,averyronan.bsky.social,bendowsett.bsky.social
did:plc:6ypenl5u26g2zbc6gc4aqop2,did:plc:v54k3gt2dcjehyd33xmsbwqe,1,jtomase.bsky.social,chadfinn.bsky.social
did:plc:6ypxvicta7nefoxihj4v6b6t,did:plc:sa73fbx3vxzh2fw5pu5wmief,1,brickdunkle.bsky.social,shamsbot.bsky.social
did:plc:6yq6bvsze6hgcovvenk2rug2,did:plc:jqxl2y7zrfqpdvbgzx43fwsh,1,bullmastiffla.bsky.social,sleepingmonkey.bsky.social
did:plc:6yq6bvsze6hgcovvenk2rug2,did:plc:t4i3a4fawuzge3dsw2i2h2fw,1,bullmastiffla.bsky.social,markjacob.bsky.social
did:plc:6yq6bvsze6hgcovvenk2rug2,did:plc:wbpjhdry2la6ozeiqrdmpmms,2,bullmastiffla.bsky.social,kpelton.bsky.social
did:plc:6ytdibonvkgxbsrj7cqhyyqh,did:plc:e62gb2ushvtvjvqcbrxeaw2n,1,mick-shrmpton.bsky.social,chrislhayes.bsky.social
did:plc:6z5ukven6blrpxpqda4az7wq,did:plc:lk3ligc5pwx7nkv3a5amntsn,1,tallskinnyben.bsky.social,will-z-stats.bsky.social
did:plc:6z5ukven6blrpxpqda4az7wq,did:plc:lldgxx4auj7zsd2fp4hbory3,2,tallskinnyben.bsky.social,markjonesespn.bsky.social
did:plc:6z5ukven6blrpxpqda4az7wq,did:plc:qxzivh5uhnv2ztr242wd4jnk,1,tallskinnyben.bsky.social,fcartoscelli3.bsky.social
did:plc:6z5ukven6blrpxpqda4az7wq,did:plc:rmidzitxt6myxivb6ygllhl7,1,tallskinnyben.bsky.social,bswest5.bsky.social
did:plc:6zikw2pmu4fuab3do3mgz53i,did:plc:4ewtuxjebhzmycb77krrqea4,1,trei3z.bsky.social,danidtown.bsky.social
did:plc:6zqqutzxhjnanhcpgntgrzne,did:plc:dopbstmnsij5ipmn6sr3fd43,1,dookieshatsworth.bsky.social,sethrosenthal.bsky.social
did:plc:6zrdqd34emoncln5szjbuwqa,did:plc:vlok63tvtdztzfhj4tgk6y3j,1,emoney5823.bsky.social,charlieoconn.bsky.social
did:plc:6zxtodc3jyooojko3vxdqduy,did:plc:baqegknyonql3dppy43lqaeg,1,bpdunst.bsky.social,harrisongrimm.bsky.social
did:plc:72entq2vx3tioe7skyelz2vm,did:plc:swyp6rpv24vvdzpiucf3765i,1,totalgarbodor.bsky.social,calder12.bsky.social
did:plc:72h7jwivi7vjoeaeupbm7axf,did:plc:b2kutgxqlltwc6lhs724cfwr,1,samalcarez.bsky.social,theathletic.com
did:plc:73h6jh3rgnvt5bgc2zq5iyj6,did:plc:gt3unljcqhimumy5zgosk3gv,1,recantacid.bsky.social,davidbix.bsky.social
did:plc:73kvkzlenq3kkopdvnjfpdbb,did:plc:c3nhpdtyydxcyu5empwuotmo,1,fvehafric.bsky.social,gjsquared.bsky.social
did:plc:73kvkzlenq3kkopdvnjfpdbb,did:plc:g4ymahkyww3xcikvkvvrqmrc,2,fvehafric.bsky.social,2strong2silence.bsky.social
did:plc:73kvkzlenq3kkopdvnjfpdbb,did:plc:jobl4ipeanhjmqqyogk6ogwo,1,fvehafric.bsky.social,decentdoicm.bsky.social
did:plc:73kvkzlenq3kkopdvnjfpdbb,did:plc:l4l3tzs2t7qrvgdqdvbrgzol,1,fvehafric.bsky.social,blazersunitracker.bsky.social
did:plc:73kvkzlenq3kkopdvnjfpdbb,did:plc:vjojku2hw7g6bbfbm4ggajvt,1,fvehafric.bsky.social,pacnwce.bsky.social
did:plc:73oqrzcfzbou36ibep67odja,did:plc:pbqeftimj7susug73xzafare,1,kenfortson.bsky.social,wotcmatt.bsky.social
did:plc:74nm4q3dst5xihzdwpq5p5jg,did:plc:6e34rwnthq266lvwzfbvbx2g,1,iiotenki.bsky.social,mercurycdx.bsky.social
did:plc:74nm4q3dst5xihzdwpq5p5jg,did:plc:yeg5nrtdt3zbneiszibm45pj,1,iiotenki.bsky.social,elmore.zone
did:plc:74sszcryszbyd3w3ennvpi65,did:plc:b2kutgxqlltwc6lhs724cfwr,1,barnett-matt.bsky.social,theathletic.com
did:plc:74sy7ybb5ecttbp3qudax7jo,did:plc:cjiqdpjvllyvogxypgexoqke,1,adiobroyster.bsky.social,thesixersordeal.bsky.social
did:plc:74sy7ybb5ecttbp3qudax7jo,did:plc:cyflytcyyyhawlrnnwiv25nd,3,adiobroyster.bsky.social,btoporek.bsky.social
did:plc:75fudvceqwzcnuhmuhxop6hx,did:plc:gl7xfcg22zzh23zpapbujvws,1,rogower.bsky.social,colinbrady.bsky.social
did:plc:75fudvceqwzcnuhmuhxop6hx,did:plc:r75hy7lkaay466pi6tislogy,1,rogower.bsky.social,brooklynbuckets.bsky.social
did:plc:75fudvceqwzcnuhmuhxop6hx,did:plc:v54k3gt2dcjehyd33xmsbwqe,1,rogower.bsky.social,chadfinn.bsky.social
did:plc:75w2ihcxl2dbypxznjjobcoj,did:plc:tl6ldv7wwu3a76gghdjwdaqc,2,pleatsplease.bsky.social,trappedinazorb.bsky.social
did:plc:75xi5izn27tgjugd2tlcjmqu,did:plc:fjd5rmoam57ucvki2lb5o3ds,1,beezygrey.bsky.social,suzisteffen.bsky.social
did:plc:75y2h5hjxppne4xakknzyoth,did:plc:6jpqgc6d4tplxcioxuh7khmr,1,ajstyling.bsky.social,jimowczarski.bsky.social
did:plc:75y2h5hjxppne4xakknzyoth,did:plc:s2ibun2lfcftexxcqsr4ryce,1,ajstyling.bsky.social,michaelvpina.bsky.social
did:plc:763qhchf3qfvlhmzb6dpjibj,did:plc:xqkiycxt66ufxqftban3zup7,1,maryshelleylong.bsky.social,basketghoul.bsky.social
did:plc:76biq7fhj4ycaxknchiw6iuh,did:plc:6jpqgc6d4tplxcioxuh7khmr,1,steve-brewer.bsky.social,jimowczarski.bsky.social
did:plc:76hrio6aokhfqqc6kysiss7f,did:plc:owynsgsmvcgcsw3o3fjnp4vs,1,seamustate.bsky.social,letsgosac.bsky.social
did:plc:76hrio6aokhfqqc6kysiss7f,did:plc:yaednivr2bwik2fux27l6sgm,1,seamustate.bsky.social,velodus.bsky.social
did:plc:76nzohuyany3kc4pp3o4qt42,did:plc:sa73fbx3vxzh2fw5pu5wmief,1,goalorado.bsky.social,shamsbot.bsky.social
did:plc:76p43dzbkzhicomig4fqeg33,did:plc:22fudzaxnal4ddodzv2o6mwk,2,tripleathe2nd.bsky.social,jmcdonaldsa.bsky.social
did:plc:76p43dzbkzhicomig4fqeg33,did:plc:uxs7ldv3o7dgf2zuvw6j4dbx,2,tripleathe2nd.bsky.social,andirant.bsky.social
did:plc:76uc45gogxdzkpcej24ymyxq,did:plc:qwuj6foyai44scywtuaumxlp,1,amuzi.blacksky.app,sinnamonscouture.bsky.social
did:plc:77leth6komwshtl7grpb3dbr,did:plc:s3cnarvxnzfuzfdkiwt55wy5,1,lovemeerkat.bsky.social,davidc4sas.bsky.social
did:plc:77mcn62yx5kcujbnpantoid3,did:plc:7slo2t3hcotj6sfza67b2i2y,1,gomizone.bsky.social,markdeeks.bsky.social
did:plc:77p4tlvh3ihoquq2neupjdtd,did:plc:7sfnardo5xxznxc6esxc5ooe,1,g-e-r-t-y.bsky.social,nba.com
did:plc:77p4tlvh3ihoquq2neupjdtd,did:plc:ozrhqae34vzv6mso2hsym65i,1,g-e-r-t-y.bsky.social,omarisankofa.bsky.social
did:plc:77p4tlvh3ihoquq2neupjdtd,did:plc:sa73fbx3vxzh2fw5pu5wmief,1,g-e-r-t-y.bsky.social,shamsbot.bsky.social
did:plc:77p4tlvh3ihoquq2neupjdtd,did:plc:zcifiaokjuznmkasf6zn347d,1,g-e-r-t-y.bsky.social,flybyknite.bsky.social
did:plc:77r5i7bdjm2fm5bk4qcpwblw,did:plc:gjtijag3uizrhsq7f755jasc,1,paintnpdx.bsky.social,burlacious-m.bsky.social
did:plc:77r5i7bdjm2fm5bk4qcpwblw,did:plc:salkfofksoaz62t7ccf6gn5x,1,paintnpdx.bsky.social,robolovejoy.bsky.social
did:plc:77r5i7bdjm2fm5bk4qcpwblw,did:plc:vkqjs7v2wn4od42knq4csgnj,2,paintnpdx.bsky.social,upuque.bsky.social
did:plc:77xqr6w57x3xamigjynkcnfe,did:plc:nkgx47rfpelmgitrt3opk7bm,2,davedufour.bsky.social,mbeller.bsky.social
did:plc:77xqr6w57x3xamigjynkcnfe,did:plc:pbt54fn2bdada5c55nmbosnr,1,davedufour.bsky.social,annajane10000.bsky.social
did:plc:7a2rqwgyo3dchqffvdtcdicm,did:plc:7dlhmih6zwcpsu3e54yykpvp,1,adamcarrico.bsky.social,kofie.bsky.social
did:plc:7a2rqwgyo3dchqffvdtcdicm,did:plc:kcgybfbfspnsi4oxrstgf6gy,1,adamcarrico.bsky.social,johnnyburke.bsky.social
did:plc:7a2rqwgyo3dchqffvdtcdicm,did:plc:oiurjhhcgtgkujuksrr4jxqk,1,adamcarrico.bsky.social,joshrobbins.bsky.social
did:plc:7a2rqwgyo3dchqffvdtcdicm,did:plc:oor5a4qdwj2srkc55xocuuym,1,adamcarrico.bsky.social,sbnation.bsky.social
did:plc:7ahpr6usbzzkglg2vgdomp7s,did:plc:pldvtptg4zbrxq6ap2cgubbo,1,djconvoy.bsky.social,teganoneil5000.bsky.social
did:plc:7akuxirbw6xbcaudq3jnlnxk,did:plc:tl6ldv7wwu3a76gghdjwdaqc,2,danceyrselfdean.bsky.social,trappedinazorb.bsky.social
did:plc:7ba3salajesulhdfvn77hhyt,did:plc:7slo2t3hcotj6sfza67b2i2y,1,jeremyjokell.bsky.social,markdeeks.bsky.social
did:plc:7biiaq76gufzjdthwhdxaws2,did:plc:iube2dajl4h7hknntpuyoeym,1,l-jam.bsky.social,grahamj.bsky.social
did:plc:7brohgywa25phc4xagfvtnhm,did:plc:b3bx7ehof57wsa2zt3e36wp5,1,troiaj.bsky.social,blerdbeats.blacksky.app
did:plc:7btzhhnunmjdlv527haplsrw,did:plc:jsmgbe3bmfsogmseyxc2ynrr,1,bbhkf.bsky.social,sportlover.bsky.social
did:plc:7btzhhnunmjdlv527haplsrw,did:plc:uwunrc4me5vby6eef4xymwbh,1,bbhkf.bsky.social,wildstreet.bsky.social
did:plc:7btzhhnunmjdlv527haplsrw,did:plc:vcumvue2gcsxexermtdg6cr7,1,bbhkf.bsky.social,tommybeernba.bsky.social
did:plc:7btzhhnunmjdlv527haplsrw,did:plc:wcthfe6ptjk4im6m6k7ouh4k,1,bbhkf.bsky.social,knickfilmskool.bsky.social
did:plc:7cebuscjy45j4w35xfhknbw2,did:plc:4mzd22yd5qxgrsbyxwc6laez,1,lucaskaplan.bsky.social,hsilwerdna.bsky.social
did:plc:7cncf7vvk7ynv4af3fxqs42d,did:plc:22fudzaxnal4ddodzv2o6mwk,1,brews2you.bsky.social,jmcdonaldsa.bsky.social
did:plc:7dcd3uqkmkcpuiyfa63rjsea,did:plc:x2rljlfmu5kt2kq6uifpk2sp,1,secularoutpost.bsky.social,sunluvindawgz.bsky.social
did:plc:7dfvgtklxyfqoed4bub3fjvv,did:plc:nk756gkpj52ryc6gaorkvctp,1,yonxers.bsky.social,nbacobwebs.bsky.social
did:plc:7dqzx3z27jo24glmatlzgsei,did:plc:sa73fbx3vxzh2fw5pu5wmief,1,nononom12.bsky.social,shamsbot.bsky.social
did:plc:7dqzx3z27jo24glmatlzgsei,did:plc:to6iqleihf6zwcrwficflpvt,1,nononom12.bsky.social,scikeefe.bsky.social
did:plc:7dykpqj6m7nvarp64l3a4rg7,did:plc:m2hslw7vzqln7idvgmuggr2r,1,longscope.bsky.social,weedshouldbelegal.bsky.social
did:plc:7dymlwy5ywh25kinp3kklosy,did:plc:7sfnardo5xxznxc6esxc5ooe,1,starswimmer135.bsky.social,nba.com
did:plc:7e552aob7ptycz4iygvph3nj,did:plc:tl6ldv7wwu3a76gghdjwdaqc,1,sohamandcheese.bsky.social,trappedinazorb.bsky.social
did:plc:7e66jxi3x3js5ivn3yiy5e2e,did:plc:43wzlomgv777pnpn7oijqvqw,1,apprecihate.bsky.social,saucypeeps.bsky.social
did:plc:7e66jxi3x3js5ivn3yiy5e2e,did:plc:skocrn3iadj7gw3ymipso6ec,1,apprecihate.bsky.social,quebeckie.bsky.social
did:plc:7e66jxi3x3js5ivn3yiy5e2e,did:plc:sxmtovmbnf5tfjiyq5ewqoex,1,apprecihate.bsky.social,fzypchz.bsky.social
did:plc:7ecnfnmyge3bbp3kuhfz2vfw,did:plc:rrh5me656wmncolysevqhc4y,1,tuckerlangseth.bsky.social,adamaaronson.bsky.social
did:plc:7ekmgxn4hkcci6caszxpgxr3,did:plc:6jpqgc6d4tplxcioxuh7khmr,1,bucksfans.bsky.social,jimowczarski.bsky.social
did:plc:7fgzqmybd57rtrvee6qp36k6,did:plc:dryq7wdmprllqnqtceox3a6n,1,imaginaryplayer504.bsky.social,slamdaddymcnasty.bsky.social
did:plc:7flmq4g2ytgtdm3pfycot3wg,did:plc:ke4hki3el2vwoyrlgyaicr6c,1,viewtifulo.com,urbanaudacity.blacksky.app
did:plc:7gjybdtwsbk3zsfzpynm4z7s,did:plc:cvgfgkowwcxwpcrr5o6dq4lg,1,geraldv.bsky.social,mattbrown.bsky.social
did:plc:7gkaoktcit2zipopc4c3zdbz,did:plc:a5hdoo7bmxse3iioxjx2umzi,2,trailpics.bsky.social,geoffthejohnson.bsky.social
did:plc:7gkaoktcit2zipopc4c3zdbz,did:plc:cb5p4rsijpkth4qmfnogkmgy,1,trailpics.bsky.social,ybbilnosbocaj.bsky.social
did:plc:7gkaoktcit2zipopc4c3zdbz,did:plc:uqqjc2t5jdz6osnsay4n6m6s,1,trailpics.bsky.social,gengaara.bsky.social
did:plc:7gsxskaui336f32gno3rj2k7,did:plc:anzf74or6etkpvoxmlt5o62b,1,gilmansg13.bsky.social,akschaaf.bsky.social
did:plc:7gsxskaui336f32gno3rj2k7,did:plc:b6v54l7vnitivlnyqekh47xd,1,gilmansg13.bsky.social,tiwindisch.gspn.info
did:plc:7gwakj6lun4y6ucvhbcaf3vw,did:plc:luofuy2uw7g4vsd2vbwidtel,1,daveprovo.st,keithsmithnba.bsky.social
did:plc:7h6axvsgddxfqraftycjeqm6,did:plc:sa73fbx3vxzh2fw5pu5wmief,1,rubinstjohn.bsky.social,shamsbot.bsky.social
did:plc:7hcljcfc5kuyd47jueltllit,did:plc:a2zwd2vgoqxkfwkvp22kuukq,1,ospeedwagon.bsky.social,nicsanchez.bsky.social
did:plc:7htpzfmklyhxabiei7wrm7ls,did:plc:kyjcajocwguwumqkggc5ujfu,2,bwtrainer.bsky.social,coxsportsohio.bsky.social
did:plc:7ipgcos2r6hn6yrixtrnjz5n,did:plc:tb2bwzxom5qv4542ru3zqcgu,1,joelreinstein.bsky.social,jakemgrumbach.bsky.social
did:plc:7izwjcrjnzzp6x3pqgsenryz,did:plc:ll23rgrkk7tvdjey3kflygoq,1,andonthedrums.bsky.social,anthonyvslater.bsky.social
did:plc:7jwra6sdqho2p7435t7x4zlm,did:plc:hs7fmx7elwn4ypmluln52mw5,1,warhammster.bsky.social,hugoelbreo.eurosky.social
did:plc:7jzi7z2ihywxr4qzlh52m5h3,did:plc:3ak7u65ctguuicb7rqiktwr7,1,fotokayelless.bsky.social,motorcityhoops.bsky.social
did:plc:7kiebpr4nei4adwogfteigvy,did:plc:bvqokmjdhez37ieu7ok2clnc,1,rememberthatguy.bsky.social,joelskeetsos.bsky.social
did:plc:7kiebpr4nei4adwogfteigvy,did:plc:cbtoiyqupgu2mcqlex7hve6a,1,rememberthatguy.bsky.social,aklingus.bsky.social
did:plc:7kiebpr4nei4adwogfteigvy,did:plc:hafo7ucdzam2iy5uxr3ajwfw,1,rememberthatguy.bsky.social,nikdej.bsky.social
did:plc:7kmczkiz6v3emvuqqfudnity,did:plc:3q2bc4e3zxdq43xmtfwfiebs,1,lobonegrofurioso.bsky.social,juansintierra2666.bsky.social
did:plc:7kn5bnqfwrgdnq2fep5mjkqr,did:plc:sa73fbx3vxzh2fw5pu5wmief,1,malcolmsjustice.bsky.social,shamsbot.bsky.social
did:plc:7kn5bnqfwrgdnq2fep5mjkqr,did:plc:ujotf23cvy5kdn2g2ixznlmh,1,malcolmsjustice.bsky.social,kimball.network
did:plc:7kn5bnqfwrgdnq2fep5mjkqr,did:plc:uou2m57cuqqxhl4fdajkovco,1,malcolmsjustice.bsky.social,milanasanovic.bsky.social
did:plc:7kn5bnqfwrgdnq2fep5mjkqr,did:plc:wx55umhzh43rifdmliysevyt,1,malcolmsjustice.bsky.social,grantdawg.bsky.social
did:plc:7lla6bcekzrdg6q6rwjq2ied,did:plc:2jprfvpdny5oxnqyjs2jijzm,1,durzo.net,spencito.bsky.social
did:plc:7lleujzsxkgjjbhqmdopotcj,did:plc:7kn5bnqfwrgdnq2fep5mjkqr,1,robbymack87.bsky.social,malcolmsjustice.bsky.social
did:plc:7lmuc7e6siwbmaolhgpjteza,did:plc:bzy5rjjduvvkxno5xe3evl3f,1,curtisperry.bsky.social,lollardfish.bsky.social
did:plc:7lvpxgaosi4qpccyrgudrtxa,did:plc:b6v54l7vnitivlnyqekh47xd,1,except4tom.bsky.social,tiwindisch.gspn.info
did:plc:7lvxwobg2zrzgwpepyzxxjev,did:plc:fg5ks6bevpbwkha6o3s2y27h,1,dirtbagqueer.rocks,alexkirshner.com
did:plc:7m5qrk54656jd5iwug57iulx,did:plc:7dlhmih6zwcpsu3e54yykpvp,1,strifechamber.bsky.social,kofie.bsky.social
did:plc:7m5s3243ucn5hbidajr6lzoh,did:plc:if4n6vdin5rai4fswbx2727k,1,tomkilzer.bsky.social,brittrobson.bsky.social
did:plc:7m64bo3clfowow4uftush5hn,did:plc:e62gb2ushvtvjvqcbrxeaw2n,1,clistervision.bsky.social,chrislhayes.bsky.social
did:plc:7m64bo3clfowow4uftush5hn,did:plc:lezy2ipafyzql7z46nizrtmc,1,clistervision.bsky.social,wh6785.bsky.social
did:plc:7mugny2nfbaaod7tv2yexzdq,did:plc:k3i3d2xfibssxz2lbm45x54o,1,cacasey.bsky.social,joshgondelman.bsky.social
did:plc:7mwx7hp44gqbjnxsnmwnyknb,did:plc:cbtoiyqupgu2mcqlex7hve6a,1,treblaw.bsky.social,aklingus.bsky.social
did:plc:7mzkixlrda5chpoq3d4em2wu,did:plc:ziufaor7gwxzodw244lf2mel,1,jonlewis.bsky.social,billh.bsky.social
did:plc:7nbq7mmfhtdjlehtcbktfmsm,did:plc:e62gb2ushvtvjvqcbrxeaw2n,1,noahhunter.bsky.social,chrislhayes.bsky.social
did:plc:7nbq7mmfhtdjlehtcbktfmsm,did:plc:ukmnw6egw2cczaqeasvd4iln,1,noahhunter.bsky.social,tomerazarly.bsky.social
did:plc:7nbq7mmfhtdjlehtcbktfmsm,did:plc:vgwy2b3rrcewfdazrkanjbg4,1,noahhunter.bsky.social,veryimportant.lawyer
did:plc:7nhfr3gvfcirlqiwqxmfseox,did:plc:2jprfvpdny5oxnqyjs2jijzm,1,pegasus714.bsky.social,spencito.bsky.social
did:plc:7nknso6iyrmojbyrdug4q5ti,did:plc:e62gb2ushvtvjvqcbrxeaw2n,1,royverb.bsky.social,chrislhayes.bsky.social
did:plc:7npbc7vfj4vhpcgsaqqqufcn,did:plc:cyflytcyyyhawlrnnwiv25nd,2,bendubose.bsky.social,btoporek.bsky.social
did:plc:7nqb24wgnebf5rijvafymgur,did:plc:7s2nftzuiyp3px3s2zqwy2zt,1,getsomehelpcomic.bsky.social,trejames.bsky.social
did:plc:7nqb24wgnebf5rijvafymgur,did:plc:ejwnvlpgustgz54phgrun4cc,2,getsomehelpcomic.bsky.social,elyooper.bsky.social
did:plc:7nqb24wgnebf5rijvafymgur,did:plc:sby5n4i7bl44ewqeehvdznld,1,getsomehelpcomic.bsky.social,metaltxt.bsky.social
did:plc:7nqb24wgnebf5rijvafymgur,did:plc:xjyrusev4e5y66bemvomadcq,1,getsomehelpcomic.bsky.social,pnutfinger.bsky.social
did:plc:7nqb24wgnebf5rijvafymgur,did:plc:xvla2gqv6y3fvxj64uxrxsh5,1,getsomehelpcomic.bsky.social,lizzierie.bsky.social
did:plc:7ns5ynpm4g6q62wgx6ikcrys,did:plc:maum6oxkdasx4mvt3inraoy6,2,rawcharge.com,thecodemonkey.bsky.social
did:plc:7nvklffh4y36ejccquecmggj,did:plc:sa73fbx3vxzh2fw5pu5wmief,1,ferrub.bsky.social,shamsbot.bsky.social
did:plc:7o235zoinswgbgfo7tyb3rek,did:plc:sa73fbx3vxzh2fw5pu5wmief,1,jacki.bsky.social,shamsbot.bsky.social
did:plc:7o235zoinswgbgfo7tyb3rek,did:plc:tb37uiavs7kjum4n4g5yvtjr,1,jacki.bsky.social,rahulastrohl.bsky.social
did:plc:7o3bxodlpg3k7wypx4jkjd6h,did:plc:43haeaf4r474k4fri4z43vcu,1,bigrigg47.bsky.social,andriakbrown.bsky.social
did:plc:7o4g2ookgmpwxdxqnqshjcsy,did:plc:lyrhzsfcnpthqs3t5ks6pqzv,1,kansashoops.bsky.social,marcjspears.bsky.social
did:plc:7o4g2ookgmpwxdxqnqshjcsy,did:plc:sa73fbx3vxzh2fw5pu5wmief,2,kansashoops.bsky.social,shamsbot.bsky.social
did:plc:7o4g2ookgmpwxdxqnqshjcsy,did:plc:uq4rl5ozgfkyujw4ejela3l7,1,kansashoops.bsky.social,kerithburke.bsky.social
did:plc:7o536llvslh7ds4ofcx7xl63,did:plc:36qanyqajh4needn225gqpop,1,chriswalker1964.bsky.social,seangohabsgo.bsky.social
did:plc:7ofw5buk67zrgsk3dcfctrlh,did:plc:ra4oy3ibhnmfd5li4wmkg763,1,theigbobear.blacksky.app,animejay.blacksky.app
did:plc:7omvmiiazdgipv75n44kat5r,did:plc:t46ccobp2sfrbqumijlspiqw,1,bluelightrain317.bsky.social,futurepoop.bsky.social
did:plc:7onwh7y5blifnhwfz3ogrxvc,did:plc:jeb5puwe2trbthuqu4qnuctx,1,masseffect79.bsky.social,noadalzell.bsky.social
did:plc:7opg3qx6cn3gicxaknliogq7,did:plc:77r5i7bdjm2fm5bk4qcpwblw,1,palmquac.bsky.social,paintnpdx.bsky.social
did:plc:7opg3qx6cn3gicxaknliogq7,did:plc:j24jtz7xkt5ttdsk32mmpkvn,1,palmquac.bsky.social,johnhollinger.bsky.social
did:plc:7opg3qx6cn3gicxaknliogq7,did:plc:l4l3tzs2t7qrvgdqdvbrgzol,1,palmquac.bsky.social,blazersunitracker.bsky.social
did:plc:7otiyb6aofqavgbldfced4jt,did:plc:bs2cajroxw6g4b3a4t3pnyz5,1,raisin75.bsky.social,sportsballitics.bsky.social
did:plc:7p6w4wuijxq7f2bdtcnpk2gf,did:plc:3sa4vkyepaii3tp2ihbjpg6p,1,nbeaudrot.bsky.social,hairybusiness.bsky.social
did:plc:7pqbygfc5kp5af5q3fayn4ws,did:plc:2hbzrajleg2ioebxlqhvtlzq,1,senatorivy.com,alanmannequin.bsky.social
did:plc:7qgete4qv2jsn4ybf3mkywac,did:plc:traer34gkcgums7iiflbjiab,1,mavsmuse.bsky.social,nickvanexit.bsky.social
did:plc:7qndubtuvh73sdjwcy552anf,did:plc:dnxkqc6rsqossh7uhyobkeua,1,massscott.bsky.social,bobbykrivitsky.bsky.social
did:plc:7qy4twkz4qvbp5gr3veacewu,did:plc:k37ousn7t2cc4mslvdhbgobi,2,ashtony97.bsky.social,will-jones.bsky.social
did:plc:7rbtekavsityvwjyo2wonqje,did:plc:7sfnardo5xxznxc6esxc5ooe,1,trumpsteinisland.bsky.social,nba.com
did:plc:7rr4457k2if67ehxzrtbjy4h,did:plc:uou2m57cuqqxhl4fdajkovco,1,cfmgg.bsky.social,milanasanovic.bsky.social
did:plc:7s2nftzuiyp3px3s2zqwy2zt,did:plc:7oacaorchx6tl5mfv5uksaoo,1,trejames.bsky.social,bacongawd.blacksky.app
did:plc:7s4zluw3gkj7xqjrpe2pybeq,did:plc:7vnaslmocusfll2e33k4jdhm,1,mrhamburgerbuns.bsky.social,joeviraynba.bsky.social
did:plc:7s4zluw3gkj7xqjrpe2pybeq,did:plc:ghdbl7l5rmv4qsskgifvrm7o,1,mrhamburgerbuns.bsky.social,chriscampy.bsky.social
did:plc:7s4zluw3gkj7xqjrpe2pybeq,did:plc:kieme6lsxzsbmcizqr4snp7b,1,mrhamburgerbuns.bsky.social,animeiscool.bsky.social
did:plc:7s4zluw3gkj7xqjrpe2pybeq,did:plc:nk756gkpj52ryc6gaorkvctp,1,mrhamburgerbuns.bsky.social,nbacobwebs.bsky.social
did:plc:7s4zluw3gkj7xqjrpe2pybeq,did:plc:uqtnb34oh7coqgyvk3ghtqcv,1,mrhamburgerbuns.bsky.social,kinefresh.bsky.social
did:plc:7s5pb72kcfoouytrlay2me4m,did:plc:luofuy2uw7g4vsd2vbwidtel,1,charlesxavier.bsky.social,keithsmithnba.bsky.social
did:plc:7scpmzrcktp5zyp5mzj73ndu,did:plc:lydpmbuyethpzjta6jeya6m6,1,abeewon.bsky.social,claudiiigrl.bsky.social
did:plc:7scpmzrcktp5zyp5mzj73ndu,did:plc:v5zfa7ikxk3blhwaccr3z5i5,1,abeewon.bsky.social,msmambo.bsky.social
did:plc:7shh2opg5urgmy4dcsavtbf4,did:plc:c4agc4xhqow7c2fcbo34khch,1,plantwrench.bsky.social,truesync.bsky.social
did:plc:7slo2t3hcotj6sfza67b2i2y,did:plc:dbcvvhbzrx6ayywq6i4pzihb,1,markdeeks.bsky.social,richardcohen.bsky.social
did:plc:7td5dtilzcrm2yp6jjxooghf,did:plc:ozrhqae34vzv6mso2hsym65i,1,snjackson.bsky.social,omarisankofa.bsky.social
did:plc:7tqoaknamkxgjscgwi25bc4n,did:plc:clidihf7dmozzzj7snf7ox3i,2,bangerrr.bsky.social,trozen.bsky.social
did:plc:7uahugigvixjvxd5s2hidpad,did:plc:6jpqgc6d4tplxcioxuh7khmr,1,tonyreast.bsky.social,jimowczarski.bsky.social
did:plc:7uahugigvixjvxd5s2hidpad,did:plc:6lc7lbfekuklw6lpqfyz674o,1,tonyreast.bsky.social,jordanmarvel.bsky.social
did:plc:7uahugigvixjvxd5s2hidpad,did:plc:b7abv5btseb7qivza7jrgpkm,1,tonyreast.bsky.social,willitsbarry.bsky.social
did:plc:7uahugigvixjvxd5s2hidpad,did:plc:cdptgcldnlax3nytf2uqvka6,1,tonyreast.bsky.social,davidharper.bsky.social
did:plc:7uahugigvixjvxd5s2hidpad,did:plc:cyflytcyyyhawlrnnwiv25nd,1,tonyreast.bsky.social,btoporek.bsky.social
did:plc:7uahugigvixjvxd5s2hidpad,did:plc:dp4almqa43t6o6x5besyb6ej,1,tonyreast.bsky.social,mikebeight.bsky.social
did:plc:7uahugigvixjvxd5s2hidpad,did:plc:nfwcb22ckmh2icdhubgc2tca,1,tonyreast.bsky.social,cincyzack.bsky.social
did:plc:7uahugigvixjvxd5s2hidpad,did:plc:wpgg4wrie6q4vtnxans2hst4,1,tonyreast.bsky.social,garyprkr.bsky.social
did:plc:7uk3stzdtbzrtkmhpuccjm4d,did:plc:26375peygwnrijoepmy2fdcs,1,clubsandrocks.bsky.social,washingtonstatestandard.com
did:plc:7ul5kpod2dhpt2yt5xuzuorv,did:plc:e62gb2ushvtvjvqcbrxeaw2n,1,zweiss91.bsky.social,chrislhayes.bsky.social
did:plc:7uqgo4pnmoje6tkyf7kgj3sa,did:plc:enpunz2yc5pcyo6u2eckux3c,1,transferox.bsky.social,xskarma.bsky.social
did:plc:7uqgo4pnmoje6tkyf7kgj3sa,did:plc:mj4x6midcgtwrwkvmgffzuqq,2,transferox.bsky.social,andytobo.bsky.social
did:plc:7ut56i3tgnblkrpn6nrldeen,did:plc:5qdnrwtr5ktuaevjyg7ufcra,1,jasonwaterfalls.bsky.social,mmwritesmore.bsky.social
did:plc:7ut56i3tgnblkrpn6nrldeen,did:plc:b5rkvkcxk6derdf5m3ijlj7x,1,jasonwaterfalls.bsky.social,circuitrider74.bsky.social
did:plc:7ut56i3tgnblkrpn6nrldeen,did:plc:po4xeamuvug55f6afmfjonqk,1,jasonwaterfalls.bsky.social,alexanders95.bsky.social
did:plc:7ut56i3tgnblkrpn6nrldeen,did:plc:sa73fbx3vxzh2fw5pu5wmief,1,jasonwaterfalls.bsky.social,shamsbot.bsky.social
did:plc:7ut56i3tgnblkrpn6nrldeen,did:plc:uou2m57cuqqxhl4fdajkovco,1,jasonwaterfalls.bsky.social,milanasanovic.bsky.social
did:plc:7uwx7wm2njxl5mmklisoac57,did:plc:pgok625ocobq7t3decm3o5vu,2,tulm24.bsky.social,jadubin5.bsky.social
did:plc:7uwx7wm2njxl5mmklisoac57,did:plc:sa73fbx3vxzh2fw5pu5wmief,1,tulm24.bsky.social,shamsbot.bsky.social
did:plc:7v2lgmjesz5wrg7ip3ywehoe,did:plc:ltidj25tkqkm7umfib7emuy2,1,imman.bsky.social,sneachtuil.bsky.social
did:plc:7v5zhu3trlxmvtoqpapp3o7t,did:plc:dgivipsubywryd3pjggdyawm,1,iwillbedanned.bsky.social,markrussellpereira.bsky.social
did:plc:7vauqoxzhzmnnpfo4a6t7on3,did:plc:dlbppl2kdyccutor3t3jsuan,1,djst23.bsky.social,evanempdx.bsky.social
did:plc:7vauqoxzhzmnnpfo4a6t7on3,did:plc:qy76btg4imyge6r7wctnyype,1,djst23.bsky.social,redhairedbhoy.bsky.social
did:plc:7vbr27s3gokuclsd7osb3pcg,did:plc:fhqxb3moxuikxgai3cnf7scp,1,tytimberwolf.bsky.social,bordercollie.bsky.social
did:plc:7vfyeuxolo2hy4qreavbfqrc,did:plc:7sfnardo5xxznxc6esxc5ooe,2,killersams.bsky.social,nba.com
did:plc:7vlsmxew3x7umakcenlfhcjz,did:plc:aauzlzzvsle7whfbf5pdfemk,1,kaideekat.bsky.social,coyotegirl.online
did:plc:7vqcgw7ast62jvkaq52zmo6a,did:plc:yj436z2s2v37rvaw33lc4ryq,1,whitneymg.bsky.social,mbkplus.bsky.social
did:plc:7vyenllt4sjoumenvmki7dfb,did:plc:2fil3vrrymlpa5uspsfgo37i,1,rahkymbriggs37.bsky.social,justinanumudu.bsky.social
did:plc:7w4vdwam3x7hugrmh633s72j,did:plc:2fil3vrrymlpa5uspsfgo37i,1,rhkpoc.bsky.social,justinanumudu.bsky.social
did:plc:7wal4ejdk76hblpatdt5qc3o,did:plc:bfconzmxv4xqwiympviqboq3,1,emilio-m.bsky.social,royaltenenbaum69.bsky.social
did:plc:7wal4ejdk76hblpatdt5qc3o,did:plc:c3ssnfiy2ujooisceybxyatc,1,emilio-m.bsky.social,kyleaclark.bsky.social
did:plc:7waod5y3c7b2hatbqzdbpp7v,did:plc:fqsmj7o5mbb7n7oav2kkjuid,1,soldoutfuture.bsky.social,nbastat.bsky.social
did:plc:7watwya7vo6oe6c6wtmezdsr,did:plc:bhguhb7guslylz2xkfei6txg,1,dansplainer.bsky.social,goomvi.online
did:plc:7wed5kvjnucpe7ipro2jg2bw,did:plc:3frghichbyxbptt4yilftw54,1,spider247.bsky.social,brimaried.bsky.social
did:plc:7wed5kvjnucpe7ipro2jg2bw,did:plc:cwoisadsh554flcux7i5szar,2,spider247.bsky.social,dartadams.bsky.social
did:plc:7wed5kvjnucpe7ipro2jg2bw,did:plc:d32g4ujz73lfb4tv7fkzeuwr,1,spider247.bsky.social,zefrenchkornet.bsky.social
did:plc:7wed5kvjnucpe7ipro2jg2bw,did:plc:e62gb2ushvtvjvqcbrxeaw2n,2,spider247.bsky.social,chrislhayes.bsky.social
did:plc:7wed5kvjnucpe7ipro2jg2bw,did:plc:f5vknjyo6v6ctlf7hernwc3q,1,spider247.bsky.social,mrsceltics.bsky.social
did:plc:7wed5kvjnucpe7ipro2jg2bw,did:plc:j24jtz7xkt5ttdsk32mmpkvn,1,spider247.bsky.social,johnhollinger.bsky.social
did:plc:7wed5kvjnucpe7ipro2jg2bw,did:plc:luofuy2uw7g4vsd2vbwidtel,3,spider247.bsky.social,keithsmithnba.bsky.social
did:plc:7wed5kvjnucpe7ipro2jg2bw,did:plc:tne6d463w7av3ruhurbjw2g4,1,spider247.bsky.social,bostonianindc.bsky.social
did:plc:7wed5kvjnucpe7ipro2jg2bw,did:plc:zvgi4eon2fvlemnmaqnmayuk,1,spider247.bsky.social,johnkaralis.com
did:plc:7wfasjmyz65kwyg67hpr6ewt,did:plc:4s5ebwhq5vbseugglrqmsgbi,1,mysportsburner.bsky.social,temujinbk.bsky.social
did:plc:7wfasjmyz65kwyg67hpr6ewt,did:plc:5dwbpojkp6wykwcafasvwroi,1,mysportsburner.bsky.social,daltonjohnson.bsky.social
did:plc:7wfasjmyz65kwyg67hpr6ewt,did:plc:7vnaslmocusfll2e33k4jdhm,1,mysportsburner.bsky.social,joeviraynba.bsky.social
did:plc:7wfasjmyz65kwyg67hpr6ewt,did:plc:b2kutgxqlltwc6lhs724cfwr,1,mysportsburner.bsky.social,theathletic.com
did:plc:7wfasjmyz65kwyg67hpr6ewt,did:plc:uq4rl5ozgfkyujw4ejela3l7,1,mysportsburner.bsky.social,kerithburke.bsky.social
did:plc:7wivy5sp3fmemt4tbaj7fiqa,did:plc:anbfmokueo5cgdau3yd6p4mu,1,john-dewey.bsky.social,nextyeardc.com
did:plc:7wmf7sypzf6y3kmxm4gfiroe,did:plc:kyjcajocwguwumqkggc5ujfu,1,semicolonoverdrive.bsky.social,coxsportsohio.bsky.social
did:plc:7wmf7sypzf6y3kmxm4gfiroe,did:plc:sa73fbx3vxzh2fw5pu5wmief,3,semicolonoverdrive.bsky.social,shamsbot.bsky.social
did:plc:7wuim4l4iiqlw2eocn22szzb,did:plc:i4yqih65sftboupjwcnegqea,1,mkramer.bsky.social,bartsmith.bsky.social
did:plc:7wzdvixvtou4rofujrbdflv4,did:plc:bams4eymjogqariinhmsbneg,1,drunkinripcity.bsky.social,llamsoyd.bsky.social
did:plc:7wzdvixvtou4rofujrbdflv4,did:plc:kj2coj4ay67njna2khgr4r5q,1,drunkinripcity.bsky.social,nnanpei.bsky.social
did:plc:7x3ux7hlhnvsvz66clwhnngx,did:plc:6y3zulpfknfey5qemwhc4frl,1,cassiusmclay.bsky.social,jledwardsiii.bsky.social
did:plc:7x3ux7hlhnvsvz66clwhnngx,did:plc:nl5s4tmxwk7rg5vr3q3fqvlz,1,cassiusmclay.bsky.social,greggdoyelstar.bsky.social
did:plc:7xgnlwciebszs7oaakgkwwln,did:plc:b2kutgxqlltwc6lhs724cfwr,1,thebyronmichael.bsky.social,theathletic.com
did:plc:7xuuk5r5wg73f67h5gvmr4ed,did:plc:mtfaxzqle5h6stf7y6tmuxf7,1,forkmaze.bsky.social,sichrismannix.bsky.social
did:plc:7yc26lzbzokiefmbfx7gtcq3,did:plc:a3ybrbabfw4tpq3jpyii4slk,2,ericisgood.bsky.social,dadshammdad.bsky.social
did:plc:7ycz737b6i4dojg24szhyblk,did:plc:aax2d4gyu4vmlccwdtgci474,1,bigsonotthelilone.bsky.social,veryghetto.yaps.fyi
did:plc:7yi4fmwrazwdk37rbhw6amp6,did:plc:4vziktoq7p6jd3i5l3wtmfab,1,wxandpi.bsky.social,cjzero.bsky.social
did:plc:7yl2zonhq6orxym6c4oqmusx,did:plc:pmj4qr7kz2luz2zylybd4doo,1,gullpondguy.bsky.social,ericengels.bsky.social
did:plc:7yugtzzpws5wboemgxcq6to6,did:plc:g7a6qji72odgptnddtrkdchy,1,daddysteve.bsky.social,mrbuckbucknba.bsky.social
did:plc:7z7ss5h6fbmtu63izw3ivvpu,did:plc:4vziktoq7p6jd3i5l3wtmfab,1,kglueck.bsky.social,cjzero.bsky.social
did:plc:7zr725nebzoihkde2itthmcg,did:plc:l7zwg5onozdwgpgujxqbsina,1,the506.bsky.social,thefwordnb.bsky.social
did:plc:a2txthtridtt2ewikkihcsmz,did:plc:wkbysllyarm4b3kxrj3mfxau,1,nickclawson.bsky.social,stpaulite.bsky.social
did:plc:a2zwd2vgoqxkfwkvp22kuukq,did:plc:7hcljcfc5kuyd47jueltllit,1,nicsanchez.bsky.social,ospeedwagon.bsky.social
did:plc:a3mzf6foxpqw2ypohrzaeuiu,did:plc:hl273o7bfegotspjc5dqfzmq,1,kissman.bsky.social,ginamizell.bsky.social
did:plc:a3mzf6foxpqw2ypohrzaeuiu,did:plc:rrh5me656wmncolysevqhc4y,2,kissman.bsky.social,adamaaronson.bsky.social
did:plc:a3vx65hezsahjmvdlfrtrurs,did:plc:ozrhqae34vzv6mso2hsym65i,1,lapsoirium.bsky.social,omarisankofa.bsky.social
did:plc:a3vx65hezsahjmvdlfrtrurs,did:plc:zkgbnj6gmpdnumdt53plwp6h,1,lapsoirium.bsky.social,basedpistons.bsky.social
did:plc:a3ybrbabfw4tpq3jpyii4slk,did:plc:7yc26lzbzokiefmbfx7gtcq3,2,dadshammdad.bsky.social,ericisgood.bsky.social
did:plc:a3ybrbabfw4tpq3jpyii4slk,did:plc:b2rbhknq7zeheyk6uv2e756v,1,dadshammdad.bsky.social,colyou.bsky.social
did:plc:a3ybrbabfw4tpq3jpyii4slk,did:plc:dgivipsubywryd3pjggdyawm,2,dadshammdad.bsky.social,markrussellpereira.bsky.social
did:plc:a3ybrbabfw4tpq3jpyii4slk,did:plc:fg2gp6f3gp2znzhugonf4fk3,1,dadshammdad.bsky.social,rgiss.bsky.social
did:plc:a3ybrbabfw4tpq3jpyii4slk,did:plc:ofm5statwxk5pocvzcw4bknz,2,dadshammdad.bsky.social,darthvandigo.bsky.social
did:plc:a3ybrbabfw4tpq3jpyii4slk,did:plc:x4gxcq7uospumk5ewsitfvse,2,dadshammdad.bsky.social,getsit.bsky.social
did:plc:a4n6zqm2ufqrdbyszo5gvgyq,did:plc:hf7ezrajxadu7v3tzcyij424,1,esquiring.bsky.social,parkermolloy.com
did:plc:a5a6teaa3heonyzpr7xofvso,did:plc:tscetlg7vasxm6i37tfuzsvw,2,mestregames.bsky.social,retrojugones.joruiru.es
did:plc:a5bfs3hwb35ipz3nckorox76,did:plc:fzy5psbwt7myclvmno7nfrt6,1,cinquinho.bsky.social,drewhamm5.bsky.social
did:plc:a5dzsrn766j4ibfxlusdxawy,did:plc:22fudzaxnal4ddodzv2o6mwk,1,johnpfree.bsky.social,jmcdonaldsa.bsky.social
did:plc:a5dzsrn766j4ibfxlusdxawy,did:plc:b2kutgxqlltwc6lhs724cfwr,1,johnpfree.bsky.social,theathletic.com
did:plc:a5eibjpmb3cdhrygq5yy434a,did:plc:7sfnardo5xxznxc6esxc5ooe,1,judybread.bsky.social,nba.com
did:plc:a5gjcpftpi36ccrlpsqydy64,did:plc:cmvc2f5b5fou3ijbgagiovlj,1,amaryllisflair.bsky.social,joelhs.bsky.social
did:plc:a5hdoo7bmxse3iioxjx2umzi,did:plc:7gkaoktcit2zipopc4c3zdbz,2,geoffthejohnson.bsky.social,trailpics.bsky.social
did:plc:a5hdoo7bmxse3iioxjx2umzi,did:plc:fufw2ca5fo2zfyuwceczcmo4,1,geoffthejohnson.bsky.social,carlsincharge.bsky.social
did:plc:a5pybe26frgzzfns2ydzp7xk,did:plc:2ufp6rz3xoexzw7s3dgfnbbt,1,vaughnfitz.bsky.social,meninblazers.bsky.social
did:plc:a5qm63pq73wdbxuivediucw6,did:plc:sa73fbx3vxzh2fw5pu5wmief,1,dannystus.bsky.social,shamsbot.bsky.social
did:plc:a5tcbvyxnq7xrumtyk67ok2x,did:plc:iz36nfrt3mqkwkk6mai53xri,1,q9f.bsky.social,sanslesautres.bsky.social
did:plc:a6a4rmjgwi7fe2mjegsayylg,did:plc:2bi7nhde2v6aclw7mlxehrxn,2,michagain.bsky.social,mazterofpuppetz.bsky.social
did:plc:a6a4rmjgwi7fe2mjegsayylg,did:plc:ilresjrxrbmdfi7dxqx7tgk7,2,michagain.bsky.social,fan313.bsky.social
did:plc:a6a4rmjgwi7fe2mjegsayylg,did:plc:ozrhqae34vzv6mso2hsym65i,1,michagain.bsky.social,omarisankofa.bsky.social
did:plc:a73hzrksxow6lummnhx65kfs,did:plc:tw77ipw5w2xwv3hzc6mrljsf,1,thatkraz.bsky.social,lukeknox.me
did:plc:a7c6twhnt55jededt24h7f4k,did:plc:3mxks5jq4v6ctaapu2pckzda,1,donbuddin.bsky.social,longcoolwoman.bsky.social
did:plc:a7iy7b5pjuotc2vbufysr3pu,did:plc:5hnhc5gto2qbhwfqumds23x4,1,eduardostpauli.bsky.social,jacoboleon.bsky.social
did:plc:a7vdx7ip2jfbuyr3bu6rqfkp,did:plc:df2gzsny4y5khzaa5rsfrblr,1,liveforpolitics.bsky.social,jameshamnba.bsky.social
did:plc:a7zvzcmpk4um5wrlg2vleeis,did:plc:wcihvwdx4zaltgddhtz5a4ct,2,asypniew.bsky.social,merks.bsky.social
did:plc:aagslherwb47wgbf7yik42tv,did:plc:476maad6nfijz7nx3ecioac6,1,exiaross.bsky.social,olehkosel.bsky.social
did:plc:aagslherwb47wgbf7yik42tv,did:plc:4kgda5cgziaxtlbpxjg5ttj5,1,exiaross.bsky.social,jdub9911.bsky.social
did:plc:aagslherwb47wgbf7yik42tv,did:plc:ipotzs7stobcomhjzcb2di4o,1,exiaross.bsky.social,colectable.bsky.social
did:plc:aai2pntvheryj3rsfgnfib66,did:plc:s2ibun2lfcftexxcqsr4ryce,1,realchet.bsky.social,michaelvpina.bsky.social
did:plc:aames736n4vk5es2sci5rqwf,did:plc:7vnaslmocusfll2e33k4jdhm,1,shanefalcoqb1.bsky.social,joeviraynba.bsky.social
did:plc:aauzlzzvsle7whfbf5pdfemk,did:plc:6hit5rjdbmlnscmuk4bbtmuc,1,coyotegirl.online,rincewind.run
did:plc:aauzlzzvsle7whfbf5pdfemk,did:plc:frugqyu6x5bphnlc4bhgg3c3,1,coyotegirl.online,fuhry.bsky.social
did:plc:aauzlzzvsle7whfbf5pdfemk,did:plc:gdlkb5kcnd7dcmuug42cu3ru,4,coyotegirl.online,transgirlvania.tgirl.gay
did:plc:aauzlzzvsle7whfbf5pdfemk,did:plc:lq544ikeojhawyhsxe2yddno,2,coyotegirl.online,stacy.is.relentlessly.online
did:plc:aauzlzzvsle7whfbf5pdfemk,did:plc:q5h56ep37bhpl55eafoegr26,1,coyotegirl.online,tigerlily.northsky.social
did:plc:aax2d4gyu4vmlccwdtgci474,did:plc:7ycz737b6i4dojg24szhyblk,1,veryghetto.yaps.fyi,bigsonotthelilone.bsky.social
did:plc:aax2d4gyu4vmlccwdtgci474,did:plc:l4yx7ucvt5jmedhab3gtr4bq,1,veryghetto.yaps.fyi,the3jsmom.blacksky.app
did:plc:ab2ijdnrdsng6mhu6lbcgj2s,did:plc:7ksdv5tdc5pgtzjdc3mm6r2g,1,alfdelaf.bsky.social,diario.red
did:plc:ab52e7qfjusrg7jxsgfenbxq,did:plc:stnds3lpe36fa2nb4msw42rg,1,puffythecat.bsky.social,honestlarry.bsky.social
did:plc:ab5acy542geu4r5beg2e4iuc,did:plc:k6jgbx7wc657rq2tzziyxhti,4,jomateix18.bsky.social,tediosa-miss.bsky.social
did:plc:abaxjqf5yn767ukegg5kh5yv,did:plc:yvxgr32ufo75afd5qyoouxfc,2,raptorizedira.bsky.social,shredberg.bsky.social
did:plc:abenmoexfzllcswmvef5y5vp,did:plc:avw4m3ezwmw4x2uk2kv4rriz,2,leahbh.bsky.social,newyorklahoman.bsky.social
did:plc:abenmoexfzllcswmvef5y5vp,did:plc:td5uhpf7o6lmrkhm6c75gqu4,3,leahbh.bsky.social,kpantsvp.bsky.social
did:plc:abptlcco6ozw4kdtzzkle65b,did:plc:2fil3vrrymlpa5uspsfgo37i,1,flacadejalisco.bsky.social,justinanumudu.bsky.social
did:plc:acd2ubsq76mt3ya6kabw7cuk,did:plc:gt3unljcqhimumy5zgosk3gv,1,wareaglerk.bsky.social,davidbix.bsky.social
did:plc:aced5yb3ygre2p52qrfdhdhp,did:plc:xxm57qahhzroc4b5hv4agk2u,1,bdonedone.bsky.social,rukuss.bsky.social
did:plc:achfopuxxuuvb264i5xgjhbq,did:plc:e62gb2ushvtvjvqcbrxeaw2n,1,dewterium2.bsky.social,chrislhayes.bsky.social
did:plc:achfopuxxuuvb264i5xgjhbq,did:plc:unp5hfb6cg7kmd6jfeddvyxl,1,dewterium2.bsky.social,shadowborgg.bsky.social
did:plc:acndmnaycubk75emm3g3ptfv,did:plc:fqsmj7o5mbb7n7oav2kkjuid,1,sumeriantaco.bsky.social,nbastat.bsky.social
did:plc:acndmnaycubk75emm3g3ptfv,did:plc:sa73fbx3vxzh2fw5pu5wmief,1,sumeriantaco.bsky.social,shamsbot.bsky.social
did:plc:ad3pnkmkta2cuhv2io5bxvo6,did:plc:b2kutgxqlltwc6lhs724cfwr,1,foolishsamwise.bsky.social,theathletic.com
did:plc:ad524kbsyonu2bnrmjfcytrh,did:plc:rzonkrnejf4ipmbwpkpyanbs,1,mugrebeener.bsky.social,ccgastrology.bsky.social
did:plc:adipaep2unafmcitbcze24yu,did:plc:zubu7s47na623xejub6z3rff,1,scuitar.bsky.social,americaisdoomed.bsky.social
did:plc:adxzhuin5dy6hr65hhkdoyab,did:plc:khfzuw4cubjn7rclbanc4kqb,2,rigamarock.bsky.social,gateshawk.bsky.social
did:plc:ae234ixyu24wwzr66biougat,did:plc:exbr2hd6txb2c6chwjmlwy6a,1,1ifbyland2ifbysea.bsky.social,rugrat907.bsky.social
did:plc:ae234ixyu24wwzr66biougat,did:plc:sa73fbx3vxzh2fw5pu5wmief,1,1ifbyland2ifbysea.bsky.social,shamsbot.bsky.social
did:plc:ae2u46fdqo67b4lrczk233jk,did:plc:7npbc7vfj4vhpcgsaqqqufcn,1,luis791.bsky.social,bendubose.bsky.social
did:plc:aeejuvgn6dvk2l2hanq57ut2,did:plc:ddna2kh5c3ktbafswoevceh7,1,papashot.bsky.social,noeldickover.bsky.social
did:plc:aeejuvgn6dvk2l2hanq57ut2,did:plc:wveidvmniob6egctikkiu4hv,6,papashot.bsky.social,mentoch.bsky.social
did:plc:aejs53pwev5ik24docvhulrh,did:plc:nk756gkpj52ryc6gaorkvctp,1,sirjamesb.bsky.social,nbacobwebs.bsky.social
did:plc:aesdu6xjn3btsrdspkrk3jsh,did:plc:2jprfvpdny5oxnqyjs2jijzm,1,lawcommonsense.bsky.social,spencito.bsky.social
did:plc:af62br4qi2dl43eogb3jqimk,did:plc:yyhj5wloszrpj2wg5adb3ijs,1,jeremydmiller.bsky.social,isaacrlevin.com
did:plc:afw6a3bsvdi4yy3v3nu5qyws,did:plc:cbtoiyqupgu2mcqlex7hve6a,1,lechased.bsky.social,aklingus.bsky.social
did:plc:agdfiaejvatguu7p7d3zb3te,did:plc:e62gb2ushvtvjvqcbrxeaw2n,1,batmanexpert.bsky.social,chrislhayes.bsky.social
did:plc:aghp3obuelre3wubeblxrxsi,did:plc:33dstzztb2h7arh7gprclwpw,1,patiomensch.bsky.social,snyde043.bsky.social
did:plc:agkggo3uzdrpzpkzvepfz5y6,did:plc:2deadaubocrqyrqi2mk2jbmy,1,criaturarl.eurosky.social,noveasestapeli.bsky.social
did:plc:aguyp3tiqgmhynhd4dkmcxr3,did:plc:mob4vpxlxhardtzbivf2qjli,1,inboundike.bsky.social,danahoule.bsky.social
did:plc:agyhgh7dna67njsgrswpnnzf,did:plc:jbyt5dbfvynhlobncmdtk6uv,2,royalssac206fan.bsky.social,gaychel.bsky.social
did:plc:agyhgh7dna67njsgrswpnnzf,did:plc:urtzlgohgpyod45hftk3tzne,1,royalssac206fan.bsky.social,lotusprime.bsky.social
did:plc:ahcborosqrfchi3iiyhoixch,did:plc:6hit5rjdbmlnscmuk4bbtmuc,1,dennycarter.bsky.social,rincewind.run
did:plc:ahcborosqrfchi3iiyhoixch,did:plc:etldiy2xe6qugspnznpo43ev,1,dennycarter.bsky.social,mattnc.bsky.social
did:plc:ahcborosqrfchi3iiyhoixch,did:plc:yj436z2s2v37rvaw33lc4ryq,1,dennycarter.bsky.social,mbkplus.bsky.social
did:plc:ahomohxxfzpw7owlquzss2kj,did:plc:4zzfmj6ocdheeubrphkittq3,1,s3rp86.bsky.social,nemo616.bsky.social
did:plc:ahsjznkzyzxwwnfr2esklcf6,did:plc:cd3uwkljinuglacry433qonh,1,42eyes2ears.bsky.social,timdickinson.bsky.social
did:plc:aih7hvpfucywajegbwe67e5p,did:plc:bmvk3suczvuw6mszso6on6ss,1,killickvt.bsky.social,ageqned.bsky.social
did:plc:aiv65kicmqgjo4j6xiyizni6,did:plc:4xaad7thmc4uqdhefbq6vizm,3,charliestoupee.bsky.social,johnbull.wtf
did:plc:aiwybwuvwihvdx4rxxs2qphv,did:plc:7ksdv5tdc5pgtzjdc3mm6r2g,1,xagosu.bsky.social,diario.red
did:plc:aix7264whaii6nqbp3x5k5a7,did:plc:6ouqw3agrcudn733au3xg5iv,1,beukema.bsky.social,twsnsports.bsky.social
did:plc:aix7264whaii6nqbp3x5k5a7,did:plc:cyxynl57v2t37ntrxtnjm5sb,1,beukema.bsky.social,ravensymbiont.bsky.social
did:plc:ajqtqsgro4brci3chin5pxvi,did:plc:dqttaqakyjxaizyk4isfk4ap,1,miguelovic.bsky.social,piratasdelbasket.bsky.social
did:plc:ajsmlh2eanz6of62kwtfdk7i,did:plc:ddna2kh5c3ktbafswoevceh7,1,joef-3.bsky.social,noeldickover.bsky.social
did:plc:ak5nb5rkjtzxmoqqfqi4fgw6,did:plc:b2kutgxqlltwc6lhs724cfwr,1,meccanised.bsky.social,theathletic.com
did:plc:ak5nb5rkjtzxmoqqfqi4fgw6,did:plc:luofuy2uw7g4vsd2vbwidtel,1,meccanised.bsky.social,keithsmithnba.bsky.social
did:plc:ak5nb5rkjtzxmoqqfqi4fgw6,did:plc:wllu3uivi6y3nrtjjtz2gpsk,1,meccanised.bsky.social,seangrandepbp.bsky.social
did:plc:ak5nb5rkjtzxmoqqfqi4fgw6,did:plc:zvgi4eon2fvlemnmaqnmayuk,1,meccanised.bsky.social,johnkaralis.com
did:plc:ak5t3ogj3564ctmygzgoocof,did:plc:iunx5vwylsklglrg2gim6izb,1,njemurray.bsky.social,damonagnos.bsky.social
did:plc:ak6mqgs6e24f4r2ggwjvccum,did:plc:e62gb2ushvtvjvqcbrxeaw2n,1,psgamer92.bsky.social,chrislhayes.bsky.social
did:plc:akj73fwn2gonedd3fovzhsn6,did:plc:hz73exx7dzhgrddfstnqaygi,1,titsnflowers.bsky.social,brontobyte69.bsky.social
did:plc:akwq4mdzb664mo3wbjgxzse6,did:plc:4vbhejaq7ubjuigtqjb6g6oy,2,brownpellie.bsky.social,mattyleahy.bsky.social
did:plc:alpo5rticomenq4t3tpzee5h,did:plc:cvgfgkowwcxwpcrr5o6dq4lg,1,jukeboxterror.bsky.social,mattbrown.bsky.social
did:plc:alto4ec33bsfnu4pclhirw4k,did:plc:sa73fbx3vxzh2fw5pu5wmief,1,eat-more-garlic.bsky.social,shamsbot.bsky.social
did:plc:alulfe6p34zut3fo7gk663sg,did:plc:7ohdcpl6tsmb3midh5jdu4ab,1,mjosephlc.bsky.social,demetri.bsky.social
did:plc:alulfe6p34zut3fo7gk663sg,did:plc:es2bm23pb4t743ewlvdparxi,1,mjosephlc.bsky.social,cavstheblog.bsky.social
did:plc:alulfe6p34zut3fo7gk663sg,did:plc:kyjcajocwguwumqkggc5ujfu,1,mjosephlc.bsky.social,coxsportsohio.bsky.social
did:plc:alulfe6p34zut3fo7gk663sg,did:plc:rg6p5q47l535nxjgs62q47h2,1,mjosephlc.bsky.social,jlkocher2.bsky.social
did:plc:alvhj6puqmgx7qvllnq6ofme,did:plc:hf7ezrajxadu7v3tzcyij424,1,sandrew83.bsky.social,parkermolloy.com
did:plc:amhanr76fd3pu7jlisjs6el3,did:plc:4fqcp7wcgwexvqxidato3i6l,1,whisperill.bsky.social,furrytr4shexe.bsky.social
did:plc:an6eh3tauyhgof5524m3q5qu,did:plc:ozrhqae34vzv6mso2hsym65i,1,twitteruser33.bsky.social,omarisankofa.bsky.social
did:plc:anbfmokueo5cgdau3yd6p4mu,did:plc:3akpzunu3a4pw7mvqsezq5j2,2,nextyeardc.com,rfcapsmoustache.bsky.social
did:plc:anbfmokueo5cgdau3yd6p4mu,did:plc:7wivy5sp3fmemt4tbaj7fiqa,1,nextyeardc.com,john-dewey.bsky.social
did:plc:andr62ot62i2umvv37zrq6z6,did:plc:2hgz42tox2c5ooukm44sajjt,1,bobgenghiskhan.bsky.social,jorvorskielaynes.bsky.social
did:plc:andr62ot62i2umvv37zrq6z6,did:plc:tb2bwzxom5qv4542ru3zqcgu,1,bobgenghiskhan.bsky.social,jakemgrumbach.bsky.social
did:plc:anffht7oifdgqqrvowc4jfej,did:plc:izxpomdyri45gzhppiiyattq,1,kccomplainsalot.blacksky.app,coachfinstock.bsky.social
did:plc:anfrzlfddy65ft4gcgqqsv4f,did:plc:22fudzaxnal4ddodzv2o6mwk,1,itsallenthomas.bsky.social,jmcdonaldsa.bsky.social
did:plc:aobokg6n2yna2rop773p4ncr,did:plc:gz6iy3uhzbv43ccwiyjpq7k2,2,thirdnline.bsky.social,alyj3.bsky.social
did:plc:aoehq2simubcvpfil3f77w35,did:plc:rbubyjot6pkcmeijgqt2riay,4,aniseoverton.com,pattenpending.bsky.social
did:plc:aoid3earggty5eho75ucj4aa,did:plc:af62br4qi2dl43eogb3jqimk,1,jamesetling.bsky.social,jeremydmiller.bsky.social
did:plc:aoie5d3k3sygqa5m6b2gofu5,did:plc:tw77ipw5w2xwv3hzc6mrljsf,1,riversmccown.bsky.social,lukeknox.me
did:plc:aokpzge4eb5voimmwqwjl5c2,did:plc:x7kwgmkdqfx7nubvepcnsysa,1,xxyamaxx.bsky.social,rockit1.bsky.social
did:plc:aozfxcddrdsqyz4pt727c2v7,did:plc:x6nv3cbmamp47ahrl2aglbpi,1,sicknantangelo.bsky.social,jasonfanelli.com
did:plc:aozylacv42narkks2na66wby,did:plc:oz3un4dox5rocmvyvmqicjpg,1,therealdrkelvin.bsky.social,jessicajade.bsky.social
did:plc:ap4tuwif73tltl4ee3y3nwjm,did:plc:e62gb2ushvtvjvqcbrxeaw2n,2,cfhurricane.bsky.social,chrislhayes.bsky.social
did:plc:apsk7dfeuy3ehuua7wh5dpfr,did:plc:vovxtzksybdziuwsygwin4ws,1,megatrondeathray.bsky.social,warriorsofficial.bsky.social
did:plc:aq7dgjilbxbc2lfnqakricnf,did:plc:5hnhc5gto2qbhwfqumds23x4,3,ozpintargaryen.bsky.social,jacoboleon.bsky.social
did:plc:aq7dgjilbxbc2lfnqakricnf,did:plc:o4vczhnnbiu2azgrhyrju4hj,1,ozpintargaryen.bsky.social,ionugutz.bsky.social
did:plc:aqfn6mwtya7z3bgedtfhavxw,did:plc:zcifiaokjuznmkasf6zn347d,1,thedarkmoose.bsky.social,flybyknite.bsky.social
did:plc:aqlzyigdbklmtysvbkjfwhxo,did:plc:2mxadfg4ck5lwlur64dsvan7,1,brucemtl.bsky.social,brenda2026.bsky.social
did:plc:aqlzyigdbklmtysvbkjfwhxo,did:plc:g7a6qji72odgptnddtrkdchy,1,brucemtl.bsky.social,mrbuckbucknba.bsky.social
did:plc:aqlzyigdbklmtysvbkjfwhxo,did:plc:xlulqhjwqq6alvjkht57sbm5,1,brucemtl.bsky.social,rawnba.bsky.social
did:plc:aqsa4bewzw4f3mbtnurpihiy,did:plc:wua7a7bsav6c2uvx3lljfvdd,1,ryderon.bsky.social,tmsnxdetroit.bsky.social
did:plc:arfdz4vnugswloxjeg3zlgwq,did:plc:g3fvb2cxn4yxcq3rjd2llqv5,1,seangc.bsky.social,davidaldridgedc.bsky.social
did:plc:arnyvobarl2firlvbuvwbpuy,did:plc:2fil3vrrymlpa5uspsfgo37i,1,philanthroplan.bsky.social,justinanumudu.bsky.social
did:plc:aruk3rus35uqal3ief2fkdsu,did:plc:5jb2734ccyccx6a3hjjuzhrr,1,shabbydude.bsky.social,kleinman.bsky.social
did:plc:arwrr2xtn2cs7ym46sxxwsbe,did:plc:5jb2734ccyccx6a3hjjuzhrr,1,theseeyes3000.bsky.social,kleinman.bsky.social
did:plc:arwrr2xtn2cs7ym46sxxwsbe,did:plc:l4yx7ucvt5jmedhab3gtr4bq,1,theseeyes3000.bsky.social,the3jsmom.blacksky.app
did:plc:arwrr2xtn2cs7ym46sxxwsbe,did:plc:oz6bkpnskcieebyvfstd4asb,1,theseeyes3000.bsky.social,baumann.bsky.social
did:plc:arwrr2xtn2cs7ym46sxxwsbe,did:plc:s2ibun2lfcftexxcqsr4ryce,1,theseeyes3000.bsky.social,michaelvpina.bsky.social
did:plc:arzavxegmmj65gjo4sfcraoq,did:plc:fcfedums2jv4jfzvqogatc7i,1,cleverhandlehere.bsky.social,jesseltaylor.bsky.social
did:plc:asooyxuee2m2vqhzbqcijhp3,did:plc:swgxwbir4rrimj57pf75jckf,1,mooglechocobo.bsky.social,mtsw.bsky.social
did:plc:asyfjopbmo2q6ih2sdpdb2iu,did:plc:hupo5nskr55ygxoqpq67ypl5,1,johnnyuma.bsky.social,stealthisbook.bsky.social
did:plc:asyfjopbmo2q6ih2sdpdb2iu,did:plc:xlulqhjwqq6alvjkht57sbm5,1,johnnyuma.bsky.social,rawnba.bsky.social
did:plc:at73fgeu54reppclhgumfo5j,did:plc:2g3ezmn52xtgytc4vl5ztrqj,1,giginorez.com,primalmanbeast.bsky.social
did:plc:at73fgeu54reppclhgumfo5j,did:plc:ieo624x74dngi44dia3p274q,1,giginorez.com,valkyrie-kane.bsky.social
did:plc:atcgzvklzdrvxhzzewjaj5tu,did:plc:467cw3grpdvv3izmp7qazcbn,1,popraph.bsky.social,dchinellato.bsky.social
did:plc:atiopnpu4xnfvruqkg4wxghr,did:plc:t4i3a4fawuzge3dsw2i2h2fw,1,kmmickvega.bsky.social,markjacob.bsky.social
did:plc:atlo7nnkhncnjcgfnu5bwtni,did:plc:6vx2a45bu65rpqzauzkxknzl,1,bengreen.bsky.social,denverstiffs.bsky.social
did:plc:atwanihi4vmdqrf4fkwvzm7c,did:plc:e3ktrbooe3mildj4hhwhsvtc,1,caffreyej.bsky.social,mikeascotto.bsky.social
did:plc:atwanihi4vmdqrf4fkwvzm7c,did:plc:g3fvb2cxn4yxcq3rjd2llqv5,1,caffreyej.bsky.social,davidaldridgedc.bsky.social
did:plc:atxq524k4qk7mui7nmehlsls,did:plc:lldgxx4auj7zsd2fp4hbory3,1,mattbohmbach.bsky.social,markjonesespn.bsky.social
did:plc:atxq524k4qk7mui7nmehlsls,did:plc:q3fi25au634c4yojnysqzlrj,1,mattbohmbach.bsky.social,teamziller.bsky.social
did:plc:aucsicjkcszkvxz2xfxsrgcm,did:plc:e5kky6n6bsiqz2blhmdwedb7,1,hundreddollarman.bsky.social,eccheesehead.bsky.social
did:plc:auhbw3xndrufx5uj4dhhrds2,did:plc:5hnhc5gto2qbhwfqumds23x4,2,outconsumer.es,jacoboleon.bsky.social
did:plc:auhbw3xndrufx5uj4dhhrds2,did:plc:smqsw6dwqno6kfyjydk2xmp5,1,outconsumer.es,santyportela.bsky.social
did:plc:auheb534vds5diviypi7drbi,did:plc:ky4cvvpbgipzkgd7qbyuq6ab,1,robbhaifisch.bsky.social,johnmcclown.bsky.social
did:plc:avuz4exzc2vpfectsgd6lvui,did:plc:rwzhqjjtql3pi73gbrtzwkxm,1,shaw888.bsky.social,topshelfrx.bsky.social
did:plc:avw4m3ezwmw4x2uk2kv4rriz,did:plc:5ewlawns3rzlbl6s2d7pj6l4,1,newyorklahoman.bsky.social,expressnews.com
did:plc:avw4m3ezwmw4x2uk2kv4rriz,did:plc:7npbc7vfj4vhpcgsaqqqufcn,1,newyorklahoman.bsky.social,bendubose.bsky.social
did:plc:avw4m3ezwmw4x2uk2kv4rriz,did:plc:abenmoexfzllcswmvef5y5vp,2,newyorklahoman.bsky.social,leahbh.bsky.social
did:plc:avw4m3ezwmw4x2uk2kv4rriz,did:plc:iunx5vwylsklglrg2gim6izb,1,newyorklahoman.bsky.social,damonagnos.bsky.social
did:plc:avw4m3ezwmw4x2uk2kv4rriz,did:plc:oj5blc3orcaoahohplfbaoz2,3,newyorklahoman.bsky.social,msjnba.bsky.social
did:plc:avy4hdszcxw74u23ewudr7sf,did:plc:few4ocmzhf5gm3ttss5qjzqd,4,drewtcorbin.bsky.social,415goldblooded.bsky.social
did:plc:aw3odssievsi4r4or42iekhw,did:plc:rrh5me656wmncolysevqhc4y,1,pathickman.bsky.social,adamaaronson.bsky.social
did:plc:awaqa6fzf3nrn6fnelwlrj2e,did:plc:sqahgbsr24zcsfiuwe2bwnii,1,pjmacdaddy.bsky.social,sserpentcharmer.bsky.social
did:plc:awc74vzou3aflza57yvfjfu4,did:plc:b2kutgxqlltwc6lhs724cfwr,1,daddyboy9.bsky.social,theathletic.com
did:plc:awhxn6j5qfnd7v4t52r7xidz,did:plc:54mz54p3glz4zkqijrcmzp3u,1,marksquared.bsky.social,davelack.bsky.social
did:plc:awhxn6j5qfnd7v4t52r7xidz,did:plc:75ywphuamkbx76cq6efue5y5,1,marksquared.bsky.social,jlewenberg.bsky.social
did:plc:awhxn6j5qfnd7v4t52r7xidz,did:plc:fqsmj7o5mbb7n7oav2kkjuid,1,marksquared.bsky.social,nbastat.bsky.social
did:plc:axk6aigxnzgqu6koj6y5l6rx,did:plc:izxpomdyri45gzhppiiyattq,1,shadowflag8.bsky.social,coachfinstock.bsky.social
did:plc:aybotarrzwf3by4mhvtzyk5b,did:plc:7giugsiydb7mj2j3a5u6nuyn,1,benschleuss.bsky.social,canishoopus.bsky.social
did:plc:aybotarrzwf3by4mhvtzyk5b,did:plc:c24xindkdmz3zmmylxhnyw5p,2,benschleuss.bsky.social,timfaklis.bsky.social
did:plc:aybotarrzwf3by4mhvtzyk5b,did:plc:g4vtll4kqgw6mjhnj37cp7z6,1,benschleuss.bsky.social,4rest4thetrees.bsky.social
did:plc:aybotarrzwf3by4mhvtzyk5b,did:plc:jrpwkpac6iln5fvva4fq5twa,1,benschleuss.bsky.social,carloapostoli.ft.com
did:plc:aybotarrzwf3by4mhvtzyk5b,did:plc:os3fnft6rrbfowtaafw5trpl,1,benschleuss.bsky.social,nfluger.bsky.social
did:plc:aybotarrzwf3by4mhvtzyk5b,did:plc:ou2amtpyth6gownbaatqh47d,1,benschleuss.bsky.social,mtgunderson.bsky.social
did:plc:aybotarrzwf3by4mhvtzyk5b,did:plc:vvusi4gbo5oiihgdgxdepbcp,2,benschleuss.bsky.social,sjkamin.bsky.social
did:plc:aybotarrzwf3by4mhvtzyk5b,did:plc:wj3y3rjlwevluumgkthz73uh,1,benschleuss.bsky.social,wolvesondelay.bsky.social
did:plc:ayjx2v7swhwigkl2p7mkb5uc,did:plc:twth7rse4wkrcjtpxxsvofzz,1,finitexs.bsky.social,nonoharamalice.uwy.rest
did:plc:azcn7fcer7dyldg4wfqtox7t,did:plc:pgrqrtjyigyi3h4ygzkhxwkj,1,bizwiziwish1980.bsky.social,mikevorkunov.bsky.social
did:plc:azjhltwl6ojbvj4xoqwwxg5d,did:plc:sa73fbx3vxzh2fw5pu5wmief,1,thunderd4wg.bsky.social,shamsbot.bsky.social
did:plc:azsih6lfkrm4bnvfbu7bum34,did:plc:dgivipsubywryd3pjggdyawm,2,leaguepassdelay.bsky.social,markrussellpereira.bsky.social
did:plc:azsih6lfkrm4bnvfbu7bum34,did:plc:syqxkil5fbek2da6p7my5zvd,1,leaguepassdelay.bsky.social,beatopuente.bsky.social
did:plc:azxwvaxr6yjl47yw6pntmjr5,did:plc:hf7ezrajxadu7v3tzcyij424,1,jacobgood.bsky.social,parkermolloy.com
did:plc:azzvvyrxsygjng3a7b6xmobr,did:plc:mfhbago3y3glkwuryqt3n444,1,fidzysss.bsky.social,trashtalkfr.bsky.social
did:plc:b2264c5zqoa6dbkqrisapi5g,did:plc:avw4m3ezwmw4x2uk2kv4rriz,1,clarkmatthews.bsky.social,newyorklahoman.bsky.social
did:plc:b2264c5zqoa6dbkqrisapi5g,did:plc:x2ipadmj66yjvdqdc6s6xhwf,1,clarkmatthews.bsky.social,lpp.bsky.social
did:plc:b23mlhtzgxd72kulpxkyspuy,did:plc:cvgfgkowwcxwpcrr5o6dq4lg,1,markwwellner.bsky.social,mattbrown.bsky.social
did:plc:b2azzqfe7n5jfntj33mdnwjm,did:plc:53dik26zhgqkwbjba5ozzbvk,1,ngtcollectibles.bsky.social,stonesfan23.bsky.social
did:plc:b2lx44y5dtsewb5nzlfw7yj5,did:plc:hf7ezrajxadu7v3tzcyij424,1,eveningstarnm.bsky.social,parkermolloy.com
did:plc:b2oczglerg5qhbo2nbkav5mm,did:plc:y3p253nj2rd3v7ewonixadsa,1,mochachaiguy.bsky.social,christyaz.bsky.social
did:plc:b2rbhknq7zeheyk6uv2e756v,did:plc:4hkng653owkezepezfxfetol,1,colyou.bsky.social,bobbyfirmino.com
did:plc:b2rbhknq7zeheyk6uv2e756v,did:plc:a3ybrbabfw4tpq3jpyii4slk,2,colyou.bsky.social,dadshammdad.bsky.social
did:plc:b2rbhknq7zeheyk6uv2e756v,did:plc:dgivipsubywryd3pjggdyawm,2,colyou.bsky.social,markrussellpereira.bsky.social
did:plc:b2rbhknq7zeheyk6uv2e756v,did:plc:lauezbqzum4uwso6wcaslbpd,1,colyou.bsky.social,jakeofthemountains.bsky.social
did:plc:b2ykqvzl7lbaf45qkbwr433u,did:plc:b2kutgxqlltwc6lhs724cfwr,1,brownwolf19.bsky.social,theathletic.com
did:plc:b325xiehsrliqzz4lg36rydq,did:plc:e62gb2ushvtvjvqcbrxeaw2n,1,maxmaliska.bsky.social,chrislhayes.bsky.social
did:plc:b34qdkjjugf2kxgio4o5mp5i,did:plc:b2kutgxqlltwc6lhs724cfwr,1,myitat4.bsky.social,theathletic.com
did:plc:b3bx7ehof57wsa2zt3e36wp5,did:plc:6am5wytyiihwhkuencsvrlpv,1,blerdbeats.blacksky.app,mxmllnr.bsky.social
did:plc:b3bx7ehof57wsa2zt3e36wp5,did:plc:7brohgywa25phc4xagfvtnhm,2,blerdbeats.blacksky.app,troiaj.bsky.social
did:plc:b3g7zyzenjj4px46i7ile4dv,did:plc:soavqzdngz77gr7zerunusbm,1,rockwils1.bsky.social,badger-in-mn.bsky.social
did:plc:b3jalydcshvhcpcx2r3fji6j,did:plc:luofuy2uw7g4vsd2vbwidtel,1,cybahguy25.bsky.social,keithsmithnba.bsky.social
did:plc:b3tjfdbmogycsvwwhshjrqll,did:plc:u3ehlowkbpz7m6luyvyoshmd,1,jonnyschaab.bsky.social,blindmanbaldwin.bsky.social
did:plc:b4bmv3ljqplzh2whserumfnn,did:plc:yaednivr2bwik2fux27l6sgm,1,thepapabobbo.bsky.social,velodus.bsky.social
did:plc:b4k6aogt6d6fjuacdxxigvrr,did:plc:iutakffevy7evtpqulxoturu,1,reneepwashington.bsky.social,marcc856.bsky.social
did:plc:b54q47dfk2prlgzvqe4sflpw,did:plc:2vueglf2njr5gvdbaf75ih6a,2,valakyrhusky.bsky.social,socksthewolf.com
did:plc:b5ejzfkqhollpriakypnxftn,did:plc:s3wkielinop5mddigop3vsxs,1,cbtoegel.bsky.social,mikerosemn.bsky.social
did:plc:b5ez2cdejhdpmslybmjiysbc,did:plc:b6v54l7vnitivlnyqekh47xd,1,epschmidt.bsky.social,tiwindisch.gspn.info
did:plc:b5gqpvnzby7dpzmxjmeehev6,did:plc:7sfnardo5xxznxc6esxc5ooe,1,spraynstarch.bsky.social,nba.com
did:plc:b5gqpvnzby7dpzmxjmeehev6,did:plc:fqsmj7o5mbb7n7oav2kkjuid,4,spraynstarch.bsky.social,nbastat.bsky.social
did:plc:b5gqpvnzby7dpzmxjmeehev6,did:plc:hb5s4bd5ctk6inznrn6gf6hx,1,spraynstarch.bsky.social,basketballtalk.bsky.social
did:plc:b5gqpvnzby7dpzmxjmeehev6,did:plc:iq5fg3mcrkpbbeefpj6oeyau,1,spraynstarch.bsky.social,sequencek.bsky.social
did:plc:b5gqpvnzby7dpzmxjmeehev6,did:plc:sa73fbx3vxzh2fw5pu5wmief,1,spraynstarch.bsky.social,shamsbot.bsky.social
did:plc:b5hll5if43sn4b72olvvgzxn,did:plc:hf7ezrajxadu7v3tzcyij424,1,noonan66.bsky.social,parkermolloy.com
did:plc:b5rkvkcxk6derdf5m3ijlj7x,did:plc:sa73fbx3vxzh2fw5pu5wmief,1,circuitrider74.bsky.social,shamsbot.bsky.social
did:plc:b5rqxnp34cngyql5dtvtm3g3,did:plc:pswa7czuqvpjxqjpemdamovp,2,christullbane.bsky.social,thatweirdguy.bsky.social
did:plc:b5rqxnp34cngyql5dtvtm3g3,did:plc:sa73fbx3vxzh2fw5pu5wmief,2,christullbane.bsky.social,shamsbot.bsky.social
did:plc:b5s7pvomuo3xwd3wgdpnohtt,did:plc:q3phsz63wltu2tu75hert3g6,1,bullsjay.bsky.social,coshea13.bsky.social
did:plc:b5s7pvomuo3xwd3wgdpnohtt,did:plc:sc34rmtw2i327eqk26awlsog,2,bullsjay.bsky.social,cesspoolboy.bsky.social
did:plc:b5s7pvomuo3xwd3wgdpnohtt,did:plc:uo53q552an4tekstlbvhqv5v,1,bullsjay.bsky.social,nickbpss.bsky.social
did:plc:b5s7pvomuo3xwd3wgdpnohtt,did:plc:xy6l4dok2elgsnfxtoea43py,2,bullsjay.bsky.social,s-anthonyclapper.bsky.social
did:plc:b6754hi2xy3rxuq4pbu62jgw,did:plc:cyflytcyyyhawlrnnwiv25nd,4,paulhudrick.bsky.social,btoporek.bsky.social
did:plc:b6ifksscllmlnu43f3znvnw2,did:plc:35lktqpeh5klf77fjululglh,1,oobh.bsky.social,mitchnobis.bsky.social
did:plc:b6ifksscllmlnu43f3znvnw2,did:plc:jxr3rg4xieybiezq376kellz,1,oobh.bsky.social,alainawiens.bsky.social
did:plc:b6ifksscllmlnu43f3znvnw2,did:plc:luofuy2uw7g4vsd2vbwidtel,1,oobh.bsky.social,keithsmithnba.bsky.social
did:plc:b6ifksscllmlnu43f3znvnw2,did:plc:mkrx6rpomdqe2qx56zm2si4q,2,oobh.bsky.social,marlfrick.bsky.social
did:plc:b6ifksscllmlnu43f3znvnw2,did:plc:zkgbnj6gmpdnumdt53plwp6h,2,oobh.bsky.social,basedpistons.bsky.social
did:plc:b6kaoxg32vj64xx45s3vskeq,did:plc:hf7ezrajxadu7v3tzcyij424,1,complain--ee.bsky.social,parkermolloy.com
did:plc:b6v54l7vnitivlnyqekh47xd,did:plc:24zszjipyojx65iq3mjppzjc,1,tiwindisch.gspn.info,coachjet.bsky.social
did:plc:b6v54l7vnitivlnyqekh47xd,did:plc:zgw663lwxmujmen5k4jmjair,1,tiwindisch.gspn.info,danfavale.bsky.social
did:plc:b6yx2thwm4expo6gsru6ytnj,did:plc:4i6r6klutnvoov3tfr3wzdxl,1,fritzzz.bsky.social,byctom.bsky.social
did:plc:b73iobklvxy5uzcramusvi5t,did:plc:jho3nxdeed2b2sfzkgfopxcq,1,azam92.bsky.social,ibefrankyg.bsky.social
did:plc:b73iobklvxy5uzcramusvi5t,did:plc:s42iw2fbfmgsgh7hdtvvoaao,1,azam92.bsky.social,hoopinformatics.bsky.social
did:plc:b7a5r7ym4m3fw7gzublbmhiw,did:plc:srzymqzqmylynq5em3ieuemq,1,mbunchanumbers.bsky.social,actioncookbook.com
did:plc:b7abv5btseb7qivza7jrgpkm,did:plc:7uahugigvixjvxd5s2hidpad,2,willitsbarry.bsky.social,tonyreast.bsky.social
did:plc:b7xuxrxshkt54whp2yratwsv,did:plc:54mz54p3glz4zkqijrcmzp3u,1,profferns.bsky.social,davelack.bsky.social
did:plc:b7xuxrxshkt54whp2yratwsv,did:plc:g7a6qji72odgptnddtrkdchy,1,profferns.bsky.social,mrbuckbucknba.bsky.social
did:plc:ba23todzwngi2awq2pm6n6h6,did:plc:baqegknyonql3dppy43lqaeg,1,yomama26.bsky.social,harrisongrimm.bsky.social
did:plc:ba23todzwngi2awq2pm6n6h6,did:plc:cyflytcyyyhawlrnnwiv25nd,4,yomama26.bsky.social,btoporek.bsky.social
did:plc:ba23todzwngi2awq2pm6n6h6,did:plc:fsti2hy6ys6umrk2hwaj57zf,1,yomama26.bsky.social,lukeepplin.bsky.social
did:plc:ba23todzwngi2awq2pm6n6h6,did:plc:kvf6pnfrtgek6jqlkpqhgacv,1,yomama26.bsky.social,yossigozlan.bsky.social
did:plc:ba23todzwngi2awq2pm6n6h6,did:plc:rrh5me656wmncolysevqhc4y,1,yomama26.bsky.social,adamaaronson.bsky.social
did:plc:ba23todzwngi2awq2pm6n6h6,did:plc:zfxkhiy2lyomncn3lykkwzi7,1,yomama26.bsky.social,austinkrell.bsky.social
did:plc:ba6flojmplosvxfyby7t72gf,did:plc:i7qt7z7wlmsp7i7bnlfm6cy2,3,amandarg12.bsky.social,darkmysticmaster.bsky.social
did:plc:ba7tahdyhg55qzhkphkkadzd,did:plc:r75hy7lkaay466pi6tislogy,1,mynameisfatmike.bsky.social,brooklynbuckets.bsky.social
did:plc:ba7tahdyhg55qzhkphkkadzd,did:plc:sa73fbx3vxzh2fw5pu5wmief,1,mynameisfatmike.bsky.social,shamsbot.bsky.social
did:plc:ba7tahdyhg55qzhkphkkadzd,did:plc:tgd5fqgz2ivxphgui2x564cw,1,mynameisfatmike.bsky.social,therealestjmark.bsky.social
did:plc:bacymjtv5jc2ehhd5hlzfzp5,did:plc:dci7o34ucxzoz5qpnrbbrar2,1,guynemer.bsky.social,amidanruo.bsky.social
did:plc:bams4eymjogqariinhmsbneg,did:plc:7wzdvixvtou4rofujrbdflv4,1,llamsoyd.bsky.social,drunkinripcity.bsky.social
did:plc:bams4eymjogqariinhmsbneg,did:plc:gxx7xoc6nkciavo2cb4lead6,1,llamsoyd.bsky.social,thinkmooinc.bsky.social
did:plc:bams4eymjogqariinhmsbneg,did:plc:hf7ezrajxadu7v3tzcyij424,1,llamsoyd.bsky.social,parkermolloy.com
did:plc:bams4eymjogqariinhmsbneg,did:plc:xqkiycxt66ufxqftban3zup7,1,llamsoyd.bsky.social,basketghoul.bsky.social
did:plc:bams4eymjogqariinhmsbneg,did:plc:zy5tq2wtbrhvojbb2yziujhy,1,llamsoyd.bsky.social,highmotorguy.bsky.social
did:plc:baow23u33koh26zauw3dgn2o,did:plc:b2kutgxqlltwc6lhs724cfwr,1,jijinakaba.bsky.social,theathletic.com
did:plc:batqok7bu463ml3tamho2yjv,did:plc:b2kutgxqlltwc6lhs724cfwr,1,erfraser.bsky.social,theathletic.com
did:plc:batsswaxvws26rr3gf7wvm7k,did:plc:ytgguhxzb2hab3cpbzkiymss,1,drlindseyfitz.bsky.social,medcrisis.bsky.social
did:plc:bauyoqngbhu5h3prdzaw4ltq,did:plc:luofuy2uw7g4vsd2vbwidtel,1,davidbinkowski.com,keithsmithnba.bsky.social
did:plc:bb6tpb5vjalc52dg7vykrxqu,did:plc:cvndvt4envwcxwdujptmvwxs,1,debesooyaji.bsky.social,liduponmyhead.bsky.social
did:plc:bbejbihvrslqlqrxb52ga5ka,did:plc:45vipy2akjyweypv3xrro3bd,1,pdfreire.bsky.social,caiobitencourt.net
did:plc:bbtqg3uqqfeefhp4eijzobd7,did:plc:jpnthlnrxuvpq6shn6yxleaa,1,stevepeli.bsky.social,mebartl8.bsky.social
did:plc:bbtqg3uqqfeefhp4eijzobd7,did:plc:ufg5wysqj6il2q5ys7vjihih,1,stevepeli.bsky.social,kylecarr.bsky.social
did:plc:bbtqg3uqqfeefhp4eijzobd7,did:plc:z6ix2drlihjtprljiyzukcoz,1,stevepeli.bsky.social,ekingsbury.bsky.social
did:plc:bcfkvf4zkbxogpr3sunrnppm,did:plc:26375peygwnrijoepmy2fdcs,1,wholebunchababes.bsky.social,washingtonstatestandard.com
did:plc:bcmpq43li2gqnb5yeeewsjf4,did:plc:44ys7gijqhhnzyubtzkupca3,1,thenbaninja.bsky.social,paulknepper.bsky.social
did:plc:bdacp2cmuuyawx553cv2spdy,did:plc:ewzfo65j6aytzlznlnmkipzh,1,grubb.wtf,taylorcocke.bsky.social
did:plc:bdev5zrkhdvtzbrltjdab4un,did:plc:bumu6s332o24fppobse7j3ms,1,vlipman.bsky.social,matttomic.bsky.social
did:plc:bdmw57hs2g272ifa2v6t24nq,did:plc:cyflytcyyyhawlrnnwiv25nd,2,shieldsbrief.bsky.social,btoporek.bsky.social
did:plc:be6dcfwqsl2sghgc7qnny3mx,did:plc:gpfh2unm6jlr6qevxpq45tjd,2,bloodthreadshears.bsky.social,vilissathompson.bsky.social
did:plc:be6ypm77eqzrb34geapsxhgm,did:plc:tgw3d4hvw3x5ijrxax7lg26u,1,ohiolandmarks.bsky.social,nkalamb.bsky.social
did:plc:beb4m77jiyc65qla24i3zej6,did:plc:g62tajye723r3fa4gqw7l7ql,1,mumby88.bsky.social,pattymo.com
did:plc:beg6ffhnpqx3nafov4evtw2x,did:plc:3ybwpruswu3k7j7tuoji5kjy,1,markcsportsethos.bsky.social,fredbetel.bsky.social
did:plc:beg6ffhnpqx3nafov4evtw2x,did:plc:pjy44evqbyz2kpv6l5whtggl,5,markcsportsethos.bsky.social,ethosfantasynba.bsky.social
did:plc:beg6ffhnpqx3nafov4evtw2x,did:plc:yaednivr2bwik2fux27l6sgm,1,markcsportsethos.bsky.social,velodus.bsky.social
did:plc:beg6ffhnpqx3nafov4evtw2x,did:plc:zzilxqve6xvnklnx7fmhz4s2,1,markcsportsethos.bsky.social,milesdavismorales.bsky.social
did:plc:bfbdigzjrvzp2nwcs42pivfi,did:plc:f5oj3h5yslnl5ymnvya5aecv,1,pathost.bsky.social,awfulannouncing.bsky.social
did:plc:bfconzmxv4xqwiympviqboq3,did:plc:7wal4ejdk76hblpatdt5qc3o,2,royaltenenbaum69.bsky.social,emilio-m.bsky.social
did:plc:bfconzmxv4xqwiympviqboq3,did:plc:c3ssnfiy2ujooisceybxyatc,1,royaltenenbaum69.bsky.social,kyleaclark.bsky.social
did:plc:bfdt5dvh5wnwzdgw7qsnufnf,did:plc:2mxadfg4ck5lwlur64dsvan7,4,hanagirl.bsky.social,brenda2026.bsky.social
did:plc:bfsghbqvncu3rtsul3mauegq,did:plc:22fudzaxnal4ddodzv2o6mwk,1,jlm617.bsky.social,jmcdonaldsa.bsky.social
did:plc:bg445cbsyvodtyubrcyjfppm,did:plc:nk756gkpj52ryc6gaorkvctp,1,shaundav.bsky.social,nbacobwebs.bsky.social
did:plc:bgkg5htbelmdk3clc5o4j6ck,did:plc:ofdhjyg573sn2v2dd3vgsciv,1,thecoratee.bsky.social,stholeary.bsky.social
did:plc:bgllncevxtkvjqm5bgnejojw,did:plc:6xavmse54akxck7wlul3k5d5,1,mistergoodposts.bsky.social,fiveburger.bsky.social
did:plc:bgus2ifvjwr2fls5ze5m7l4p,did:plc:ilavhtfvlhuuzxoflftddvx4,1,vorace91.bsky.social,aur20100.eurosky.social
did:plc:bh3htdjdl4webacficedefyz,did:plc:igdexwrrj6bbol3lbwr3n6px,1,bawalker.bsky.social,yvrwxwatcher.bsky.social
did:plc:bhdhzcuvh7hbvrhgfjzxcxqu,did:plc:3em7xc6dl62j2sehmlhc3sx7,1,bendowsett.bsky.social,turdbomb.bsky.social
did:plc:bhdhzcuvh7hbvrhgfjzxcxqu,did:plc:ggibrwvfmu7ehddn62m2lppu,2,bendowsett.bsky.social,dangercart.bsky.social
did:plc:bhdhzcuvh7hbvrhgfjzxcxqu,did:plc:ll77pcnrmfk53cwzacdircyp,2,bendowsett.bsky.social,patrickfenelon.bsky.social
did:plc:bhdhzcuvh7hbvrhgfjzxcxqu,did:plc:ne344shcm2jowdwh5whzkgfn,1,bendowsett.bsky.social,faignews.bsky.social
did:plc:bhguhb7guslylz2xkfei6txg,did:plc:7watwya7vo6oe6c6wtmezdsr,1,goomvi.online,dansplainer.bsky.social
did:plc:bhly5vionyd2owf642oomoze,did:plc:d2utfmoshmoi4vvb4bwsposs,1,rutegar.bsky.social,danielleceltics.bsky.social
did:plc:bhly5vionyd2owf642oomoze,did:plc:dnxkqc6rsqossh7uhyobkeua,1,rutegar.bsky.social,bobbykrivitsky.bsky.social
did:plc:bhly5vionyd2owf642oomoze,did:plc:g5ls6rrz7j3qpoxcicwrmcko,2,rutegar.bsky.social,oblid.bsky.social
did:plc:bhly5vionyd2owf642oomoze,did:plc:s6xti4fhgq7gfq3q75w4qzue,1,rutegar.bsky.social,wiermayne.bsky.social
did:plc:bhly5vionyd2owf642oomoze,did:plc:txbqvzbeljtgneeql7iajhxo,1,rutegar.bsky.social,gibbs52.bsky.social
did:plc:bhozeglpn6urlrrxw7jeo2dr,did:plc:sa73fbx3vxzh2fw5pu5wmief,2,hardcap.bsky.social,shamsbot.bsky.social
did:plc:bhqewakdr6pmj773y4odet3l,did:plc:bvn5oncrh2mie4nxuzbiqjmi,1,janemusgrave.bsky.social,juliapoe.bsky.social
did:plc:bhqewakdr6pmj773y4odet3l,did:plc:qqdqgzpqwyho4cxzso62m54q,1,janemusgrave.bsky.social,juliedicaro.bsky.social
did:plc:bhw5yjxeuypdonvanjqtvktu,did:plc:22fudzaxnal4ddodzv2o6mwk,1,illiniandramsalum.bsky.social,jmcdonaldsa.bsky.social
did:plc:bhx4gzgep42xvtrbm2ubqmbj,did:plc:glmxe4fbzv5zu4vblv7hnh4b,1,hkretzmann.bsky.social,marlaef.bsky.social
did:plc:bi2wjm2cr7rbkkladbaqgr2z,did:plc:cnzvubkyyn4tnimuncdqqfvc,1,sharknado.bsky.social,athoughtbytim.bsky.social
did:plc:bi2wjm2cr7rbkkladbaqgr2z,did:plc:nxbs3p7sn4i6i73tkw6xwhxz,1,sharknado.bsky.social,genxkelly.bsky.social
did:plc:bia4bgkgw63cd53w2z5futqq,did:plc:o5d7zrst4uuv7f45byscx3hc,1,geester12000.bsky.social,dillonnba.bsky.social
did:plc:bia4bgkgw63cd53w2z5futqq,did:plc:x4gxcq7uospumk5ewsitfvse,1,geester12000.bsky.social,getsit.bsky.social
did:plc:bic5k4niu4rz2snifiplxiwo,did:plc:rk753553nycwstwpbc4gfxrl,1,kris996.bsky.social,adamzherman.bsky.social
did:plc:bipzzdp7xpf65rgkgjgbagkf,did:plc:nk756gkpj52ryc6gaorkvctp,1,butthurtlibs.bsky.social,nbacobwebs.bsky.social
did:plc:bj5btfez7iknj46u2npyztye,did:plc:aztirhi4lcyupygel6fz6h22,1,bonesbrigaderipper.bsky.social,bfmitchell.bsky.social
did:plc:bj5btfez7iknj46u2npyztye,did:plc:r7gaw63luw7n4k5bbxkcyqv3,1,bonesbrigaderipper.bsky.social,experimental22.bsky.social
did:plc:bjaqk75qq6sf426zh46wvtfs,did:plc:64cvlposhqveflskm3kwzkvu,2,ewokinsd.bsky.social,no-flashlight.bsky.social
did:plc:bjdp5h5lvtjupe5fmgictjxd,did:plc:ckm3tux343orkrjrny5kdamo,1,jeremulder.bsky.social,notthattonya.bsky.social
did:plc:bjiy5c7ixldsfsov2rzoxb7k,did:plc:ke37sojlsehzjq54ud6dhaq3,1,sjsharks-news.bsky.social,pjfoss.bsky.social
did:plc:bjo23i5pe76bo4nskmlqflqi,did:plc:bpx5ab47lqy7zgxu222b4n2z,1,granddude1962.bsky.social,mayorofoakland.bsky.social
did:plc:bjqky2diiydhvwznzdrkjbad,did:plc:msfxgbmi7py5kypsybrobqyr,1,timwearing.bsky.social,moesquare.bsky.social
did:plc:bjqky2diiydhvwznzdrkjbad,did:plc:sa73fbx3vxzh2fw5pu5wmief,3,timwearing.bsky.social,shamsbot.bsky.social
did:plc:bjqky2diiydhvwznzdrkjbad,did:plc:wj222j7j4agz3k4ikhxrbb4r,1,timwearing.bsky.social,ekoreen.bsky.social
did:plc:bjxguglsjrifshw6wrdumkpp,did:plc:kx6tqyqtkuwq6nngbs5d6sxa,1,dk3k.bsky.social,whoases-malone.bsky.social
did:plc:bkjg4r7ahvqdwrvvqtnucl57,did:plc:s2ibun2lfcftexxcqsr4ryce,1,theunoffficialjb.bsky.social,michaelvpina.bsky.social
did:plc:bl4jfmqcvokkzdkzapbrq7ho,did:plc:22fudzaxnal4ddodzv2o6mwk,1,jobesz44.bsky.social,jmcdonaldsa.bsky.social
did:plc:bl4jfmqcvokkzdkzapbrq7ho,did:plc:fqsmj7o5mbb7n7oav2kkjuid,1,jobesz44.bsky.social,nbastat.bsky.social
did:plc:bl4jfmqcvokkzdkzapbrq7ho,did:plc:luofuy2uw7g4vsd2vbwidtel,1,jobesz44.bsky.social,keithsmithnba.bsky.social
did:plc:bl4jfmqcvokkzdkzapbrq7ho,did:plc:v5jl5v6lpsxraicxvjearya5,2,jobesz44.bsky.social,brentyndo.bsky.social
did:plc:bl4jfmqcvokkzdkzapbrq7ho,did:plc:xojxhkdoymy4ts2sohhtawgo,1,jobesz44.bsky.social,rjsizzle.bsky.social
did:plc:blzvu4crulixsj52gcsou74n,did:plc:22fudzaxnal4ddodzv2o6mwk,1,mitflunkie.bsky.social,jmcdonaldsa.bsky.social
did:plc:bm2afp77vzodawc3sshxzvfk,did:plc:7sfnardo5xxznxc6esxc5ooe,1,actualdanmccormack.bsky.social,nba.com
did:plc:bm2afp77vzodawc3sshxzvfk,did:plc:fqsmj7o5mbb7n7oav2kkjuid,1,actualdanmccormack.bsky.social,nbastat.bsky.social
did:plc:bm2afp77vzodawc3sshxzvfk,did:plc:py7chfax4ftugpcpyj2binih,1,actualdanmccormack.bsky.social,christopherhine.bsky.social
did:plc:bm3izwxbljeuvowixm27nbc7,did:plc:56oh6rai2o4wynfjhboyjuew,1,bkjax8.bsky.social,seanallen68.bsky.social
did:plc:bmnx52xcridd33r4ebn6ifzm,did:plc:sa73fbx3vxzh2fw5pu5wmief,1,nicolastscr.bsky.social,shamsbot.bsky.social
did:plc:bmoufxtkzwvgzgq5wvehpczj,did:plc:e6xp5yipstsuyypzu6cxognm,1,yearzeroremix.bsky.social,capivasco.bsky.social
did:plc:bmurxe6wwewrrrckzcrnnkmr,did:plc:jjhzoj5h6z3iybq7khu73byh,1,blaww.bsky.social,leftoflenin.com
did:plc:bn3rd3b5777oi7pzu3z56wsm,did:plc:2jprfvpdny5oxnqyjs2jijzm,1,jennicle1.bsky.social,spencito.bsky.social
did:plc:bn7ykcy7oqxsw6x455zkcy6e,did:plc:t4i3a4fawuzge3dsw2i2h2fw,1,wayneinseoul.bsky.social,markjacob.bsky.social
did:plc:bnfrdyy72qmydfh63q3sfjxh,did:plc:tpdbdajy2gjfabgtc65hfuf3,1,lemonemoji.bsky.social,anakanaschofield.bsky.social
did:plc:bnrvxigpgotzdtuz6c5wahcb,did:plc:b2kutgxqlltwc6lhs724cfwr,1,bugsysig.bsky.social,theathletic.com
did:plc:bnrvxigpgotzdtuz6c5wahcb,did:plc:e3ktrbooe3mildj4hhwhsvtc,1,bugsysig.bsky.social,mikeascotto.bsky.social
did:plc:bnrvxigpgotzdtuz6c5wahcb,did:plc:kvf6pnfrtgek6jqlkpqhgacv,1,bugsysig.bsky.social,yossigozlan.bsky.social
did:plc:bnrvxigpgotzdtuz6c5wahcb,did:plc:rxyiusciuniq4bcggehjmxvg,1,bugsysig.bsky.social,omarzahran.bsky.social
did:plc:bnrvxigpgotzdtuz6c5wahcb,did:plc:sa73fbx3vxzh2fw5pu5wmief,1,bugsysig.bsky.social,shamsbot.bsky.social
did:plc:bnrvxigpgotzdtuz6c5wahcb,did:plc:ukmnw6egw2cczaqeasvd4iln,1,bugsysig.bsky.social,tomerazarly.bsky.social
did:plc:bnrvxigpgotzdtuz6c5wahcb,did:plc:vx3lmquijgn4b246jeo2opki,1,bugsysig.bsky.social,plootube.bsky.social
did:plc:bnrvxigpgotzdtuz6c5wahcb,did:plc:zxkvgvplqecxcnkpuayzllcw,1,bugsysig.bsky.social,themecca.bsky.social
did:plc:bo3cmrb4eajiwpjses4vmymu,did:plc:mw6nvhi2ym6ysbnnrxpbkew6,1,wubbiq.bsky.social,fayeokay.bsky.social
did:plc:bo3doqfdxapdna7boactg3pn,did:plc:2ufp6rz3xoexzw7s3dgfnbbt,1,jk001-ie.bsky.social,meninblazers.bsky.social
did:plc:boezitkv4bhykrbwbk2hgohj,did:plc:v6xd7qcm4tsgb4ndo547vh4n,1,farongidge.bsky.social,jeskeets.bsky.social
did:plc:bop2ecdhvf7okwzsl7bahscr,did:plc:7sfnardo5xxznxc6esxc5ooe,1,rxc.bsky.social,nba.com
did:plc:bop2ecdhvf7okwzsl7bahscr,did:plc:paf4vetn26bu7uggsie3vyrc,1,rxc.bsky.social,lawmurraythenu.bsky.social
did:plc:boyt62trviscbrcvwqwul362,did:plc:jhzknzmzilaq4hn64t37da5b,1,bskysocialfomo.bsky.social,matthewjohnson.bsky.social
did:plc:bp2nbcl6gmrctyafzp72jz5q,did:plc:l7g3kelgnzhown7sql25lxox,1,sammc.bsky.social,thekenchilds.com
did:plc:bp4dtumwoyfjweif5m6ed7ey,did:plc:24zszjipyojx65iq3mjppzjc,2,irishryan.bsky.social,coachjet.bsky.social
did:plc:bpgfwja7bcptstorx5xhcdqz,did:plc:vh35ls3pm3o7jdjjw2uh7jjz,1,thegarybrown.bsky.social,tylercheung.bsky.social
did:plc:bplgsjjsnfeywxlyj6vsfhqb,did:plc:zcifiaokjuznmkasf6zn347d,1,agora01619.bsky.social,flybyknite.bsky.social
did:plc:bpsosbombacnrcar6yci72mr,did:plc:yj436z2s2v37rvaw33lc4ryq,1,yurrpost.bsky.social,mbkplus.bsky.social
did:plc:bpxaqqlathuqov7cds7hooz5,did:plc:7ut56i3tgnblkrpn6nrldeen,1,funkfunky.bsky.social,jasonwaterfalls.bsky.social
did:plc:bpxaqqlathuqov7cds7hooz5,did:plc:gliszc5vuu2hkjvhuk2iuo5b,1,funkfunky.bsky.social,eliastheguyas.bsky.social
did:plc:bq4tfmmcgqukghgpj5vusp2l,did:plc:ahomohxxfzpw7owlquzss2kj,1,alpacandina.bsky.social,s3rp86.bsky.social
did:plc:bqslpcvatosdm7cstgyi7jt6,did:plc:6aifpf2xnhxtzqhgergp4732,1,lurkymclurk.bsky.social,jessespector.com
did:plc:bquhpgctjxjwquc5fy25or2s,did:plc:wfhljp3cd3zlldavd5vo3viw,1,bradyklopfer.bsky.social,bbburgerrr.bsky.social
did:plc:br24cb5pveofkf2odhauedey,did:plc:luofuy2uw7g4vsd2vbwidtel,1,noplansjustvibes.bsky.social,keithsmithnba.bsky.social
did:plc:brc6xpufk5nehbsy37elk7jb,did:plc:epxcbh5crwy3shzs2hymgs7m,1,creamcityjw.bsky.social,joetheyogi.bsky.social
did:plc:brc6xpufk5nehbsy37elk7jb,did:plc:glmxe4fbzv5zu4vblv7hnh4b,1,creamcityjw.bsky.social,marlaef.bsky.social
did:plc:brc6xpufk5nehbsy37elk7jb,did:plc:hf7ezrajxadu7v3tzcyij424,1,creamcityjw.bsky.social,parkermolloy.com
did:plc:brc6xpufk5nehbsy37elk7jb,did:plc:k3srwxbpuliwhboqnmpcnel6,1,creamcityjw.bsky.social,curdgirl.bsky.social
did:plc:brc6xpufk5nehbsy37elk7jb,did:plc:o5eoougcmfzuwshkcelwg47m,1,creamcityjw.bsky.social,vkinwi.bsky.social
did:plc:brc6xpufk5nehbsy37elk7jb,did:plc:z6ix2drlihjtprljiyzukcoz,1,creamcityjw.bsky.social,ekingsbury.bsky.social
did:plc:brevkugtsxttxajqw6qmtdmy,did:plc:e62gb2ushvtvjvqcbrxeaw2n,1,janecnolan.bsky.social,chrislhayes.bsky.social
did:plc:brfzbobscsvd42iarcuyd7m7,did:plc:gj7a4uosy3e5tqqgreq62rgo,1,saxsa.bsky.social,tomakafiresandwich.bsky.social
did:plc:brfzbobscsvd42iarcuyd7m7,did:plc:j24jtz7xkt5ttdsk32mmpkvn,1,saxsa.bsky.social,johnhollinger.bsky.social
did:plc:brfzbobscsvd42iarcuyd7m7,did:plc:no3z7ja36nwudki5jeyqpn5r,1,saxsa.bsky.social,kmaggs33.bsky.social
did:plc:brfzbobscsvd42iarcuyd7m7,did:plc:s2ibun2lfcftexxcqsr4ryce,1,saxsa.bsky.social,michaelvpina.bsky.social
did:plc:brfzbobscsvd42iarcuyd7m7,did:plc:sa73fbx3vxzh2fw5pu5wmief,1,saxsa.bsky.social,shamsbot.bsky.social
did:plc:brgzzc3whw24y5w7wl3hcfhn,did:plc:cvgfgkowwcxwpcrr5o6dq4lg,1,cptowers.bsky.social,mattbrown.bsky.social
did:plc:bryqa4ccs4hnkgn6jgpjgpav,did:plc:jgmxlsqaj6inwjqx3eowix6i,1,birdlawenthusiast.bsky.social,snowden.st
did:plc:bs2cajroxw6g4b3a4t3pnyz5,did:plc:k37ousn7t2cc4mslvdhbgobi,2,sportsballitics.bsky.social,will-jones.bsky.social
did:plc:bs2cajroxw6g4b3a4t3pnyz5,did:plc:nuhanwpqqpfpx4wgjjfxzses,1,sportsballitics.bsky.social,gamercat365.bsky.social
did:plc:bs63qlwvjfrbuknyhjahocfy,did:plc:ma4fpsa4womrf5zbbsxrlmwh,1,diffordkim.bsky.social,cavswire.substack.com
did:plc:bsbvq2c7hwhtghswphhot3hq,did:plc:luofuy2uw7g4vsd2vbwidtel,1,zacharyparadis.bsky.social,keithsmithnba.bsky.social
did:plc:bscjnh4kdptvcdyopbcv6g32,did:plc:g62tajye723r3fa4gqw7l7ql,1,maywaltz.bsky.social,pattymo.com
did:plc:bsle3vlytf5dhmy5aw2uevt6,did:plc:5duietor3o44ratm252kng7k,1,dano66.bsky.social,karenkrussell.bsky.social
did:plc:bsnfhnuvhsjlhjt3nnjffebl,did:plc:q7s63wqps2zi7wilgqv4362v,1,christinastephens.bsky.social,briesmith.xyz
did:plc:bsp35h6boxlnbbu3mrmc4ow3,did:plc:fgpyya4en5thfmi6usrr3kvv,1,jasserole.bsky.social,jasonkirk.fyi
did:plc:bstcak3kpul2ddmjks5i6tgu,did:plc:mm4ikewcivn2754646agleng,1,starclusterr.bsky.social,honkifyouareantifa.bsky.social
did:plc:bstcak3kpul2ddmjks5i6tgu,did:plc:uepstqaisuzzekixnaf6rvic,1,starclusterr.bsky.social,amorygatsby.bsky.social
did:plc:bswnoplhcm34xgpiu6v5w67j,did:plc:d7avzxlxl7kgbsbq762bo7l5,1,dustyabs.bsky.social,pacers.bsky.social
did:plc:bszbwdmcm3czlabs67kq4ouk,did:plc:t4hxhxqyioobjim3t6u6dc4r,2,metallungies.bsky.social,drewunga.bsky.social
did:plc:bt6ylpdzh4qrcjidycbrefin,did:plc:2xsjeksmt5podv6wmduiccbc,1,norseofbroad.bsky.social,avi-wa.bsky.social
did:plc:btbyqeyeodud4mdiff2dkrxa,did:plc:xxifrvmd2lgrnfdn7ft2bjn4,1,jessichords.bsky.social,irrationalsixers.bsky.social
did:plc:bto5wssbk36x6qvdlgy4kbvm,did:plc:wvlitmkhwcxcuozzrv7i2swx,1,lucky-lefty.bsky.social,shameka23.bsky.social
did:plc:btqmgd42ymfro2mkiwmueghf,did:plc:s7zwxkzbvve2aruvjuln5ug4,1,f29.bsky.social,draglikepull.bsky.social
did:plc:bu46wduerpjjpj4knunjqvcy,did:plc:2i2l6t4uh4y7vahpn7hiqx3f,1,lamegandalf.bsky.social,iztokfranko.bsky.social
did:plc:bu46wduerpjjpj4knunjqvcy,did:plc:b2kutgxqlltwc6lhs724cfwr,1,lamegandalf.bsky.social,theathletic.com
did:plc:bu46wduerpjjpj4knunjqvcy,did:plc:l6yxkp3kth6b6gmy4bzwacqv,1,lamegandalf.bsky.social,franspambot.bsky.social
did:plc:buh7ha655onegpogoods2wwi,did:plc:vtroe3vx43ypg55fs7kjbroi,1,trappercreek.bsky.social,portlandmercury.com
did:plc:bumu6s332o24fppobse7j3ms,did:plc:fzkf74vzree3sowuzjn2qmcs,1,matttomic.bsky.social,illpod.bsky.social
did:plc:bumu6s332o24fppobse7j3ms,did:plc:ubrix7bxox72zs7bb3zpcqj2,1,matttomic.bsky.social,airedmania.bsky.social
did:plc:burkzwqvtqqz2bc2c2qa2zon,did:plc:3kelnt5tm3zzanzk7y64wan3,1,lisp84.bsky.social,godstreetwine.bsky.social
did:plc:butir56gvjz4xxh46pe3daom,did:plc:sa73fbx3vxzh2fw5pu5wmief,1,jackiefartling.bsky.social,shamsbot.bsky.social
did:plc:bvcrz2qufnqt5urvre6kugpa,did:plc:22fudzaxnal4ddodzv2o6mwk,1,parkusaurelius.bsky.social,jmcdonaldsa.bsky.social
did:plc:bvcrz2qufnqt5urvre6kugpa,did:plc:2i2l6t4uh4y7vahpn7hiqx3f,1,parkusaurelius.bsky.social,iztokfranko.bsky.social
did:plc:bvcrz2qufnqt5urvre6kugpa,did:plc:5dwbpojkp6wykwcafasvwroi,1,parkusaurelius.bsky.social,daltonjohnson.bsky.social
did:plc:bvgsmb3tdxm6knipk2duxspq,did:plc:ykqb2yhkbm4ngkn442k64zrc,1,habeggtoday.bsky.social,thehockeywriters.bsky.social
did:plc:bvjrspujbkkgebmjgmvvxxvz,did:plc:3omcxrarbvi6fdnibxevxlpk,1,markwade.bsky.social,chrismuellerpgh.bsky.social
did:plc:bvn5oncrh2mie4nxuzbiqjmi,did:plc:2weliynx525fea6dtohvtxz6,1,juliapoe.bsky.social,mosyadig.bsky.social
did:plc:bvqokmjdhez37ieu7ok2clnc,did:plc:7kiebpr4nei4adwogfteigvy,1,joelskeetsos.bsky.social,rememberthatguy.bsky.social
did:plc:bvx5cxgvufpdnkypnamm5h3k,did:plc:g7a6qji72odgptnddtrkdchy,1,johnkoluder.bsky.social,mrbuckbucknba.bsky.social
did:plc:bwg4fwxwfz4cy3cj4hxsikxw,did:plc:fg5ks6bevpbwkha6o3s2y27h,1,illfaded.bsky.social,alexkirshner.com
did:plc:bwg4fwxwfz4cy3cj4hxsikxw,did:plc:jgmxlsqaj6inwjqx3eowix6i,1,illfaded.bsky.social,snowden.st
did:plc:bwg4fwxwfz4cy3cj4hxsikxw,did:plc:khikarghalvq6w62vhrehv24,1,illfaded.bsky.social,agattegno.bsky.social
did:plc:bwggsuwofs2pblofmvj34umr,did:plc:6jpqgc6d4tplxcioxuh7khmr,1,mountaingumby.bsky.social,jimowczarski.bsky.social
did:plc:bwggsuwofs2pblofmvj34umr,did:plc:b6v54l7vnitivlnyqekh47xd,1,mountaingumby.bsky.social,tiwindisch.gspn.info
did:plc:bwpcof34fvdokgyecftbocch,did:plc:csmhqhvhmyzt37pd3t65e63g,3,hunterdjd.bsky.social,bigmemath.bsky.social
did:plc:bws3wklsuzzt2a6dudwkr2bv,did:plc:vqts57lodmy54tmvr3yylfu6,1,brooklyn9099.bsky.social,chunk22.bsky.social
did:plc:bws3wklsuzzt2a6dudwkr2bv,did:plc:zcifiaokjuznmkasf6zn347d,1,brooklyn9099.bsky.social,flybyknite.bsky.social
did:plc:bx7ot6usvfx4nahxsjnlo7on,did:plc:wdcfu747ve7jannqbwz2vloq,2,ghosttwist.bsky.social,brokensymmetry.art
did:plc:bxbvippeij5eoc35ed3dpqjy,did:plc:b2kutgxqlltwc6lhs724cfwr,1,sam11la.bsky.social,theathletic.com
did:plc:bxchypojqkgrfvyzqd2hut6a,did:plc:swgxwbir4rrimj57pf75jckf,1,bradleyclover.com,mtsw.bsky.social
did:plc:bxgloa7nzba26okqqa6qnk6c,did:plc:wveidvmniob6egctikkiu4hv,1,socaldude11.bsky.social,mentoch.bsky.social
did:plc:bxlp5jhxl5pcshzjodovsyf2,did:plc:22fudzaxnal4ddodzv2o6mwk,1,stephenmk.bsky.social,jmcdonaldsa.bsky.social
did:plc:bxlp5jhxl5pcshzjodovsyf2,did:plc:oj5blc3orcaoahohplfbaoz2,1,stephenmk.bsky.social,msjnba.bsky.social
did:plc:by64emacdphkxtkzb2fbxyei,did:plc:6jpqgc6d4tplxcioxuh7khmr,1,tciiiesq.bsky.social,jimowczarski.bsky.social
did:plc:byd5aqbqtzr2p2auotfmrmpl,did:plc:5dxebmz3xy7cj5ngdmlu4zrs,1,breadbarn.bsky.social,carrarium.bsky.social
did:plc:byivhoupsyqrqql2y44ji42o,did:plc:tiwx2x4jhfjmblcu5mmm3zox,1,paulhulford.bsky.social,elooto.bsky.social
did:plc:bylhmiepxg57x6rmd5r5ml5c,did:plc:6jpqgc6d4tplxcioxuh7khmr,1,fkespn.bsky.social,jimowczarski.bsky.social
did:plc:byopsp2gntzvqi4y3pqa4do7,did:plc:hf7ezrajxadu7v3tzcyij424,1,readsomemorebooks.bsky.social,parkermolloy.com
did:plc:byz4ua3i3ywmktwxflmhyt2x,did:plc:lwjb3nqqgvia242pehqcufhm,1,brandoneffdub.bsky.social,dfwrangersfan.bsky.social
did:plc:bzec6xp6j4wekgbfaqzkxg2e,did:plc:fuqayk2ahyww4d4u4whii75f,1,sandor22.bsky.social,girlybojon.bsky.social
did:plc:bzowu2zyuygk4c4blzze2zdk,did:plc:7npbc7vfj4vhpcgsaqqqufcn,1,fyrebear.bsky.social,bendubose.bsky.social
did:plc:bzy5rjjduvvkxno5xe3evl3f,did:plc:egutpf7kx4hynij5ntzjt243,1,lollardfish.bsky.social,positivesubway.bsky.social
did:plc:c24xindkdmz3zmmylxhnyw5p,did:plc:aybotarrzwf3by4mhvtzyk5b,2,timfaklis.bsky.social,benschleuss.bsky.social
did:plc:c24xindkdmz3zmmylxhnyw5p,did:plc:rk7ktj2bmd4lhqx4eygylxok,1,timfaklis.bsky.social,noahtweetsdaily.bsky.social
did:plc:c2j2luaw22nu5lei2s3igla6,did:plc:6xtss352bsq4rcyr356apu24,1,bizzo.bsky.social,dunks.bsky.social
did:plc:c2nwjtzcqo4aksk25ktfrigr,did:plc:7sfnardo5xxznxc6esxc5ooe,1,jonnywalkerblak.bsky.social,nba.com
did:plc:c2py2jgzhmhh44l5sqi4vvhu,did:plc:hf7ezrajxadu7v3tzcyij424,1,wiscoism.bsky.social,parkermolloy.com
did:plc:c36an2jsbtpgujdubalig7ou,did:plc:j24jtz7xkt5ttdsk32mmpkvn,1,buddhacant.bsky.social,johnhollinger.bsky.social
did:plc:c36an2jsbtpgujdubalig7ou,did:plc:wbpjhdry2la6ozeiqrdmpmms,1,buddhacant.bsky.social,kpelton.bsky.social
did:plc:c3bgpsxmt75blci2szr2plfp,did:plc:dlbppl2kdyccutor3t3jsuan,1,meanbaby.bsky.social,evanempdx.bsky.social
did:plc:c3mfz7h732pjtjufgmwtfouz,did:plc:a67zdrt4nl2tv2qojpngogbq,1,kurrym.bsky.social,apnews.com
did:plc:c3nhpdtyydxcyu5empwuotmo,did:plc:i6do4inruuxdv7p4sit6wnyn,1,gjsquared.bsky.social,danshafer.bsky.social
did:plc:c3nhpdtyydxcyu5empwuotmo,did:plc:jpnthlnrxuvpq6shn6yxleaa,2,gjsquared.bsky.social,mebartl8.bsky.social
did:plc:c3nhpdtyydxcyu5empwuotmo,did:plc:vq47dnnhpwl2jir45t2vd76i,1,gjsquared.bsky.social,jimmyfk.bsky.social
did:plc:c3nhpdtyydxcyu5empwuotmo,did:plc:wkbysllyarm4b3kxrj3mfxau,2,gjsquared.bsky.social,stpaulite.bsky.social
did:plc:c3roikkeki4hxu2gz7r5pljd,did:plc:c43ilgp77brs2xo3uwu4ncsz,2,tom.medsky.social,realcoachbeard.bsky.social
did:plc:c3ssnfiy2ujooisceybxyatc,did:plc:bfconzmxv4xqwiympviqboq3,2,kyleaclark.bsky.social,royaltenenbaum69.bsky.social
did:plc:c3ssnfiy2ujooisceybxyatc,did:plc:tgd5fqgz2ivxphgui2x564cw,2,kyleaclark.bsky.social,therealestjmark.bsky.social
did:plc:c43ilgp77brs2xo3uwu4ncsz,did:plc:c3roikkeki4hxu2gz7r5pljd,1,realcoachbeard.bsky.social,tom.medsky.social
did:plc:c43ilgp77brs2xo3uwu4ncsz,did:plc:snv32rmixi4lzcitwiqlbxwe,1,realcoachbeard.bsky.social,tofu-sofa.bsky.social
did:plc:c4agc4xhqow7c2fcbo34khch,did:plc:4xaad7thmc4uqdhefbq6vizm,2,truesync.bsky.social,johnbull.wtf
did:plc:c4beyrl6wnpfekzf3elewvpu,did:plc:sa73fbx3vxzh2fw5pu5wmief,1,scottyco.bsky.social,shamsbot.bsky.social
did:plc:c4beyrl6wnpfekzf3elewvpu,did:plc:xpr7v5obiwqhjca553lt5cb4,1,scottyco.bsky.social,drunkenvike.bsky.social
did:plc:c4iu3jfajcqruf5ddwzx7lsq,did:plc:k6jgbx7wc657rq2tzziyxhti,1,uveeme.bsky.social,tediosa-miss.bsky.social
did:plc:c4npfc6yntwrn3pmk763gtvh,did:plc:t4i3a4fawuzge3dsw2i2h2fw,1,boulevaardvark.bsky.social,markjacob.bsky.social
did:plc:c4tua2dvwo3subelej2yzdpy,did:plc:4744urw7y3pmqvmb6bcdnk4j,2,msmicaluv.bsky.social,chucktownbabe.blacksky.app
did:plc:c4tua2dvwo3subelej2yzdpy,did:plc:6n4ucijqe66jz5f7figmpinl,1,msmicaluv.bsky.social,onlychyld.blacksky.app
did:plc:c4tua2dvwo3subelej2yzdpy,did:plc:uadw5ykrnxjmxuqxm4p4embx,1,msmicaluv.bsky.social,christhewriter.bsky.social
did:plc:c4tua2dvwo3subelej2yzdpy,did:plc:ypp4ilvfslbhnvxff74pu5sp,2,msmicaluv.bsky.social,bastylefilegirl.bsky.social
did:plc:c4ut4way3vn5a5i3a5odjfqp,did:plc:anzf74or6etkpvoxmlt5o62b,1,tfotsch.bsky.social,akschaaf.bsky.social
did:plc:c5a54x2c4omkwvey53ovxqga,did:plc:2wwflvxna4jrpoqonds4ro6m,1,juliemarion27.bsky.social,mtlsimon11.bsky.social
did:plc:c5a54x2c4omkwvey53ovxqga,did:plc:ykqb2yhkbm4ngkn442k64zrc,1,juliemarion27.bsky.social,thehockeywriters.bsky.social
did:plc:c5gskysxvxa6ihwm2ueogysx,did:plc:6ahv2jk7wea2fql74oiisng6,1,joe-thoma-iv.bsky.social,scottagness.bsky.social
did:plc:c5gskysxvxa6ihwm2ueogysx,did:plc:cyflytcyyyhawlrnnwiv25nd,1,joe-thoma-iv.bsky.social,btoporek.bsky.social
did:plc:c5j7wi4bu7mtveguw64xt3y7,did:plc:b2kutgxqlltwc6lhs724cfwr,2,jamirmcfly330.bsky.social,theathletic.com
did:plc:c5vruxgkdki6sn77mpsyoxm2,did:plc:lkb7jivx7ahvl6xr3j45gunr,4,msmilack75.bsky.social,ebadofsky.bsky.social
did:plc:c5xndaraymp7gqv4hqk3wblo,did:plc:7sfnardo5xxznxc6esxc5ooe,1,rosthaus.bsky.social,nba.com
did:plc:c6o4jj74elqqw53h4gh3gcqn,did:plc:rldxxd4625riymt4b5bwbmpf,1,hjbmw4life.bsky.social,statitudes.com
did:plc:c6sq43gqpdvxwzgswt6il3hs,did:plc:b2kutgxqlltwc6lhs724cfwr,1,ihdt.bsky.social,theathletic.com
did:plc:c6zboce3czjobj4kqfhfjlqr,did:plc:5dwbpojkp6wykwcafasvwroi,1,yokonaka.bsky.social,daltonjohnson.bsky.social
did:plc:c6zboce3czjobj4kqfhfjlqr,did:plc:r2e5r4n5kt4q3hayta2irbzg,1,yokonaka.bsky.social,wolstat.bsky.social
did:plc:c6zboce3czjobj4kqfhfjlqr,did:plc:uqtnb34oh7coqgyvk3ghtqcv,1,yokonaka.bsky.social,kinefresh.bsky.social
did:plc:c74tiqnuigp6p7oqf337ndkj,did:plc:oldni5ro4vbwzbvbsdhj42wo,2,ara61.bsky.social,wa-si-san.bsky.social
did:plc:caeh5n6az4sqwjsyrr7itxlz,did:plc:26375peygwnrijoepmy2fdcs,1,tragicpenname.bsky.social,washingtonstatestandard.com
did:plc:cai7hwlhhjxdeqrxg67xal3r,did:plc:26375peygwnrijoepmy2fdcs,1,mark-nathaniel.bsky.social,washingtonstatestandard.com
did:plc:caojo2l3oal262gzcn5ux6yf,did:plc:luofuy2uw7g4vsd2vbwidtel,1,itsallterrible.bsky.social,keithsmithnba.bsky.social
did:plc:cawt5g5vcgwnfqs3i6h5zz4z,did:plc:v3ibi4s72mwzzuwwy5tv77pq,1,vintagegnomes17.bsky.social,daynperry.bsky.social
did:plc:cb5p4rsijpkth4qmfnogkmgy,did:plc:7gkaoktcit2zipopc4c3zdbz,2,ybbilnosbocaj.bsky.social,trailpics.bsky.social
did:plc:cbhn44cstmezsuclyi3ictwm,did:plc:l4yavyh246boe7uzo4cua2ns,1,coffeecat.tgirl.gay,nowarbutclasswar.bsky.social
did:plc:cbtoiyqupgu2mcqlex7hve6a,did:plc:7mwx7hp44gqbjnxsnmwnyknb,1,aklingus.bsky.social,treblaw.bsky.social
did:plc:cc5qkf5kupfqu5h4ysppxduj,did:plc:b2kutgxqlltwc6lhs724cfwr,1,gmanv001.bsky.social,theathletic.com
did:plc:cc7tzd4bb5sh6d5taioq256d,did:plc:4dyrpthwotfdrzmfij3viuuc,1,candacepedraza.bsky.social,eli403.bsky.social
did:plc:cc7tzd4bb5sh6d5taioq256d,did:plc:cyflytcyyyhawlrnnwiv25nd,2,candacepedraza.bsky.social,btoporek.bsky.social
did:plc:cc7tzd4bb5sh6d5taioq256d,did:plc:luofuy2uw7g4vsd2vbwidtel,1,candacepedraza.bsky.social,keithsmithnba.bsky.social
did:plc:cc7tzd4bb5sh6d5taioq256d,did:plc:ov3ixpbcdxxd4ueau3slthet,1,candacepedraza.bsky.social,joelvideo.producer.blue
did:plc:cc7tzd4bb5sh6d5taioq256d,did:plc:urtzlgohgpyod45hftk3tzne,1,candacepedraza.bsky.social,lotusprime.bsky.social
did:plc:cc7tzd4bb5sh6d5taioq256d,did:plc:vx3lmquijgn4b246jeo2opki,3,candacepedraza.bsky.social,plootube.bsky.social
did:plc:ccfez3dvabztsa4hjnpyc4xp,did:plc:66qwrjmym3k2bzaztzfhc45n,3,timothyz.bsky.social,ragglock.bsky.social
did:plc:ccmdikvnvdclf2lculots7nj,did:plc:hf7ezrajxadu7v3tzcyij424,1,da-zin-guy.bsky.social,parkermolloy.com
did:plc:ccnxr26hhmhexexxjh62tyye,did:plc:r62qixbqqk4zqt6vdzc4x3up,1,greg30.bsky.social,therealnbw.bsky.social
did:plc:ccnxr26hhmhexexxjh62tyye,did:plc:sa73fbx3vxzh2fw5pu5wmief,1,greg30.bsky.social,shamsbot.bsky.social
did:plc:cctk7aavo4qcxoyhesrwsfml,did:plc:ecjlc5ouev63oweq5en4lsj3,1,heidispeaks.bsky.social,davekarpf.bsky.social
did:plc:cd37tqonw6qmjbfrmmb6vbzx,did:plc:t4i3a4fawuzge3dsw2i2h2fw,1,raffez.bsky.social,markjacob.bsky.social
did:plc:cdhcjy5vbqinqayd2cicdv73,did:plc:yzdatolneix33igiy2ektwlu,1,mandydaniels.bsky.social,saramikaila.bsky.social
did:plc:cdpibgtbtkjljoxukcav72rw,did:plc:5oqva7ojfn4mwnnd2rm4w2nm,1,mickounet.bsky.social,primalredge.bsky.social
did:plc:cdpibgtbtkjljoxukcav72rw,did:plc:ilavhtfvlhuuzxoflftddvx4,2,mickounet.bsky.social,aur20100.eurosky.social
did:plc:cdptgcldnlax3nytf2uqvka6,did:plc:2qofjjng4iw4ilru7r2lcrgo,1,davidharper.bsky.social,mkfreigeist.bsky.social
did:plc:cdptgcldnlax3nytf2uqvka6,did:plc:4xpj3xjxsxxcuh3ghaulzdqu,1,davidharper.bsky.social,yourmandevine.bsky.social
did:plc:cdptgcldnlax3nytf2uqvka6,did:plc:7uahugigvixjvxd5s2hidpad,1,davidharper.bsky.social,tonyreast.bsky.social
did:plc:cdptgcldnlax3nytf2uqvka6,did:plc:nde3o56ox53h5o5bucnbphpb,1,davidharper.bsky.social,zackquaintance.bsky.social
did:plc:cdptgcldnlax3nytf2uqvka6,did:plc:qkejagsvdvxnke7qood4i64l,1,davidharper.bsky.social,denhoff25.bsky.social
did:plc:ce7p6rrbfby6rq7y3gpdzffz,did:plc:wkbysllyarm4b3kxrj3mfxau,1,zgoldberg.bsky.social,stpaulite.bsky.social
did:plc:ce7p6rrbfby6rq7y3gpdzffz,did:plc:wp6oep3l55j76cnpvn5uased,1,zgoldberg.bsky.social,lindseyadler.bsky.social
did:plc:cegqm5o2fwtbt66gufrpigt5,did:plc:cs25kdpmze7bbyxbjxomvjk3,2,stfu.dad,onlypadres.bsky.social
did:plc:cezbpwyz6bsrpuq4p5snpi7z,did:plc:yj436z2s2v37rvaw33lc4ryq,1,anibundel.bsky.social,mbkplus.bsky.social
did:plc:cf26plxwia7dxpm6plry3sj2,did:plc:e4njhu2ggf6ewarta2x7ic5q,1,murshedz.bsky.social,molson.bsky.social
did:plc:cf7f6n5ypoqzsxofbti645r6,did:plc:sbpa6nuyer7burq6n55fb3xe,1,finchfrii.bsky.social,kmfao.bsky.social
did:plc:cfg4kvfdm345cvr6q5ohvvkt,did:plc:va2m2i64eucz42bha6dkpc33,1,mgcroadster.bsky.social,wilsonjettone.bsky.social
did:plc:cfpfi2hjemgxf6mcvohfs647,did:plc:7sfnardo5xxznxc6esxc5ooe,1,thestocktonslap.bsky.social,nba.com
did:plc:cfr33jjnksuxzulsshoppyzn,did:plc:e62gb2ushvtvjvqcbrxeaw2n,1,suebedoo.bsky.social,chrislhayes.bsky.social
did:plc:cgbv25odxizs3wacbbx5dmnd,did:plc:gqgnr2obuwossobfnxw5xnxg,1,roy31.bsky.social,hoopsanalyst.bsky.social
did:plc:cgc665qysf6upysy75rgw4we,did:plc:zcifiaokjuznmkasf6zn347d,1,antiochthespider.bsky.social,flybyknite.bsky.social
did:plc:cgofokv3lrf6vf2kbbi7vwik,did:plc:jrpwkpac6iln5fvva4fq5twa,1,absoloj.bsky.social,carloapostoli.ft.com
did:plc:cgofokv3lrf6vf2kbbi7vwik,did:plc:waw6zjjsfghvwrlqafxp7syz,1,absoloj.bsky.social,annaknutson.bsky.social
did:plc:cgsbx6hjwc6jrcgts3s5ebsa,did:plc:vcumvue2gcsxexermtdg6cr7,1,jjarchitect.bsky.social,tommybeernba.bsky.social
did:plc:cgsbx6hjwc6jrcgts3s5ebsa,did:plc:yj436z2s2v37rvaw33lc4ryq,1,jjarchitect.bsky.social,mbkplus.bsky.social
did:plc:cgwt6gg6uluie2czedzgltla,did:plc:b2kutgxqlltwc6lhs724cfwr,1,heretickler.bsky.social,theathletic.com
did:plc:cgwt6gg6uluie2czedzgltla,did:plc:pak3r4f5v4zu4jzo772y2iep,1,heretickler.bsky.social,mattmcneilshow.bsky.social
did:plc:ch6btqzt2m6j5ago2qewaaa5,did:plc:4xpj3xjxsxxcuh3ghaulzdqu,1,steadynappin.bsky.social,yourmandevine.bsky.social
did:plc:chaxdppsgnjtga7egziw3c2d,did:plc:sa73fbx3vxzh2fw5pu5wmief,1,deman93.bsky.social,shamsbot.bsky.social
did:plc:chjb6vox2tspk7uswqfog74s,did:plc:gt3unljcqhimumy5zgosk3gv,1,bluemoose79.bsky.social,davidbix.bsky.social
did:plc:chw77zmiryitfv34m6aavu5b,did:plc:pwpkkc5ykwetowcg3bziamb5,1,caffeinerabbit.bsky.social,sonokido.bsky.social
did:plc:chzaktosfz5uwviz5cjiwg5f,did:plc:jpnthlnrxuvpq6shn6yxleaa,1,jskrenes.bsky.social,mebartl8.bsky.social
did:plc:chzaktosfz5uwviz5cjiwg5f,did:plc:sa73fbx3vxzh2fw5pu5wmief,1,jskrenes.bsky.social,shamsbot.bsky.social
did:plc:chzaktosfz5uwviz5cjiwg5f,did:plc:wkbysllyarm4b3kxrj3mfxau,1,jskrenes.bsky.social,stpaulite.bsky.social
did:plc:cj3bc5zsve5lbmivjecupvhx,did:plc:hf7ezrajxadu7v3tzcyij424,1,djarum.org,parkermolloy.com
did:plc:cj4jiyw5cjbxzjeoqir5jgpc,did:plc:75ywphuamkbx76cq6efue5y5,2,dddrz.bsky.social,jlewenberg.bsky.social
did:plc:cj4jiyw5cjbxzjeoqir5jgpc,did:plc:efktoi7qah3byyvuygczxjls,1,dddrz.bsky.social,vivekmjacob.bsky.social
did:plc:cjiqdpjvllyvogxypgexoqke,did:plc:74sy7ybb5ecttbp3qudax7jo,2,thesixersordeal.bsky.social,adiobroyster.bsky.social
did:plc:cjiqdpjvllyvogxypgexoqke,did:plc:cyflytcyyyhawlrnnwiv25nd,2,thesixersordeal.bsky.social,btoporek.bsky.social
did:plc:ckfshclyghehf5cm4akcdane,did:plc:22fudzaxnal4ddodzv2o6mwk,1,danielfsmith.bsky.social,jmcdonaldsa.bsky.social
did:plc:ckfshclyghehf5cm4akcdane,did:plc:i7wtzapqtumk7rh5s7sn5kzm,1,danielfsmith.bsky.social,christiaanptr.bsky.social
did:plc:ckfshclyghehf5cm4akcdane,did:plc:lj2whtk7xz7jtp7gnuu47ban,1,danielfsmith.bsky.social,sdoubleo.bsky.social
did:plc:ckm3tux343orkrjrny5kdamo,did:plc:6beluo5xgn65lmsf6x6xqq6x,1,notthattonya.bsky.social,billoram.bsky.social
did:plc:ckm3tux343orkrjrny5kdamo,did:plc:f6y6ml6cdcinvx3oi2eo7im2,1,notthattonya.bsky.social,rayndeigh.bsky.social
did:plc:ckm3tux343orkrjrny5kdamo,did:plc:g7a6qji72odgptnddtrkdchy,1,notthattonya.bsky.social,mrbuckbucknba.bsky.social
did:plc:cktlxffew7j64c2miij3xjfo,did:plc:e3ktrbooe3mildj4hhwhsvtc,1,snoopdawwg.bsky.social,mikeascotto.bsky.social
did:plc:ckz6ykslw5tyxuvmfjae746w,did:plc:cvgfgkowwcxwpcrr5o6dq4lg,1,pocono.bsky.social,mattbrown.bsky.social
did:plc:ckz6ykslw5tyxuvmfjae746w,did:plc:fgpyya4en5thfmi6usrr3kvv,1,pocono.bsky.social,jasonkirk.fyi
did:plc:ckzsaq2bupz7fr7hgc5b7v3i,did:plc:tw77ipw5w2xwv3hzc6mrljsf,1,c0up.bsky.social,lukeknox.me
did:plc:cl6hgsdvhke4ouhtq2mdcnkr,did:plc:ne344shcm2jowdwh5whzkgfn,1,caseofthebens.bsky.social,faignews.bsky.social
did:plc:cl6hgsdvhke4ouhtq2mdcnkr,did:plc:paf4vetn26bu7uggsie3vyrc,1,caseofthebens.bsky.social,lawmurraythenu.bsky.social
did:plc:clajiu7ikm65rpg52qhpv2k7,did:plc:476maad6nfijz7nx3ecioac6,1,jladamswx.bsky.social,olehkosel.bsky.social
did:plc:clawvngbepsmt7cvjyikexv7,did:plc:e3ktrbooe3mildj4hhwhsvtc,1,jokerscrypt.bsky.social,mikeascotto.bsky.social
did:plc:clidihf7dmozzzj7snf7ox3i,did:plc:7tqoaknamkxgjscgwi25bc4n,1,trozen.bsky.social,bangerrr.bsky.social
did:plc:clidihf7dmozzzj7snf7ox3i,did:plc:e3ktrbooe3mildj4hhwhsvtc,1,trozen.bsky.social,mikeascotto.bsky.social
did:plc:clmspumrq5dgv5wnjsfro3ih,did:plc:luofuy2uw7g4vsd2vbwidtel,1,frumiousm.bsky.social,keithsmithnba.bsky.social
did:plc:clmspumrq5dgv5wnjsfro3ih,did:plc:sa73fbx3vxzh2fw5pu5wmief,1,frumiousm.bsky.social,shamsbot.bsky.social
did:plc:clz35z3mdxuovp55e75fpxfn,did:plc:cmvc2f5b5fou3ijbgagiovlj,1,gangstayid.bsky.social,joelhs.bsky.social
did:plc:clzyzegv3j4pwwap2ujj3qxd,did:plc:e3ktrbooe3mildj4hhwhsvtc,1,gerardhimself.bsky.social,mikeascotto.bsky.social
did:plc:clzyzegv3j4pwwap2ujj3qxd,did:plc:nk756gkpj52ryc6gaorkvctp,1,gerardhimself.bsky.social,nbacobwebs.bsky.social
did:plc:clzyzegv3j4pwwap2ujj3qxd,did:plc:r75hy7lkaay466pi6tislogy,2,gerardhimself.bsky.social,brooklynbuckets.bsky.social
did:plc:clzyzegv3j4pwwap2ujj3qxd,did:plc:sa73fbx3vxzh2fw5pu5wmief,1,gerardhimself.bsky.social,shamsbot.bsky.social
did:plc:cm2hb4ibsrmxjk4kwmcs67qs,did:plc:ytgguhxzb2hab3cpbzkiymss,1,matt-also-writes.com,medcrisis.bsky.social
did:plc:cmbye45czuf7bcxp4unslxpn,did:plc:p6q6mgqru7ybqs5qrp7eaiqr,1,johnlindros.bsky.social,phillyfrontoffice.com
did:plc:cmbye45czuf7bcxp4unslxpn,did:plc:zfxkhiy2lyomncn3lykkwzi7,1,johnlindros.bsky.social,austinkrell.bsky.social
did:plc:cmdu7jn4ep3vbusl6mjrfjnt,did:plc:s326cjaykxxfbca5mmsptnqw,1,lbillsports.bsky.social,torqpenderloin.bsky.social
did:plc:cmkvdkzll4dgzzjuprugpwsj,did:plc:fha2kmwr3qmwhus3f5tvtxo2,1,elliewing.bsky.social,apxbrown.bsky.social
did:plc:cmnqzdgtzdxb6jlzcqd2bbds,did:plc:uot2muy7bgn6ju7lj23ztk3i,1,ollyhime.bsky.social,mellyinchains.bsky.social
did:plc:cmq4ydvzsq5ltz7qy3px7olq,did:plc:e62gb2ushvtvjvqcbrxeaw2n,1,benmasur.bsky.social,chrislhayes.bsky.social
did:plc:cmq4ydvzsq5ltz7qy3px7olq,did:plc:xwa273u2xtoaab4lm5ybj2uy,1,benmasur.bsky.social,fredkatz.bsky.social
did:plc:cmqjwabfvyi52rwvtr3pouag,did:plc:x4lax6zgks5p54i625edfheb,1,grostaquin.eurosky.social,dannyfonz.bsky.social
did:plc:cmvhrwkvdp4teoiwa32tfccr,did:plc:fyx2q2je4kz5s7ywffvh263k,1,nblindberg.bsky.social,garyl45.bsky.social
did:plc:cmvhrwkvdp4teoiwa32tfccr,did:plc:kyjcajocwguwumqkggc5ujfu,1,nblindberg.bsky.social,coxsportsohio.bsky.social
did:plc:cmvhrwkvdp4teoiwa32tfccr,did:plc:s2ibun2lfcftexxcqsr4ryce,1,nblindberg.bsky.social,michaelvpina.bsky.social
did:plc:cmvhrwkvdp4teoiwa32tfccr,did:plc:zgw663lwxmujmen5k4jmjair,1,nblindberg.bsky.social,danfavale.bsky.social
did:plc:cn45mqyflvuhudt5v6heajmb,did:plc:xjyrusev4e5y66bemvomadcq,1,spectramtg.net,pnutfinger.bsky.social
did:plc:cno332qew6bmhjof5a4t3hil,did:plc:x4gxcq7uospumk5ewsitfvse,1,jabariadavis.bsky.social,getsit.bsky.social
did:plc:cnzvubkyyn4tnimuncdqqfvc,did:plc:bi2wjm2cr7rbkkladbaqgr2z,1,athoughtbytim.bsky.social,sharknado.bsky.social
did:plc:cnzvubkyyn4tnimuncdqqfvc,did:plc:nxbs3p7sn4i6i73tkw6xwhxz,2,athoughtbytim.bsky.social,genxkelly.bsky.social
did:plc:cnzvubkyyn4tnimuncdqqfvc,did:plc:qhjqhrgfmvp2gip2y7jj7ent,2,athoughtbytim.bsky.social,patfromportland.bsky.social
did:plc:co7vdktwbq4trphwybt2emw4,did:plc:if4n6vdin5rai4fswbx2727k,1,luckyadam.bsky.social,brittrobson.bsky.social
did:plc:coh77rm44bkiwbyxjzkvi7mw,did:plc:sbpa6nuyer7burq6n55fb3xe,1,secondthrowaway.bsky.social,kmfao.bsky.social
did:plc:coy63d6etpzca2cgn2rf5ozm,did:plc:gucudlmk23hf3rjdkvz4nezb,1,misotrasvidas.aldea.social,weiko.es
did:plc:cpfaqkupczmofe5j5hdaw7en,did:plc:b2kutgxqlltwc6lhs724cfwr,1,unclejayhawk.bsky.social,theathletic.com
did:plc:cpogxgxnmob5jfz5eveuj4ry,did:plc:cc7tzd4bb5sh6d5taioq256d,1,robertsilverman.bsky.social,candacepedraza.bsky.social
did:plc:cpogxgxnmob5jfz5eveuj4ry,did:plc:yvy5ax23zpmoearxn6xsgqzf,1,robertsilverman.bsky.social,btrowland.bsky.social
did:plc:cpptbnvmwk43o4o6cyejhh7u,did:plc:e62gb2ushvtvjvqcbrxeaw2n,1,stu-lowfuel.bsky.social,chrislhayes.bsky.social
did:plc:cptbd2ojdcwlw52s7cgpk6b5,did:plc:7sfnardo5xxznxc6esxc5ooe,1,beerisgreat.bsky.social,nba.com
did:plc:cpw3q34mdtcstzzm6zwzt46q,did:plc:cyflytcyyyhawlrnnwiv25nd,1,weirdalf.bsky.social,btoporek.bsky.social
did:plc:cpw3q34mdtcstzzm6zwzt46q,did:plc:rsneezcrz7a7cruq5qdeotdb,1,weirdalf.bsky.social,profcedar.bsky.social
did:plc:cpzc3nkgu7lx4ld7qrozcben,did:plc:tl6ldv7wwu3a76gghdjwdaqc,1,dannybowes.bsky.social,trappedinazorb.bsky.social
did:plc:cqsixi37h6ixghwzbc7vme4x,did:plc:qqdqgzpqwyho4cxzso62m54q,1,stevehalle.bsky.social,juliedicaro.bsky.social
did:plc:cqzwqetl5smyogn77sb5en5w,did:plc:7uwx7wm2njxl5mmklisoac57,1,fandru.bsky.social,tulm24.bsky.social
did:plc:cre3szemxvelgwxfwjwliwwe,did:plc:e62gb2ushvtvjvqcbrxeaw2n,1,christopherrennie.bsky.social,chrislhayes.bsky.social
did:plc:crexed4zzv2ylfz36fjwrko4,did:plc:4yic4uhq6g2gnxpt5zpiu7cs,1,khanhphamforor.bsky.social,rogoway.bsky.social
did:plc:crhq5gycxklbke55aejqf4fl,did:plc:u45hqzk7counfbwyg5edhmvi,1,aaronkashtan.bsky.social,davelevitan.bsky.social
did:plc:cs25kdpmze7bbyxbjxomvjk3,did:plc:3ik6ve4ak5ofgnvwkkdnftix,1,onlypadres.bsky.social,shaqapopolis.bsky.social
did:plc:cs25kdpmze7bbyxbjxomvjk3,did:plc:4c52qi4soqlkztr25if723fv,1,onlypadres.bsky.social,bryantwebster.bsky.social
did:plc:cs25kdpmze7bbyxbjxomvjk3,did:plc:gsmeir2mmmj2fvbxzsqxxd5a,1,onlypadres.bsky.social,jay-baller-reborn.bsky.social
did:plc:cs25kdpmze7bbyxbjxomvjk3,did:plc:ktinr6kcuhf2qofrjl64bdqy,2,onlypadres.bsky.social,mrmeeeps.bsky.social
did:plc:csjfaptykp2vxcvbgrgnd6of,did:plc:2hbzrajleg2ioebxlqhvtlzq,1,scottinmarin.bsky.social,alanmannequin.bsky.social
did:plc:csjfaptykp2vxcvbgrgnd6of,did:plc:5jwjqc5zkxyi733feuols4ia,1,scottinmarin.bsky.social,tjnagel.bsky.social
did:plc:csjfaptykp2vxcvbgrgnd6of,did:plc:nrzonytvdybfyy7t7b3jr6le,1,scottinmarin.bsky.social,montepoole.bsky.social
did:plc:csjfaptykp2vxcvbgrgnd6of,did:plc:yvujp7evh7cm47laurimoaye,1,scottinmarin.bsky.social,fernwoodsson.bsky.social
did:plc:csmhqhvhmyzt37pd3t65e63g,did:plc:bwpcof34fvdokgyecftbocch,2,bigmemath.bsky.social,hunterdjd.bsky.social
did:plc:csoxbn2fwdfeyoj4nmhctoyc,did:plc:rk753553nycwstwpbc4gfxrl,1,mnorman87.bsky.social,adamzherman.bsky.social
did:plc:ct5tjf3cbdocyitbso3ro676,did:plc:vtpyqvwce4x6gpa5dcizqecy,1,undersized5.bsky.social,techcrunch.com
did:plc:ctc33ovq3hfuio7dsvt2setq,did:plc:uasmi5bd27n7vm6krtjljweb,1,grandpagames.bsky.social,asinwreck.bsky.social
did:plc:ctdaccmdfkfiu4faqimd33i4,did:plc:44ys7gijqhhnzyubtzkupca3,1,wsu-a.bsky.social,paulknepper.bsky.social
did:plc:ctdfjpegkapbaxsfxckjx37c,did:plc:luofuy2uw7g4vsd2vbwidtel,1,alexcurrit.bsky.social,keithsmithnba.bsky.social
did:plc:ctjgzpq4weji54mdkdifdrwh,did:plc:2fil3vrrymlpa5uspsfgo37i,1,sexiplex.bsky.social,justinanumudu.bsky.social
did:plc:ctmgtzfwnjruhsxjm35yec7u,did:plc:vwxjcad52e7enw4qabtsywkw,1,petermation.bsky.social,kingprui40dash.bsky.social
did:plc:ctsxweabtv4scsro4hty4ql5,did:plc:g27rurmv6lghnef6anajjonc,1,alleyezonme.bsky.social,dabigjoker.bsky.social
did:plc:cu2anfssnjkzcj2urnvtm75f,did:plc:b2kutgxqlltwc6lhs724cfwr,1,ty-hen17.bsky.social,theathletic.com
did:plc:cuq5orz2unssdrc2nenbmlyq,did:plc:4muri6zol4jwdltg2kdiu6vm,1,benjaminbirdie.bsky.social,jeradwalker.bsky.social
did:plc:cv5wgz2l5ozum3hyx7usmgy7,did:plc:5qwi3qlql6ssbxbbbk7qnjkm,1,veitsen.bsky.social,marceleggstein.bsky.social
did:plc:cve7yepwg5yidccl2bh4bhaj,did:plc:2pwapmv5aopc73qckdrfdb7g,2,itsnothardev.bsky.social,dadloop.bsky.social
did:plc:cve7yepwg5yidccl2bh4bhaj,did:plc:qq34koonfsjed54ix3ezvzpe,2,itsnothardev.bsky.social,stephenburtch.bsky.social
did:plc:cve7yepwg5yidccl2bh4bhaj,did:plc:xprjtcxt54cms7c475uup7bw,2,itsnothardev.bsky.social,alexscotian.bsky.social
did:plc:cve7yepwg5yidccl2bh4bhaj,did:plc:yq4odixjl75y4pi66dm6eibb,2,itsnothardev.bsky.social,jaredof.bsky.social
did:plc:cvgfgkowwcxwpcrr5o6dq4lg,did:plc:lnpvrdxah45pmww2zgemzr4g,1,mattbrown.bsky.social,ryanday.bsky.social
did:plc:cvgfgkowwcxwpcrr5o6dq4lg,did:plc:zettk4izv62rx4ln37ukaqfw,1,mattbrown.bsky.social,thebstardsback.bsky.social
did:plc:cvmabwt43giboyunqka3v346,did:plc:t4i3a4fawuzge3dsw2i2h2fw,1,jadedragon2.bsky.social,markjacob.bsky.social
did:plc:cvndvt4envwcxwdujptmvwxs,did:plc:bauyoqngbhu5h3prdzaw4ltq,1,liduponmyhead.bsky.social,davidbinkowski.com
did:plc:cvndvt4envwcxwdujptmvwxs,did:plc:luofuy2uw7g4vsd2vbwidtel,1,liduponmyhead.bsky.social,keithsmithnba.bsky.social
did:plc:cvne4fdbpqyu6qced7whinxn,did:plc:mj4x6midcgtwrwkvmgffzuqq,2,chadstanton.blacksky.app,andytobo.bsky.social
did:plc:cvne4fdbpqyu6qced7whinxn,did:plc:moejpt72sm743idbk3xc46mx,2,chadstanton.blacksky.app,jesspish.bsky.social
did:plc:cvwsp5jpixhdt2jqsorz5nso,did:plc:paf4vetn26bu7uggsie3vyrc,1,sharibaby.bsky.social,lawmurraythenu.bsky.social
did:plc:cweiuzrqamyyqqxcakey3cje,did:plc:cvgfgkowwcxwpcrr5o6dq4lg,1,gunnsh0w.bsky.social,mattbrown.bsky.social
did:plc:cwgsjgh2rlsadmc3tp2jiypw,did:plc:rrh5me656wmncolysevqhc4y,1,philhewitt.bsky.social,adamaaronson.bsky.social
did:plc:cwia6zy6ng75x7sjiuq55zss,did:plc:qolrjibkgkieeio76iw736tf,2,mgallagher.bsky.social,clayjak.substack.com
did:plc:cwqp26rx7z6h76g6lo2ykbjk,did:plc:4xaad7thmc4uqdhefbq6vizm,1,gwiss.bsky.social,johnbull.wtf
did:plc:cwqp26rx7z6h76g6lo2ykbjk,did:plc:lk3ligc5pwx7nkv3a5amntsn,1,gwiss.bsky.social,will-z-stats.bsky.social
did:plc:cwqp26rx7z6h76g6lo2ykbjk,did:plc:luofuy2uw7g4vsd2vbwidtel,1,gwiss.bsky.social,keithsmithnba.bsky.social
did:plc:cwqp26rx7z6h76g6lo2ykbjk,did:plc:oj5blc3orcaoahohplfbaoz2,2,gwiss.bsky.social,msjnba.bsky.social
did:plc:cwqp26rx7z6h76g6lo2ykbjk,did:plc:rmidzitxt6myxivb6ygllhl7,1,gwiss.bsky.social,bswest5.bsky.social
did:plc:cwqp26rx7z6h76g6lo2ykbjk,did:plc:urtzlgohgpyod45hftk3tzne,1,gwiss.bsky.social,lotusprime.bsky.social
did:plc:cws2ebrax3t3ciqs6i5uw5js,did:plc:hhv67ydqswmrizaz5dqlz336,1,rynoisneato.bsky.social,ipacers.bsky.social
did:plc:cws2ebrax3t3ciqs6i5uw5js,did:plc:s2ahnyyou2ocsnkyjai3u3na,1,rynoisneato.bsky.social,alexgoldennba.bsky.social
did:plc:cwwflpq6vkvekkerm5qzhbuq,did:plc:rjwwg7e2ervlmmrusjlxwyr6,1,dangibs.bsky.social,dhackett1565.bsky.social
did:plc:cxe5exuyshn2nrsad5zn3xxl,did:plc:22fudzaxnal4ddodzv2o6mwk,1,aarondcomedy.bsky.social,jmcdonaldsa.bsky.social
did:plc:cxe5exuyshn2nrsad5zn3xxl,did:plc:26375peygwnrijoepmy2fdcs,1,aarondcomedy.bsky.social,washingtonstatestandard.com
did:plc:cxfyg6gb2xihtrkpkkc7oot5,did:plc:26375peygwnrijoepmy2fdcs,1,democracylover2026.bsky.social,washingtonstatestandard.com
did:plc:cxkndc2okyhteyv6dah6rlzi,did:plc:xxfhqvtaoksfjs7wiwrw7gjn,1,thenewshub.bsky.social,djmsully.bsky.social
did:plc:cy4m3ynjbblb5hxnbnrjftjw,did:plc:6jpqgc6d4tplxcioxuh7khmr,1,vfh2101.bsky.social,jimowczarski.bsky.social
did:plc:cyflytcyyyhawlrnnwiv25nd,did:plc:2k7ig3d46x55no6notewuipz,2,btoporek.bsky.social,franciszomes.bsky.social
did:plc:cyflytcyyyhawlrnnwiv25nd,did:plc:2nuztdyjqlhatqgovsik6c44,1,btoporek.bsky.social,secretcleveland.bsky.social
did:plc:cyflytcyyyhawlrnnwiv25nd,did:plc:2xsjeksmt5podv6wmduiccbc,2,btoporek.bsky.social,avi-wa.bsky.social
did:plc:cyflytcyyyhawlrnnwiv25nd,did:plc:3qanavwloqbsa52d63zjvmog,2,btoporek.bsky.social,marcwhittington.bsky.social
did:plc:cyflytcyyyhawlrnnwiv25nd,did:plc:4kgda5cgziaxtlbpxjg5ttj5,2,btoporek.bsky.social,jdub9911.bsky.social
did:plc:cyflytcyyyhawlrnnwiv25nd,did:plc:4oatksgfxaoaih7dyadkkqca,2,btoporek.bsky.social,ftostapane.bsky.social
did:plc:cyflytcyyyhawlrnnwiv25nd,did:plc:553yukscabpnjm57ugy3oyjy,3,btoporek.bsky.social,mpsiravo.bsky.social
did:plc:cyflytcyyyhawlrnnwiv25nd,did:plc:74sy7ybb5ecttbp3qudax7jo,1,btoporek.bsky.social,adiobroyster.bsky.social
did:plc:cyflytcyyyhawlrnnwiv25nd,did:plc:7npbc7vfj4vhpcgsaqqqufcn,3,btoporek.bsky.social,bendubose.bsky.social
did:plc:cyflytcyyyhawlrnnwiv25nd,did:plc:b6754hi2xy3rxuq4pbu62jgw,4,btoporek.bsky.social,paulhudrick.bsky.social
did:plc:cyflytcyyyhawlrnnwiv25nd,did:plc:ba23todzwngi2awq2pm6n6h6,3,btoporek.bsky.social,yomama26.bsky.social
did:plc:cyflytcyyyhawlrnnwiv25nd,did:plc:baqegknyonql3dppy43lqaeg,1,btoporek.bsky.social,harrisongrimm.bsky.social
did:plc:cyflytcyyyhawlrnnwiv25nd,did:plc:bdmw57hs2g272ifa2v6t24nq,2,btoporek.bsky.social,shieldsbrief.bsky.social
did:plc:cyflytcyyyhawlrnnwiv25nd,did:plc:cc7tzd4bb5sh6d5taioq256d,1,btoporek.bsky.social,candacepedraza.bsky.social
did:plc:cyflytcyyyhawlrnnwiv25nd,did:plc:cwqp26rx7z6h76g6lo2ykbjk,1,btoporek.bsky.social,gwiss.bsky.social
did:plc:cyflytcyyyhawlrnnwiv25nd,did:plc:cz7mg53ba3w47zrcy6rfjvv5,1,btoporek.bsky.social,gde.bsky.social
did:plc:cyflytcyyyhawlrnnwiv25nd,did:plc:dgivipsubywryd3pjggdyawm,3,btoporek.bsky.social,markrussellpereira.bsky.social
did:plc:cyflytcyyyhawlrnnwiv25nd,did:plc:fub72umhin72ipq7x7pt6qxk,2,btoporek.bsky.social,obid2473.bsky.social
did:plc:cyflytcyyyhawlrnnwiv25nd,did:plc:g2anugnxwxc75wlinoa7uo4t,1,btoporek.bsky.social,yukonjohn.bsky.social
did:plc:cyflytcyyyhawlrnnwiv25nd,did:plc:g2aq2tld5ukrbi7txlusrfel,2,btoporek.bsky.social,johngonzalez.bsky.social
did:plc:cyflytcyyyhawlrnnwiv25nd,did:plc:ggibrwvfmu7ehddn62m2lppu,3,btoporek.bsky.social,dangercart.bsky.social
did:plc:cyflytcyyyhawlrnnwiv25nd,did:plc:lgjojtelhad3pf4ubvb57mub,2,btoporek.bsky.social,udkyle.bsky.social
did:plc:cyflytcyyyhawlrnnwiv25nd,did:plc:mj4x6midcgtwrwkvmgffzuqq,2,btoporek.bsky.social,andytobo.bsky.social
did:plc:cyflytcyyyhawlrnnwiv25nd,did:plc:oj5blc3orcaoahohplfbaoz2,1,btoporek.bsky.social,msjnba.bsky.social
did:plc:cyflytcyyyhawlrnnwiv25nd,did:plc:p3gvt3t43airwwn442z6o6wy,1,btoporek.bsky.social,salaryswish.bsky.social
did:plc:cyflytcyyyhawlrnnwiv25nd,did:plc:pbfycf22tepb4c7impxu6gqy,1,btoporek.bsky.social,augetoffmygold.bsky.social
did:plc:cyflytcyyyhawlrnnwiv25nd,did:plc:pn2difiq6nznocqlcnci7cwp,1,btoporek.bsky.social,daveshoo.bsky.social
did:plc:cyflytcyyyhawlrnnwiv25nd,did:plc:ppxb5lb5drfz2kcgb77l7tie,1,btoporek.bsky.social,shamus.bsky.social
did:plc:cyflytcyyyhawlrnnwiv25nd,did:plc:ruume25zsq2gl2x22xuxw2qy,1,btoporek.bsky.social,jasonblevins.bsky.social
did:plc:cyflytcyyyhawlrnnwiv25nd,did:plc:tg7vhtqnsayepvxtk4hhereb,1,btoporek.bsky.social,crabwagoon.bsky.social
did:plc:cyflytcyyyhawlrnnwiv25nd,did:plc:wr23cz6j2iiefw6iy5hme75j,1,btoporek.bsky.social,broccolirob.gobirds.online
did:plc:cyflytcyyyhawlrnnwiv25nd,did:plc:zebwupgebiiynx36ubrbunhn,1,btoporek.bsky.social,prezmullet.bsky.social
did:plc:cyflytcyyyhawlrnnwiv25nd,did:plc:zgw663lwxmujmen5k4jmjair,5,btoporek.bsky.social,danfavale.bsky.social
did:plc:cyflytcyyyhawlrnnwiv25nd,did:plc:zyynebvpzwkjpseh3nv7x7tr,1,btoporek.bsky.social,enyalois.bsky.social
did:plc:cz7mg53ba3w47zrcy6rfjvv5,did:plc:cyflytcyyyhawlrnnwiv25nd,1,gde.bsky.social,btoporek.bsky.social
did:plc:czjoc2ssxkqjpit5qt6jxavf,did:plc:rdeeofov3jpqnkgtqg2j7jc3,1,politicalgain.bsky.social,nyctaper.bsky.social
did:plc:czqrw6bkeq2gsfqnpe3qhfws,did:plc:kv75yj6fnlb3att4ssb7ppwn,1,biffthetick.bsky.social,smt79.bsky.social
did:plc:czqrw6bkeq2gsfqnpe3qhfws,did:plc:yl7tqnl3sjqkucyo76vbgsji,1,biffthetick.bsky.social,matthumbert.bsky.social
did:plc:d25w7wwlbrj5y2ltwl6t6fu4,did:plc:zza2o2czinwmp5y3afoyrot4,1,shoufukan.bsky.social,cgd-2.bsky.social
did:plc:d2h2o7toiimmorgahgqcesxo,did:plc:enpunz2yc5pcyo6u2eckux3c,2,theradish.bsky.social,xskarma.bsky.social
did:plc:d2h2o7toiimmorgahgqcesxo,did:plc:ok3m6rodirtylitlob2jtpw3,1,theradish.bsky.social,gr8ball83.bsky.social
did:plc:d2konasrbvwosom7b2cll3um,did:plc:sa73fbx3vxzh2fw5pu5wmief,1,fabster12345.bsky.social,shamsbot.bsky.social
did:plc:d2ujaepv4pblzcefy7bdzkxm,did:plc:qqdqgzpqwyho4cxzso62m54q,1,jjryan6.bsky.social,juliedicaro.bsky.social
did:plc:d32g4ujz73lfb4tv7fkzeuwr,did:plc:lj2whtk7xz7jtp7gnuu47ban,1,zefrenchkornet.bsky.social,sdoubleo.bsky.social
did:plc:d3a34umsiggt6wj7vuotb653,did:plc:snp6dceoh454t3m7toseoaxt,1,teresamwalker.bsky.social,keithadair.com
did:plc:d3bvouc6ugmkw72f5p5pjt75,did:plc:hf7ezrajxadu7v3tzcyij424,1,pisseartiste.bsky.social,parkermolloy.com
did:plc:d3gszmpc44aqbnd2zdxys4nc,did:plc:t4i3a4fawuzge3dsw2i2h2fw,1,cashewskates.bsky.social,markjacob.bsky.social
did:plc:d3vlb6p6b5agkykqqa7irwbb,did:plc:t4i3a4fawuzge3dsw2i2h2fw,1,mazs23.bsky.social,markjacob.bsky.social
did:plc:d3voroytsczggvxqgz4ixjeu,did:plc:nkizcyo6jb23jihrk2x6lyef,1,httpreo.bsky.social,brentimus.bsky.social
did:plc:d4efknp4wiaz4ouegn3rcqru,did:plc:6xavmse54akxck7wlul3k5d5,1,nessaphelan.bsky.social,fiveburger.bsky.social
did:plc:d4efknp4wiaz4ouegn3rcqru,did:plc:qhwaaftbnk7lid5mbtalykyu,2,nessaphelan.bsky.social,jmcdanielsstpen.bsky.social
did:plc:d4ehyq5eliy4r3t3acihwqvp,did:plc:b2kutgxqlltwc6lhs724cfwr,2,tcoopaloopa.bsky.social,theathletic.com
did:plc:d4lr47qhkmumkyuvztsamuso,did:plc:nysflsm7rfrqz5apns2mzkrz,1,benpopovich.bsky.social,brodiejstephens.bsky.social
did:plc:d5vcfslnbof6iscg6bkioloa,did:plc:iweb77wwhtdkfhxbch6n4gpu,1,puddleofbrain.bsky.social,sloaneliest.com
did:plc:d64io5ryu7xnsg2uru2mu5q4,did:plc:7sfnardo5xxznxc6esxc5ooe,1,jedimastermason.bsky.social,nba.com
did:plc:d64io5ryu7xnsg2uru2mu5q4,did:plc:sa73fbx3vxzh2fw5pu5wmief,2,jedimastermason.bsky.social,shamsbot.bsky.social
did:plc:d6l3oe7irif5qqsoatryx7yw,did:plc:e62gb2ushvtvjvqcbrxeaw2n,1,possltho.bsky.social,chrislhayes.bsky.social
did:plc:d6wo2pf4xyoytjs757s3n24b,did:plc:hf7ezrajxadu7v3tzcyij424,1,quixotetheidiot.bsky.social,parkermolloy.com
did:plc:d6xgsl4vi64iqtwobopq7z2t,did:plc:2fil3vrrymlpa5uspsfgo37i,1,uranasshole.bsky.social,justinanumudu.bsky.social
did:plc:d6xgsl4vi64iqtwobopq7z2t,did:plc:ljy4hdc6feut7cyjqnh4iunl,1,uranasshole.bsky.social,nashdelirium.bsky.social
did:plc:d6yfafrgx6ndfmkgr7kqps4p,did:plc:xxvu4t7f4j4gjkg6pvtfw5dy,3,mattverplaetse.bsky.social,fairwarning.bsky.social
did:plc:d7avzxlxl7kgbsbq762bo7l5,did:plc:4is5vokpsxwerqjh5yoyi77a,1,pacers.bsky.social,dontcallmesurely.bsky.social
did:plc:d7avzxlxl7kgbsbq762bo7l5,did:plc:mf43gem6g7ixsuramenlwd36,1,pacers.bsky.social,yakineko22.bsky.social
did:plc:d7avzxlxl7kgbsbq762bo7l5,did:plc:xxm57qahhzroc4b5hv4agk2u,1,pacers.bsky.social,rukuss.bsky.social
did:plc:d7jtgfcwmt4xhmyeytm6ythn,did:plc:6y3zulpfknfey5qemwhc4frl,1,caverjosh.bsky.social,jledwardsiii.bsky.social
did:plc:d7k4jf5viul27rf5e6hzj5cw,did:plc:2i2l6t4uh4y7vahpn7hiqx3f,1,shockingsounds.bsky.social,iztokfranko.bsky.social
did:plc:d7qgipsthtnrvuly5d6z7gah,did:plc:xqkiycxt66ufxqftban3zup7,1,ncglasgow.bsky.social,basketghoul.bsky.social
did:plc:da2tx34rkzcxkn7ttjojayfp,did:plc:msfxgbmi7py5kypsybrobqyr,2,davisjason.bsky.social,moesquare.bsky.social
did:plc:da5kddax5wdwd5xrbjpsz6fd,did:plc:xyzeyymd5k2hu7tvbn6xa7yy,1,pkirchgessner.bsky.social,deucemason.bsky.social
did:plc:daftbvvnykhwpfuqa3z27i5i,did:plc:pmj4qr7kz2luz2zylybd4doo,1,lyleboylen.bsky.social,ericengels.bsky.social
did:plc:dahxz3elletqo7xokmewelh2,did:plc:fqsmj7o5mbb7n7oav2kkjuid,1,atom7895.bsky.social,nbastat.bsky.social
did:plc:dapxkhim6daxxtyzpj4pugqu,did:plc:yvy5ax23zpmoearxn6xsgqzf,1,a-rabid-bee.bsky.social,btrowland.bsky.social
did:plc:daspdygvzn2talh2vxp7w6bj,did:plc:b2kutgxqlltwc6lhs724cfwr,1,profpadre.bsky.social,theathletic.com
did:plc:db4htqy5gvf4p7vmbb7joaj2,did:plc:qjj44p47avghsz4iqbhutwsr,1,adam407.bsky.social,chicagosports.bsky.social
did:plc:dbcvvhbzrx6ayywq6i4pzihb,did:plc:7slo2t3hcotj6sfza67b2i2y,1,richardcohen.bsky.social,markdeeks.bsky.social
did:plc:dbcvvhbzrx6ayywq6i4pzihb,did:plc:wbpjhdry2la6ozeiqrdmpmms,2,richardcohen.bsky.social,kpelton.bsky.social
did:plc:dbeevfkunvxaktfn7dnufzdv,did:plc:pa3jceitipxtdlvittz2pdgv,1,dgspsoa.eurosky.social,thortschmann.bsky.social
did:plc:dbuc2lkf4cbhetnfa36lulg4,did:plc:3frghichbyxbptt4yilftw54,1,tedhess-mahan.bsky.social,brimaried.bsky.social
did:plc:dc46k6wiq3z4osxxucgdgeg2,did:plc:sa73fbx3vxzh2fw5pu5wmief,1,badnewsdad.bsky.social,shamsbot.bsky.social
did:plc:dci7o34ucxzoz5qpnrbbrar2,did:plc:ze36vdm45xtjfqh4gzh45xlb,1,amidanruo.bsky.social,mondilator.bsky.social
did:plc:dcnfuzjo5xe7auyohhqtvgbr,did:plc:b2kutgxqlltwc6lhs724cfwr,1,restlessenergy.bsky.social,theathletic.com
did:plc:dcpqceixpnfbc3ui2lowisg5,did:plc:zg3be3vfq6taoe2nbkixtmot,1,jc-himself.bsky.social,petertreks.bsky.social
did:plc:dcuysts6pv554u5piwej3wiu,did:plc:sa73fbx3vxzh2fw5pu5wmief,1,seanthomasd.bsky.social,shamsbot.bsky.social
did:plc:dcy3qk6ueqljipxe4fkoctvk,did:plc:6xavmse54akxck7wlul3k5d5,1,mnsportsenjoyer.bsky.social,fiveburger.bsky.social
did:plc:dcy3qk6ueqljipxe4fkoctvk,did:plc:lldgxx4auj7zsd2fp4hbory3,1,mnsportsenjoyer.bsky.social,markjonesespn.bsky.social
did:plc:dczyqdu4vmfvbepwadf2vy4p,did:plc:urtzlgohgpyod45hftk3tzne,1,flurryfrom30.bsky.social,lotusprime.bsky.social
did:plc:dd5t5x6j73enpzecladhyxrw,did:plc:ozrhqae34vzv6mso2hsym65i,1,whoisbigal.gobirds.online,omarisankofa.bsky.social
did:plc:ddcdjzfguwaxnbgtows6xd2c,did:plc:sa73fbx3vxzh2fw5pu5wmief,1,annenotann.bsky.social,shamsbot.bsky.social
did:plc:ddcmdof4k5iklckr2almtwkm,did:plc:2zczbhjby3mgvbcynmnghfn2,1,mattmurph24.bsky.social,africanprincess7.bsky.social
did:plc:ddcmdof4k5iklckr2almtwkm,did:plc:psws73u33h4ddizgt5tujt4n,1,mattmurph24.bsky.social,shanavwhite.blacksky.app
did:plc:ddna2kh5c3ktbafswoevceh7,did:plc:4xpj3xjxsxxcuh3ghaulzdqu,1,noeldickover.bsky.social,yourmandevine.bsky.social
did:plc:ddna2kh5c3ktbafswoevceh7,did:plc:6yetyr44p7z4qog4ygg7q35f,2,noeldickover.bsky.social,wizzyprobs.bsky.social
did:plc:ddna2kh5c3ktbafswoevceh7,did:plc:aeejuvgn6dvk2l2hanq57ut2,3,noeldickover.bsky.social,papashot.bsky.social
did:plc:ddna2kh5c3ktbafswoevceh7,did:plc:ajsmlh2eanz6of62kwtfdk7i,2,noeldickover.bsky.social,joef-3.bsky.social
did:plc:ddna2kh5c3ktbafswoevceh7,did:plc:bryqa4ccs4hnkgn6jgpjgpav,1,noeldickover.bsky.social,birdlawenthusiast.bsky.social
did:plc:ddna2kh5c3ktbafswoevceh7,did:plc:bxgloa7nzba26okqqa6qnk6c,1,noeldickover.bsky.social,socaldude11.bsky.social
did:plc:ddna2kh5c3ktbafswoevceh7,did:plc:e7ycpxpb5kk6s75wdjukr6ym,1,noeldickover.bsky.social,witzkers.bsky.social
did:plc:ddna2kh5c3ktbafswoevceh7,did:plc:hb5s4bd5ctk6inznrn6gf6hx,1,noeldickover.bsky.social,basketballtalk.bsky.social
did:plc:ddna2kh5c3ktbafswoevceh7,did:plc:hk2t2itf2dbdrqm6olp2p3fl,1,noeldickover.bsky.social,dudesthoughts.bsky.social
did:plc:ddna2kh5c3ktbafswoevceh7,did:plc:l4r3uzfvcr5y2g7tviyvxyzm,1,noeldickover.bsky.social,codybrandt03.bsky.social
did:plc:ddna2kh5c3ktbafswoevceh7,did:plc:oiurjhhcgtgkujuksrr4jxqk,1,noeldickover.bsky.social,joshrobbins.bsky.social
did:plc:ddna2kh5c3ktbafswoevceh7,did:plc:ox6jpqkkrh32dqzbstimz465,1,noeldickover.bsky.social,ponder719.bsky.social
did:plc:ddna2kh5c3ktbafswoevceh7,did:plc:sa73fbx3vxzh2fw5pu5wmief,2,noeldickover.bsky.social,shamsbot.bsky.social
did:plc:ddna2kh5c3ktbafswoevceh7,did:plc:shhyemwv2upg6t626twy2zus,1,noeldickover.bsky.social,davidrochabinge.bsky.social
did:plc:ddna2kh5c3ktbafswoevceh7,did:plc:wveidvmniob6egctikkiu4hv,7,noeldickover.bsky.social,mentoch.bsky.social
did:plc:ddna2kh5c3ktbafswoevceh7,did:plc:zfnevwfmmohk6gzi2zz3volj,1,noeldickover.bsky.social,bcwilliams71.bsky.social
did:plc:ddna2kh5c3ktbafswoevceh7,did:plc:zhut4cqffjxwyxb3d4hnp7l3,1,noeldickover.bsky.social,ortuttnauer.com
did:plc:de4iqqhnqvchqg4bp6ztnz62,did:plc:qcys2xbrl2rl3shva7s3xfr5,1,blackbirdflyaway.bsky.social,mstevens86.bsky.social
did:plc:decbom3hnzzua7p4gwjjgwwr,did:plc:2i2l6t4uh4y7vahpn7hiqx3f,1,goodknowledge7.bsky.social,iztokfranko.bsky.social
did:plc:decbom3hnzzua7p4gwjjgwwr,did:plc:bm3onnf4abdvrh7z75skiqhn,1,goodknowledge7.bsky.social,nbcsportsbayarea.com
did:plc:defazmemqanvh2c3znehja2w,did:plc:22fudzaxnal4ddodzv2o6mwk,1,jadekikta.bsky.social,jmcdonaldsa.bsky.social
did:plc:dei7xq5ouyhgfrfndvm6paky,did:plc:45vipy2akjyweypv3xrro3bd,1,luciahelenaaaaa.bsky.social,caiobitencourt.net
did:plc:dei7xq5ouyhgfrfndvm6paky,did:plc:oka4zpuuecoubmgsdyeqe5jf,2,luciahelenaaaaa.bsky.social,estefano-souza.bsky.social
did:plc:dei7xq5ouyhgfrfndvm6paky,did:plc:zy6sn6tkic24e6p52g2yh4zn,1,luciahelenaaaaa.bsky.social,rajandelman.bsky.social
did:plc:dfkfxk2zrqgmermzgsy5ud7e,did:plc:t4i3a4fawuzge3dsw2i2h2fw,1,banjo99.bsky.social,markjacob.bsky.social
did:plc:dfvyrrlgkmjwm2eduwpzbrqs,did:plc:nztbvvo2gl4227zuxjf7gog3,1,peterprinciple.bsky.social,ddayen.bsky.social
did:plc:dg2jfgzonj4nlxuntxjuwdsj,did:plc:o22kcn5vnrguqz5njofudtnw,2,timflood1966.bsky.social,liskeard1.bsky.social
did:plc:dg5vojx7tbosbmjybwimazff,did:plc:p3otcpk3sgdhxdt5x57xzp76,2,awbasil.bsky.social,mn-snow-show.bsky.social
did:plc:dg5vojx7tbosbmjybwimazff,did:plc:py7chfax4ftugpcpyj2binih,1,awbasil.bsky.social,christopherhine.bsky.social
did:plc:dg62hm6kyaujpzsen4tynial,did:plc:a67zdrt4nl2tv2qojpngogbq,1,thoughtthingy.bsky.social,apnews.com
did:plc:dgaat3nz2zibuso7b4ffz2zb,did:plc:g62tajye723r3fa4gqw7l7ql,1,therake.bsky.social,pattymo.com
did:plc:dgaat3nz2zibuso7b4ffz2zb,did:plc:ov7yyu2taf5uzitjznhc2rto,1,therake.bsky.social,modakhilnba.bsky.social
did:plc:dgg7ymnk5mjreoim3zexiq4x,did:plc:e62gb2ushvtvjvqcbrxeaw2n,1,theoriginaldonald.bsky.social,chrislhayes.bsky.social
did:plc:dgivipsubywryd3pjggdyawm,did:plc:7v5zhu3trlxmvtoqpapp3o7t,1,markrussellpereira.bsky.social,iwillbedanned.bsky.social
did:plc:dgivipsubywryd3pjggdyawm,did:plc:a3ybrbabfw4tpq3jpyii4slk,1,markrussellpereira.bsky.social,dadshammdad.bsky.social
did:plc:dgivipsubywryd3pjggdyawm,did:plc:azsih6lfkrm4bnvfbu7bum34,1,markrussellpereira.bsky.social,leaguepassdelay.bsky.social
did:plc:dgivipsubywryd3pjggdyawm,did:plc:cyflytcyyyhawlrnnwiv25nd,4,markrussellpereira.bsky.social,btoporek.bsky.social
did:plc:dgivipsubywryd3pjggdyawm,did:plc:dc6dr3rtqed5rypvbokfea4o,1,markrussellpereira.bsky.social,softresearcher.bsky.social
did:plc:dgivipsubywryd3pjggdyawm,did:plc:fg2gp6f3gp2znzhugonf4fk3,1,markrussellpereira.bsky.social,rgiss.bsky.social
did:plc:dgivipsubywryd3pjggdyawm,did:plc:ggibrwvfmu7ehddn62m2lppu,2,markrussellpereira.bsky.social,dangercart.bsky.social
did:plc:dgivipsubywryd3pjggdyawm,did:plc:jaq7276xjkaiueg7wgursiqq,3,markrussellpereira.bsky.social,mylo.bsky.social
did:plc:dgivipsubywryd3pjggdyawm,did:plc:luofuy2uw7g4vsd2vbwidtel,1,markrussellpereira.bsky.social,keithsmithnba.bsky.social
did:plc:dgivipsubywryd3pjggdyawm,did:plc:o5d7zrst4uuv7f45byscx3hc,1,markrussellpereira.bsky.social,dillonnba.bsky.social
did:plc:dgivipsubywryd3pjggdyawm,did:plc:ov3ixpbcdxxd4ueau3slthet,2,markrussellpereira.bsky.social,joelvideo.producer.blue
did:plc:dgivipsubywryd3pjggdyawm,did:plc:s2ibun2lfcftexxcqsr4ryce,1,markrussellpereira.bsky.social,michaelvpina.bsky.social
did:plc:dgivipsubywryd3pjggdyawm,did:plc:wbpjhdry2la6ozeiqrdmpmms,1,markrussellpereira.bsky.social,kpelton.bsky.social
did:plc:dgivipsubywryd3pjggdyawm,did:plc:x4gxcq7uospumk5ewsitfvse,3,markrussellpereira.bsky.social,getsit.bsky.social
did:plc:dgivipsubywryd3pjggdyawm,did:plc:zgw663lwxmujmen5k4jmjair,1,markrussellpereira.bsky.social,danfavale.bsky.social
did:plc:dgkdlevd2vkroigpr5rt3i5d,did:plc:7sfnardo5xxznxc6esxc5ooe,1,jesurlenet.eurosky.social,nba.com
did:plc:dgkdlevd2vkroigpr5rt3i5d,did:plc:mfhbago3y3glkwuryqt3n444,1,jesurlenet.eurosky.social,trashtalkfr.bsky.social
did:plc:dgs6vbc7toclibggda25nwhy,did:plc:spolcwvvwjrwp4yk6csjduzg,1,markggarcia.bsky.social,joshterry.bsky.social
did:plc:dh4xkel4nw6w5is3jhrsljsn,did:plc:sa73fbx3vxzh2fw5pu5wmief,1,ericleitzen.bsky.social,shamsbot.bsky.social
did:plc:dh6psagwb6m773im3klejnuu,did:plc:m2tdiw6yphtre6p6m6skgzo6,1,jwjones252.bsky.social,cdgoldstein.baseballprospectus.com
did:plc:dhhfovaa5nd4qr25hwak2u7n,did:plc:54iaav2hbg4vbxqdzhw7lzn4,1,pineypointg.bsky.social,harrylylesjr.bsky.social
did:plc:dhhfovaa5nd4qr25hwak2u7n,did:plc:f5oj3h5yslnl5ymnvya5aecv,1,pineypointg.bsky.social,awfulannouncing.bsky.social
did:plc:dhhfovaa5nd4qr25hwak2u7n,did:plc:ijnshrl5az5jr7yt757yswz5,1,pineypointg.bsky.social,hauge319.bsky.social
did:plc:dhphdlnlrhbjk72dpn2c5v63,did:plc:vlok63tvtdztzfhj4tgk6y3j,1,rustytugboat.bsky.social,charlieoconn.bsky.social
did:plc:dhqamkjurqklgrgsgehwmnmq,did:plc:ggibrwvfmu7ehddn62m2lppu,1,benalterman.com,dangercart.bsky.social
did:plc:dhqamkjurqklgrgsgehwmnmq,did:plc:smfvchmgoovgjkjb347hhflk,1,benalterman.com,thechriswilcox.bsky.social
did:plc:dhvumojagxk76rydoen36vlk,did:plc:r62qixbqqk4zqt6vdzc4x3up,1,amyren.bsky.social,therealnbw.bsky.social
did:plc:dhyztvhmka7ct7mwhsxj5xmi,did:plc:cwqp26rx7z6h76g6lo2ykbjk,1,ericinmadison.bsky.social,gwiss.bsky.social
did:plc:di3otks63oslsm64elwhovz5,did:plc:sa73fbx3vxzh2fw5pu5wmief,1,tacobellraider.bsky.social,shamsbot.bsky.social
did:plc:dj4vqszviionjofdjqkagexc,did:plc:5hzjoaaoprfx5bttooo62wee,1,davyjoneslr.bsky.social,dilletaunt.bsky.social
did:plc:dj4vqszviionjofdjqkagexc,did:plc:psezdqpcwgwjn46hmqrb23do,1,davyjoneslr.bsky.social,soozbee.bsky.social
did:plc:djetdlmb37nqbekpefwrgx7n,did:plc:b2kutgxqlltwc6lhs724cfwr,1,craiggg13.bsky.social,theathletic.com
did:plc:djvu2vj7yozxcgbaczvkftre,did:plc:qqdqgzpqwyho4cxzso62m54q,1,kuriva.im,juliedicaro.bsky.social
did:plc:dk6vxaa5eww54weaj67ehai2,did:plc:uq4efj37tiyykcyla44cxhos,1,blaqdocdown.bsky.social,mrjohnbusiness.bsky.social
did:plc:dku7qkhfdr6jarupyqzrncth,did:plc:b5hll5if43sn4b72olvvgzxn,1,punkhistorian.bsky.social,noonan66.bsky.social
did:plc:dkwsy36b5yhcm75bhdbddlby,did:plc:f5vknjyo6v6ctlf7hernwc3q,1,therealdenden.bsky.social,mrsceltics.bsky.social
did:plc:dkxxuomcyrq6bfvrstrxvxk7,did:plc:larehhtvdkremfbzfew4acg5,1,nb990.bsky.social,bbmalerts.bsky.social
did:plc:dl45gvyrkbqt7xwowhh4aa6j,did:plc:ov3ixpbcdxxd4ueau3slthet,1,adamtaylornba.bsky.social,joelvideo.producer.blue
did:plc:dl67z36kxijx7m4pgpz7424l,did:plc:noshg2tesu4hftn7edrmhfvy,1,domrocco.bsky.social,broadstreethockey.com
did:plc:dl7fz7krolw7poscns3i7xy3,did:plc:rrh5me656wmncolysevqhc4y,1,jdbatts79.bsky.social,adamaaronson.bsky.social
did:plc:dlafnk6xz6bbn2yfsv6ulk7l,did:plc:hixfreqvxcpgkwt3spvdb4wi,1,novathemachine.bsky.social,pa-phl76.bsky.social
did:plc:dlafnk6xz6bbn2yfsv6ulk7l,did:plc:ni6cl7jipinqldoyowqlbrwp,1,novathemachine.bsky.social,au-nb.bsky.social
did:plc:dlafnk6xz6bbn2yfsv6ulk7l,did:plc:okocn7ax5ftaubnwil6c6hf7,1,novathemachine.bsky.social,on-tr.bsky.social
did:plc:dlafnk6xz6bbn2yfsv6ulk7l,did:plc:xlulqhjwqq6alvjkht57sbm5,1,novathemachine.bsky.social,rawnba.bsky.social
did:plc:dlbppl2kdyccutor3t3jsuan,did:plc:hvdfnlsk4hkue246ltxl7k53,1,evanempdx.bsky.social,derrek503.bsky.social
did:plc:dlbppl2kdyccutor3t3jsuan,did:plc:vypepewgdr5ae37qyh4ui5as,2,evanempdx.bsky.social,russbengtson.bsky.social
did:plc:dlny5vvlgoi4eqs4g2nupnmm,did:plc:kxjizrk2xa3rthavpvwaxj5q,1,leela-after-dark.bsky.social,lydiam.bsky.social
did:plc:dlvwl3btyrst3q554tpgoc2j,did:plc:64fuz53jozpizcfybrc4diwo,3,jcry.bsky.social,josey76.bsky.social
did:plc:dlvwl3btyrst3q554tpgoc2j,did:plc:sa73fbx3vxzh2fw5pu5wmief,1,jcry.bsky.social,shamsbot.bsky.social
did:plc:dlvwl3btyrst3q554tpgoc2j,did:plc:v5jl5v6lpsxraicxvjearya5,1,jcry.bsky.social,brentyndo.bsky.social
did:plc:dlvwl3btyrst3q554tpgoc2j,did:plc:ytz3keioe5tlibu3iokr6iro,1,jcry.bsky.social,brrrrrunette.bsky.social
did:plc:dm2ap4aewbztlysig63y7wto,did:plc:bzy5rjjduvvkxno5xe3evl3f,1,bc-510.bsky.social,lollardfish.bsky.social
did:plc:dmk4lmmpgbmdtikpcytkqpmt,did:plc:eclio37ymobqex2ncko63h4r,1,bjchesterfield.bsky.social,nytimes.com
did:plc:dmmm7b7yt4po3nfdauoa6ev7,did:plc:f75ykg3xtpq67uuftea6y646,1,crobertbuchanan.bsky.social,superbeastbrew.bsky.social
did:plc:dmmm7b7yt4po3nfdauoa6ev7,did:plc:g7a6qji72odgptnddtrkdchy,1,crobertbuchanan.bsky.social,mrbuckbucknba.bsky.social
did:plc:dmoess6jgti7b3khcl4dafsz,did:plc:bzy5rjjduvvkxno5xe3evl3f,1,brendandavey.bsky.social,lollardfish.bsky.social
did:plc:dmoswhde63xjutev6y67pzf7,did:plc:52gyhzab7ainxn6kb4lgn4pz,1,krampuslindholm.bsky.social,kingdonutthefirst.bsky.social
did:plc:dmoswhde63xjutev6y67pzf7,did:plc:f7i33cd3b5n6en2iunk2mwkp,1,krampuslindholm.bsky.social,billdifilippo.bsky.social
did:plc:dn2cbdcrdn3azvcfatmywvxk,did:plc:gar3vkfnoqbt4px7n3btuogr,1,alasse.bsky.social,fizzygingr.bsky.social
did:plc:dncyztoqwthfipkbrk4gguzq,did:plc:cmbfgddrx6ryytozlpbmp54t,1,jonnie.com,sixersnba.bsky.social
did:plc:dnt63fbsyq6hhv7jerpvydzg,did:plc:wbfhe5tgv3seo3e27kycxliq,1,jasontinsley.bsky.social,yaronweitzman.bsky.social
did:plc:dnuddwdkvid3xoirgdf3zqya,did:plc:cyflytcyyyhawlrnnwiv25nd,1,adrienxpinto.bsky.social,btoporek.bsky.social
did:plc:dnxkqc6rsqossh7uhyobkeua,did:plc:g5ls6rrz7j3qpoxcicwrmcko,1,bobbykrivitsky.bsky.social,oblid.bsky.social
did:plc:dnydpixjxljdbflom2jermom,did:plc:kfwwoiuw2mc7gfgy55hpk5ck,1,lamontjoe.bsky.social,giromide.online
did:plc:do74kk5gifhvqeysgoich4js,did:plc:6jpqgc6d4tplxcioxuh7khmr,1,thegreenlamamke.bsky.social,jimowczarski.bsky.social
did:plc:dobrbvuwkcmk2m7b7pmyga6i,did:plc:sa73fbx3vxzh2fw5pu5wmief,1,superwho86.bsky.social,shamsbot.bsky.social
did:plc:doi22xi4mqymkfqmtk7f7klh,did:plc:g62tajye723r3fa4gqw7l7ql,1,oligarchyditch.bsky.social,pattymo.com
did:plc:donnsvwop3blpd4es5rxdvc5,did:plc:63wuofmff34wv4wvikw3y5n3,1,thenoteheleft.bsky.social,jurisdivapaula.bsky.social
did:plc:doofdigpx7o5gc6eksiganyt,did:plc:s2ibun2lfcftexxcqsr4ryce,1,thethirdman3.bsky.social,michaelvpina.bsky.social
did:plc:doqq4fsobrci5g52ppjjmy73,did:plc:d2jith367s6ybc3ldsusgdae,1,m6i2k6e.bsky.social,latimes.com
did:plc:dp4almqa43t6o6x5besyb6ej,did:plc:5bl5ha4zn52iroafpjnjtehh,1,mikebeight.bsky.social,indypacersfan.bsky.social
did:plc:dp4almqa43t6o6x5besyb6ej,did:plc:7uahugigvixjvxd5s2hidpad,2,mikebeight.bsky.social,tonyreast.bsky.social
did:plc:dp4almqa43t6o6x5besyb6ej,did:plc:sxqmtj2mpdmurwyb7gohwdgb,1,mikebeight.bsky.social,withmorewit.bsky.social
did:plc:dpghks7cjet6dtx2tubqmvoj,did:plc:e62gb2ushvtvjvqcbrxeaw2n,1,lqsev.bsky.social,chrislhayes.bsky.social
did:plc:dpmysgkjny7bsei6eidk6zhn,did:plc:sa73fbx3vxzh2fw5pu5wmief,1,gabrielbictoroi.bsky.social,shamsbot.bsky.social
did:plc:dq524joqiimrsvysibyotymq,did:plc:hf7ezrajxadu7v3tzcyij424,1,profusional.bsky.social,parkermolloy.com
did:plc:dq524joqiimrsvysibyotymq,did:plc:tb2bwzxom5qv4542ru3zqcgu,1,profusional.bsky.social,jakemgrumbach.bsky.social
did:plc:dq7jce7hlmym76x6ocpozia4,did:plc:2fil3vrrymlpa5uspsfgo37i,1,thefaultyplan.bsky.social,justinanumudu.bsky.social
did:plc:dqchwjwnzfemyvlierkbe5a2,did:plc:sa73fbx3vxzh2fw5pu5wmief,1,cjrattler.bsky.social,shamsbot.bsky.social
did:plc:dqx4kv5o6zcwzlgg3lkltmbs,did:plc:6aruq2to5dssyoqwmt5v3rvu,1,afparker642.bsky.social,courtneyfox1.bsky.social
did:plc:dqx4kv5o6zcwzlgg3lkltmbs,did:plc:lqofjmzpr5moefalin3zypeo,1,afparker642.bsky.social,sportycast.bsky.social
did:plc:dr5vzavw7jg2zimni4chq2yk,did:plc:vu5swjxgbdpcsrhthj37lsju,1,half-bear-half-man.bsky.social,dr-thompson.bsky.social
did:plc:dr5vzavw7jg2zimni4chq2yk,did:plc:xwa273u2xtoaab4lm5ybj2uy,1,half-bear-half-man.bsky.social,fredkatz.bsky.social
did:plc:drkkvxiukzntk4w25h5x7tfk,did:plc:srnkqtcpptdtesojmwbgoek2,1,gghofman.bsky.social,rodger.bsky.social
did:plc:dryq7wdmprllqnqtceox3a6n,did:plc:66sspwqqklrukciv2cpgpt3d,1,slamdaddymcnasty.bsky.social,atlanta-6.bsky.social
did:plc:dryq7wdmprllqnqtceox3a6n,did:plc:6ouqw3agrcudn733au3xg5iv,1,slamdaddymcnasty.bsky.social,twsnsports.bsky.social
did:plc:dryq7wdmprllqnqtceox3a6n,did:plc:7fgzqmybd57rtrvee6qp36k6,2,slamdaddymcnasty.bsky.social,imaginaryplayer504.bsky.social
did:plc:dryq7wdmprllqnqtceox3a6n,did:plc:x4gxcq7uospumk5ewsitfvse,1,slamdaddymcnasty.bsky.social,getsit.bsky.social
did:plc:ds25574sysbv5jxkmk4gs5vr,did:plc:sa73fbx3vxzh2fw5pu5wmief,3,sealbro.bsky.social,shamsbot.bsky.social
did:plc:dsdaw766ettbgupttinyiwhn,did:plc:x4qyokjtdzgl7gmqhsw4ajqj,1,mayorofmetairie.bsky.social,bencollins.bsky.social
did:plc:dskgil6a3hb4afngjqprcem6,did:plc:rpfex3bmferr3z4z4d2qxz3a,1,kevocontent.bsky.social,flipstostock.bsky.social
did:plc:dsscmgxuxcsmo7z4ijovobus,did:plc:e62gb2ushvtvjvqcbrxeaw2n,1,andrewbloomberg.bsky.social,chrislhayes.bsky.social
did:plc:dt3tarozagtb6dleb5nqfvrn,did:plc:7guhz4dbsjzaacn4i3uy6hyc,1,freebklyn.bsky.social,jeremypeterman.bsky.social
did:plc:dtrzqbgrfphyhawmr54vrlko,did:plc:hb5s4bd5ctk6inznrn6gf6hx,1,glenuendo.bsky.social,basketballtalk.bsky.social
did:plc:dts6t7c6rf5lepfcidh5ez67,did:plc:fqsmj7o5mbb7n7oav2kkjuid,1,candason.bsky.social,nbastat.bsky.social
did:plc:dubcgckt6cwamkt44a7hlpxw,did:plc:tb2bwzxom5qv4542ru3zqcgu,1,deaconblues24.bsky.social,jakemgrumbach.bsky.social
did:plc:dudllyc4el4xmvt2dso5qkr4,did:plc:oksjsrnqlwc6ujbtx37x5lks,1,tombodenheimer.bsky.social,hugheslab.tech
did:plc:dul5tuiyjrys5rxxhdyxwaal,did:plc:hmhvklptsptn7sgelzrp5srg,2,camorooni.bsky.social,eol.bsky.social
did:plc:duydmm4ph64avmannygqzome,did:plc:a67zdrt4nl2tv2qojpngogbq,1,greatcarcosa.bsky.social,apnews.com
did:plc:dvdbqa7codwjuphyg5foycud,did:plc:giip3jr2xysgzgcexh3h2ygz,1,rureal.bsky.social,c0mm13ba5tard.bsky.social
did:plc:dvrzguaa6jhg3bqi5oc4m7da,did:plc:2bxhigklfhszokezycwej5if,2,willielopezshow.bsky.social,mightylark.bsky.social
did:plc:dvuxylgfpqab3cuwuqf6wwlu,did:plc:b2kutgxqlltwc6lhs724cfwr,1,mateo226.bsky.social,theathletic.com
did:plc:dw6y6r72lq2kli75jnauldij,did:plc:2jprfvpdny5oxnqyjs2jijzm,1,manmtmike.bsky.social,spencito.bsky.social
did:plc:dw6y6r72lq2kli75jnauldij,did:plc:2mxadfg4ck5lwlur64dsvan7,1,manmtmike.bsky.social,brenda2026.bsky.social
did:plc:dwc4kunudm6r3766kk5q2vy4,did:plc:l3rdla2bbocgtylcq2hblrfm,2,cpshimself.bsky.social,labourlawrodgau.bsky.social
did:plc:dwc4kunudm6r3766kk5q2vy4,did:plc:zxxujz5cal2h6f2gkzrege42,2,cpshimself.bsky.social,tm1860.bsky.social
did:plc:dwh7s6b4hspjezg2wi5rtp45,did:plc:kfwwoiuw2mc7gfgy55hpk5ck,1,scholvin.com,giromide.online
did:plc:dwhs6ho76hxz7kvv36lp3wrv,did:plc:b2kutgxqlltwc6lhs724cfwr,1,no-kneecaps.bsky.social,theathletic.com
did:plc:dwmbf5ymwm2qa5ewenbhzey5,did:plc:b6v54l7vnitivlnyqekh47xd,1,jesseraub.online,tiwindisch.gspn.info
did:plc:dwmbf5ymwm2qa5ewenbhzey5,did:plc:zy6sn6tkic24e6p52g2yh4zn,1,jesseraub.online,rajandelman.bsky.social
did:plc:dwt2qbqzkfrhootj6ax62fpw,did:plc:vynl6il44o4q7zjaudjtbiqn,1,johncorn.bsky.social,ptros.bsky.social
did:plc:dww4bgugxo6bu7ydvswo5emz,did:plc:hb5s4bd5ctk6inznrn6gf6hx,1,uncool-uncle.bsky.social,basketballtalk.bsky.social
did:plc:dww4bgugxo6bu7ydvswo5emz,did:plc:q3fi25au634c4yojnysqzlrj,1,uncool-uncle.bsky.social,teamziller.bsky.social
did:plc:dxdz3jdanmqhh4pc4g3zcwur,did:plc:dqttaqakyjxaizyk4isfk4ap,1,altuce.bsky.social,piratasdelbasket.bsky.social
did:plc:dxlpho43mvncq4pc6d5akrsn,did:plc:rrh5me656wmncolysevqhc4y,2,vbeets.bsky.social,adamaaronson.bsky.social
did:plc:dxoqb2mqsz55c74jjrstpzjb,did:plc:g7a6qji72odgptnddtrkdchy,1,iantuck.bsky.social,mrbuckbucknba.bsky.social
did:plc:dxsy5hlvmzxpdzfqxtw3vp2h,did:plc:qvw6iezecm6rhcscmj7ehqlf,1,anthrclfrnn.bsky.social,powerfromspace1.bsky.social
did:plc:dxzeoed7mdbsc2shxowjxq42,did:plc:nk756gkpj52ryc6gaorkvctp,1,cheerwhine.bsky.social,nbacobwebs.bsky.social
did:plc:dychd3vbxto7xlujyqwrpfen,did:plc:45vipy2akjyweypv3xrro3bd,1,phollanda.bsky.social,caiobitencourt.net
did:plc:dychd3vbxto7xlujyqwrpfen,did:plc:4wagnviqszco5yy37lzgggl3,1,phollanda.bsky.social,jm539581.bsky.social
did:plc:dyeayxcietzlysbsgz6et3sl,did:plc:b2kutgxqlltwc6lhs724cfwr,3,pzmcg.bsky.social,theathletic.com
did:plc:dyeayxcietzlysbsgz6et3sl,did:plc:h7luyzjutylcy5jurqfzs6cp,1,pzmcg.bsky.social,rustyolson.bsky.social
did:plc:dyeayxcietzlysbsgz6et3sl,did:plc:tzxsbqof7ja75nmwz6yee5kj,1,pzmcg.bsky.social,jmidnight.bsky.social
did:plc:dyeayxcietzlysbsgz6et3sl,did:plc:y3v2urzjdf5kawk72ymmxytd,1,pzmcg.bsky.social,jermany.bsky.social
did:plc:dyly547ydwxtu32cyxmpsjuu,did:plc:jk7ppxa3cgo6lbkjfgblepbn,1,oneirodynia.bsky.social,humblecore.bsky.social
did:plc:dz7danz6kdarppn3hi6xqhwv,did:plc:7lvxwobg2zrzgwpepyzxxjev,1,bmoritz99.bsky.social,dirtbagqueer.rocks
did:plc:dzbri5rb66efenmwoajfkxjc,did:plc:dz7swnlgzjnxehyud3654vqd,1,ethanlavery.bsky.social,janecoaston.bsky.social
did:plc:dzbri5rb66efenmwoajfkxjc,did:plc:fgpyya4en5thfmi6usrr3kvv,1,ethanlavery.bsky.social,jasonkirk.fyi
did:plc:dzih3z4fca2pgpjzyi7k4p3k,did:plc:s2ibun2lfcftexxcqsr4ryce,1,jagbagspodcast.bsky.social,michaelvpina.bsky.social
did:plc:dzph7qxwxtng4y6hwuffrikj,did:plc:b2kutgxqlltwc6lhs724cfwr,1,kcxiv.bsky.social,theathletic.com
did:plc:dzr4tacpol2pt6xit4376i46,did:plc:wmck3diml63ospobapl6n56e,1,bookaddictgirl.bsky.social,orangecookiesnba.bsky.social
did:plc:dzsbhwnnvblrpyy2fpnmaih3,did:plc:hf7ezrajxadu7v3tzcyij424,1,thinkasaurus.bsky.social,parkermolloy.com
did:plc:dzxxzxjonzd7pzgn6mz4oivj,did:plc:zslfsr2hi2kyt542xyuogubu,1,fabulousmatty.bsky.social,ab9898.bsky.social
did:plc:e2t2vyxll5xxwbwxewcewlkv,did:plc:oofa3qqoiszsmajbigfqskqv,1,theothersparrow.bsky.social,chriswarcraft.bsky.social
did:plc:e363h5js7yc66ias6txjzmzg,did:plc:tscetlg7vasxm6i37tfuzsvw,1,xavisnake.bsky.social,retrojugones.joruiru.es
did:plc:e3cyxeqboiqsybc3u6wvzysz,did:plc:54iaav2hbg4vbxqdzhw7lzn4,1,edsbs.bsky.social,harrylylesjr.bsky.social
did:plc:e3kuqkyey7v5akigfe3mjnyx,did:plc:r75hy7lkaay466pi6tislogy,1,klpm.bsky.social,brooklynbuckets.bsky.social
did:plc:e3pbbxocvmib7bxk7q2iqygg,did:plc:h5iqhnmq7w2orjgtmfeldv6v,2,jolior.bsky.social,nomadic-druid.bsky.social
did:plc:e3t2qbzgy677mz3iv2alkos2,did:plc:r3ez554dn4nt2hquypu4rw2h,1,damelo.bsky.social,indiana85.bsky.social
did:plc:e4czg4u5tegha24ih6a4w7ux,did:plc:zcifiaokjuznmkasf6zn347d,1,galaxiesbulge.bsky.social,flybyknite.bsky.social
did:plc:e4ephflm7u54po3tb2bbwmue,did:plc:anzf74or6etkpvoxmlt5o62b,1,bigedw.bsky.social,akschaaf.bsky.social
did:plc:e4njhu2ggf6ewarta2x7ic5q,did:plc:cf26plxwia7dxpm6plry3sj2,2,molson.bsky.social,murshedz.bsky.social
did:plc:e4njhu2ggf6ewarta2x7ic5q,did:plc:jxeww66t2k5vwuvmxkjydrka,1,molson.bsky.social,wovenantelope.bsky.social
did:plc:e4njhu2ggf6ewarta2x7ic5q,did:plc:m74t5iobxonwi4ve7xt2malu,1,molson.bsky.social,buckrawheat.bsky.social
did:plc:e4yx3alnrgpmssb47s2p44uq,did:plc:ws3luxw3gvv7enbmtp5i2wl6,1,mifordemocracy.bsky.social,itsmrmgb.bsky.social
did:plc:e526hptoyyhfen4qis44iovn,did:plc:hf7ezrajxadu7v3tzcyij424,1,taylorbizzle.bsky.social,parkermolloy.com
did:plc:e54qq3j4q4yw2vy77ltrymut,did:plc:zvgi4eon2fvlemnmaqnmayuk,1,snarknado27.bsky.social,johnkaralis.com
did:plc:e5ddiaiifqidomzvyc2l7x5b,did:plc:tb2bwzxom5qv4542ru3zqcgu,1,mattbarrs.bsky.social,jakemgrumbach.bsky.social
did:plc:e5ij5hvknsuti52bz24ndb7o,did:plc:t4i3a4fawuzge3dsw2i2h2fw,1,unbiased-estimator.bsky.social,markjacob.bsky.social
did:plc:e5izieny57jbabfecpf7dgbo,did:plc:2xydl7c2xj6j5xsabwwj4par,1,realmrmom.bsky.social,jonnyauping.bsky.social
did:plc:e5kky6n6bsiqz2blhmdwedb7,did:plc:aucsicjkcszkvxz2xfxsrgcm,1,eccheesehead.bsky.social,hundreddollarman.bsky.social
did:plc:e5kky6n6bsiqz2blhmdwedb7,did:plc:e62gb2ushvtvjvqcbrxeaw2n,1,eccheesehead.bsky.social,chrislhayes.bsky.social
did:plc:e5kky6n6bsiqz2blhmdwedb7,did:plc:gt3unljcqhimumy5zgosk3gv,1,eccheesehead.bsky.social,davidbix.bsky.social
did:plc:e62gb2ushvtvjvqcbrxeaw2n,did:plc:fufcnyekmsz72ql5mq4vch2t,1,chrislhayes.bsky.social,richardallensmith.com
did:plc:e62gb2ushvtvjvqcbrxeaw2n,did:plc:q62uv3asf7dg7albg54fh6nc,1,chrislhayes.bsky.social,hacks21.bsky.social
did:plc:e6hvnppwd57mrz73cmoc6tfe,did:plc:cvgfgkowwcxwpcrr5o6dq4lg,1,mcunningham.bsky.social,mattbrown.bsky.social
did:plc:e6jgd24j5clwztwqwvgs3zii,did:plc:cwegqvbejtnvl5jsv2b7djiy,1,conte78.bsky.social,joycedivision.bsky.social
did:plc:e6n7jxtu2qrhwvp3j6ib6sq6,did:plc:xoc6dhlipyb2plo6vwzcmhjt,1,proptermalone.bsky.social,turnitup5000db.bsky.social
did:plc:e6xp5yipstsuyypzu6cxognm,did:plc:bmoufxtkzwvgzgq5wvehpczj,1,capivasco.bsky.social,yearzeroremix.bsky.social
did:plc:e72eprx5fbfdhpffvmxbm5pr,did:plc:2mxadfg4ck5lwlur64dsvan7,1,lordyb.bsky.social,brenda2026.bsky.social
did:plc:e7o3o7s2cav2c3avgb6vkadg,did:plc:xmqfcnozngferecpmmu73i4v,1,pilige.bsky.social,joeovies.bsky.social
did:plc:e7ycpxpb5kk6s75wdjukr6ym,did:plc:ddna2kh5c3ktbafswoevceh7,1,witzkers.bsky.social,noeldickover.bsky.social
did:plc:e7ycpxpb5kk6s75wdjukr6ym,did:plc:dz7swnlgzjnxehyud3654vqd,1,witzkers.bsky.social,janecoaston.bsky.social
did:plc:e7ycpxpb5kk6s75wdjukr6ym,did:plc:fg5ks6bevpbwkha6o3s2y27h,1,witzkers.bsky.social,alexkirshner.com
did:plc:e7ycpxpb5kk6s75wdjukr6ym,did:plc:sa73fbx3vxzh2fw5pu5wmief,1,witzkers.bsky.social,shamsbot.bsky.social
did:plc:eafy3bofqxk77joghna7sgpt,did:plc:nxbs3p7sn4i6i73tkw6xwhxz,1,shoozumoops.bsky.social,genxkelly.bsky.social
did:plc:eafy3bofqxk77joghna7sgpt,did:plc:salkfofksoaz62t7ccf6gn5x,1,shoozumoops.bsky.social,robolovejoy.bsky.social
did:plc:eajpu5ynpokdam4zpk6que5z,did:plc:t4i3a4fawuzge3dsw2i2h2fw,1,woke-mind.bsky.social,markjacob.bsky.social
did:plc:easdcdpej2skorweyfza6ily,did:plc:hlmaljoz76wmbipgaoyhrtx6,1,zzyzx.bsky.social,stressrelated.bsky.social
did:plc:easdcdpej2skorweyfza6ily,did:plc:ruyan275nwz5dv7eju7pvf2a,1,zzyzx.bsky.social,clehmann.bsky.social
did:plc:ebhrgr6cjv3fhoeyu3vldsxq,did:plc:mnfrg3uranmquicq6zz7gdij,1,grooveholmes.bsky.social,thefarmerjones.bsky.social
did:plc:ebr2qtb6hekgmvnkisuffxog,did:plc:2ufp6rz3xoexzw7s3dgfnbbt,1,bixford24.bsky.social,meninblazers.bsky.social
did:plc:ec6uefuytjyk45e7rv7dnuqn,did:plc:s5ixreqm6yq2n4rqdhnqkdmj,1,tweber4.bsky.social,stovetalk.bsky.social
did:plc:ecdt75wwoxy5nz7zbiipc6o7,did:plc:fqsmj7o5mbb7n7oav2kkjuid,1,jstark1906.bsky.social,nbastat.bsky.social
did:plc:ecjlc5ouev63oweq5en4lsj3,did:plc:4upmxyqo5lrcp7kfa2z5xaqm,1,davekarpf.bsky.social,aangtifa.bsky.social
did:plc:ecjlc5ouev63oweq5en4lsj3,did:plc:xm4ceybu67qvqvpy7rixbmhh,1,davekarpf.bsky.social,drjamesjteeth.bsky.social
did:plc:ecpfoutqlj2n2g4uxqhu52g3,did:plc:py7chfax4ftugpcpyj2binih,1,hustlingdog.bsky.social,christopherhine.bsky.social
did:plc:ecpfoutqlj2n2g4uxqhu52g3,did:plc:wfaldq4l36lubac5hutbeqgn,1,hustlingdog.bsky.social,bruceciskie.bsky.social
did:plc:ecprmkgufdqzdxsgyrvigjr6,did:plc:fgpyya4en5thfmi6usrr3kvv,1,tcoop6231.bsky.social,jasonkirk.fyi
did:plc:ecprmkgufdqzdxsgyrvigjr6,did:plc:qom2wnvnaonkvcy2wpoqqlpk,1,tcoop6231.bsky.social,80cloud.bsky.social
did:plc:ecvfx6h3dj7mxjcqmfcyybmr,did:plc:shbrsjbjrqrsnjxwniprp6s6,1,nnoodle64.bsky.social,rickyodonn.bsky.social
did:plc:eec4r4qv2n5uybm4tveqfab3,did:plc:nzt4zxtfvfqfw3mkk2357pgq,1,nicktargaryen09.bsky.social,hardbap.bsky.social
did:plc:eec4r4qv2n5uybm4tveqfab3,did:plc:xzgl4d7idghxny23mfmvnm2k,1,nicktargaryen09.bsky.social,broadfawn.bsky.social
did:plc:eef57lzvkf6qkedumxdprmyc,did:plc:prh57kfychp5kmr6fod3drkq,1,lonestargooner.bsky.social,twincitiesgooners.bsky.social
did:plc:eem77qezjkladieawzuscq6w,did:plc:ke4hki3el2vwoyrlgyaicr6c,1,whatyeahokay.blacksky.app,urbanaudacity.blacksky.app
did:plc:eff4griccxyq7lkaz6eyd2bq,did:plc:7sfnardo5xxznxc6esxc5ooe,1,jschindler.bsky.social,nba.com
did:plc:eff4griccxyq7lkaz6eyd2bq,did:plc:lyrhzsfcnpthqs3t5ks6pqzv,1,jschindler.bsky.social,marcjspears.bsky.social
did:plc:eff4griccxyq7lkaz6eyd2bq,did:plc:sa73fbx3vxzh2fw5pu5wmief,2,jschindler.bsky.social,shamsbot.bsky.social
did:plc:efgg667sjclmvqaxpftldwsr,did:plc:dz7swnlgzjnxehyud3654vqd,1,theleaderisgood.bsky.social,janecoaston.bsky.social
did:plc:efri2jdl6qqf2ivg2l65pogg,did:plc:yii2qvta6gfduozqz5laacze,1,whitegirlinacrowd.bsky.social,goreckis.co
did:plc:eg3sirs6h6m23fp2uzjbicnd,did:plc:sa73fbx3vxzh2fw5pu5wmief,1,everybodyhoops.bsky.social,shamsbot.bsky.social
did:plc:egmrk2mpyhpq56qblaxx4kb6,did:plc:wdrdm5zsrad2abdfmobhl36f,1,irishoutsider.bsky.social,twesq.bsky.social
did:plc:egutpf7kx4hynij5ntzjt243,did:plc:bzy5rjjduvvkxno5xe3evl3f,1,positivesubway.bsky.social,lollardfish.bsky.social
did:plc:ehcywso5cjijg7fyjnzvqocz,did:plc:izxpomdyri45gzhppiiyattq,1,jaclynolivia.bsky.social,coachfinstock.bsky.social
did:plc:ehoiuzwszgcskcvj4qiosojy,did:plc:yvy5ax23zpmoearxn6xsgqzf,1,retiredbaumer.bsky.social,btrowland.bsky.social
did:plc:ehynkux7csdxkeptauw6iq22,did:plc:2fil3vrrymlpa5uspsfgo37i,1,gfrederick.bsky.social,justinanumudu.bsky.social
did:plc:ehzh63snfwksavzilsyy3toj,did:plc:b2kutgxqlltwc6lhs724cfwr,1,muggsyk.bsky.social,theathletic.com
did:plc:ei74o3tztb6zv3qsnyemjhqe,did:plc:e3ktrbooe3mildj4hhwhsvtc,3,chased12.bsky.social,mikeascotto.bsky.social
did:plc:ei74o3tztb6zv3qsnyemjhqe,did:plc:sa73fbx3vxzh2fw5pu5wmief,2,chased12.bsky.social,shamsbot.bsky.social
did:plc:eifya7lf2xf2ahvjb434bh6o,did:plc:bvn5oncrh2mie4nxuzbiqjmi,1,jamillahayana.bsky.social,juliapoe.bsky.social
did:plc:eirthrfg3o433mcosxhi7rjm,did:plc:v6xd7qcm4tsgb4ndo547vh4n,1,mosesky.bsky.social,jeskeets.bsky.social
did:plc:eixmsqweypbydkyccgiq5ce7,did:plc:fg5ks6bevpbwkha6o3s2y27h,1,brownsfansince79.bsky.social,alexkirshner.com
did:plc:ej3av6xrfnvbmfgxlwexrswz,did:plc:ytgguhxzb2hab3cpbzkiymss,1,dy-dx.bsky.social,medcrisis.bsky.social
did:plc:ejqjmid2nqv2dsg6yrucvgxs,did:plc:lydpmbuyethpzjta6jeya6m6,2,david-keith.bsky.social,claudiiigrl.bsky.social
did:plc:ejqjmid2nqv2dsg6yrucvgxs,did:plc:pvbezhljkoogmx4dbhifjkdt,1,david-keith.bsky.social,miami2pt.bsky.social
did:plc:ejqjmid2nqv2dsg6yrucvgxs,did:plc:sa73fbx3vxzh2fw5pu5wmief,1,david-keith.bsky.social,shamsbot.bsky.social
did:plc:ejtefkemz674ah2z2pocjphs,did:plc:xp42jlxovwlmomv2yzf47ty2,1,john.gobirds.online,mrbeaks.bsky.social
did:plc:ejwnvlpgustgz54phgrun4cc,did:plc:7nqb24wgnebf5rijvafymgur,1,elyooper.bsky.social,getsomehelpcomic.bsky.social
did:plc:ekcjehhjls63xsuhng6xjnk7,did:plc:6y3zulpfknfey5qemwhc4frl,1,bbwave2024.bsky.social,jledwardsiii.bsky.social
did:plc:ekcjehhjls63xsuhng6xjnk7,did:plc:sa73fbx3vxzh2fw5pu5wmief,1,bbwave2024.bsky.social,shamsbot.bsky.social
did:plc:ekdq7eypiti77yscg6fhsujo,did:plc:3n6tlt4druahl6g5qwwj5hmh,2,desertsquirrel2.bsky.social,topherj.bsky.social
did:plc:ekqcakaxps5qyff7ucfogfe3,did:plc:k6jgbx7wc657rq2tzziyxhti,1,donarfonzo.bsky.social,tediosa-miss.bsky.social
did:plc:ekselv43e6e7fh5f3dw5xo47,did:plc:s2ibun2lfcftexxcqsr4ryce,1,davidosborn.bsky.social,michaelvpina.bsky.social
did:plc:ektvjrdxfjrzayhq2i6b7253,did:plc:3fvxlsb2pgtfoxdzzpklkcpt,1,docnaismith.bsky.social,john4john.bsky.social
did:plc:el556asgcs5ee7skspal2eae,did:plc:mtyaifw46xppbvcxeo6tl6wf,1,seanbraudis.bsky.social,nateduncannba.bsky.social
did:plc:elal2ktkmvmyaxlxr6kzs3yp,did:plc:x4wwdjibggmad2pqvrufpkax,2,mrdrleland.bsky.social,jlrmarin.bsky.social
did:plc:elbgfvwt4wysfmm73ira5ybm,did:plc:vtpyqvwce4x6gpa5dcizqecy,1,bostwo.bsky.social,techcrunch.com
did:plc:elcfcmw7yr5btvn62gevvqe4,did:plc:umr34sm3nlaamsqcuxm3p4wp,1,mirannlolani.bsky.social,talkinkings.bsky.social
did:plc:elmyhdo5f35s5suf4fdxwoty,did:plc:wveidvmniob6egctikkiu4hv,2,texanokie07.bsky.social,mentoch.bsky.social
did:plc:elsreb5fzv2hzxafxr6i6wrw,did:plc:26375peygwnrijoepmy2fdcs,1,magiclady58.bsky.social,washingtonstatestandard.com
did:plc:elsreb5fzv2hzxafxr6i6wrw,did:plc:w5uqfqu2xlmx6hxsumdxa76b,1,magiclady58.bsky.social,sdphilliesfan.bsky.social
did:plc:eltjrvxo2vh75ssuzmy37eyn,did:plc:paf4vetn26bu7uggsie3vyrc,1,gianpatrick.bsky.social,lawmurraythenu.bsky.social
did:plc:em6tjyme6tmjexmp5bztys4z,did:plc:6jpqgc6d4tplxcioxuh7khmr,1,mousebumples.bsky.social,jimowczarski.bsky.social
did:plc:embrzxk7sqedj7upxos3wab2,did:plc:bvn5oncrh2mie4nxuzbiqjmi,1,gailog.bsky.social,juliapoe.bsky.social
did:plc:empukub3joo7q4jgxef6pite,did:plc:kvf6pnfrtgek6jqlkpqhgacv,1,jonee13.bsky.social,yossigozlan.bsky.social
did:plc:en47afgisp5vwf5wd3nol3as,did:plc:l5yosjhl2kt3owca5cqrcp5r,2,pategan.bsky.social,iheartthesports.bsky.social
did:plc:en5gquqf4vplqxxohlysrwq3,did:plc:yj436z2s2v37rvaw33lc4ryq,1,yocum137.bsky.social,mbkplus.bsky.social
did:plc:enpunz2yc5pcyo6u2eckux3c,did:plc:2rbb3i4gwfosgvaces5ohobz,1,xskarma.bsky.social,ramblinwreck34.bsky.social
did:plc:enpunz2yc5pcyo6u2eckux3c,did:plc:d2h2o7toiimmorgahgqcesxo,1,xskarma.bsky.social,theradish.bsky.social
did:plc:enpunz2yc5pcyo6u2eckux3c,did:plc:luofuy2uw7g4vsd2vbwidtel,1,xskarma.bsky.social,keithsmithnba.bsky.social
did:plc:enpunz2yc5pcyo6u2eckux3c,did:plc:onquy2lebrs3aeve4rod2rlg,1,xskarma.bsky.social,officialorville.space
did:plc:enpunz2yc5pcyo6u2eckux3c,did:plc:ov3ixpbcdxxd4ueau3slthet,2,xskarma.bsky.social,joelvideo.producer.blue
did:plc:enpunz2yc5pcyo6u2eckux3c,did:plc:pafykfryhjyyhnvzzbygjcjf,3,xskarma.bsky.social,c0urtney-danvers.bsky.social
did:plc:enpunz2yc5pcyo6u2eckux3c,did:plc:ra4oy3ibhnmfd5li4wmkg763,2,xskarma.bsky.social,animejay.blacksky.app
did:plc:enpunz2yc5pcyo6u2eckux3c,did:plc:tne6d463w7av3ruhurbjw2g4,1,xskarma.bsky.social,bostonianindc.bsky.social
did:plc:enpunz2yc5pcyo6u2eckux3c,did:plc:zvgi4eon2fvlemnmaqnmayuk,1,xskarma.bsky.social,johnkaralis.com
did:plc:ent7amfm43xhbvvdozui6hgv,did:plc:hw4zyjcebmqwb664xnnf3xeo,2,llonsu.bsky.social,divadiruam.bsky.social
did:plc:ent7amfm43xhbvvdozui6hgv,did:plc:mrtreswv377bdn7ow4ekunyy,1,llonsu.bsky.social,helenamerinavas.bsky.social
did:plc:ent7amfm43xhbvvdozui6hgv,did:plc:nrbqwqvqkz54vubk5vwmvtgo,2,llonsu.bsky.social,antartica.bsky.social
did:plc:ent7amfm43xhbvvdozui6hgv,did:plc:nwvzgocpeurujdrvok5xj7b6,1,llonsu.bsky.social,alaforca.bsky.social
did:plc:ent7amfm43xhbvvdozui6hgv,did:plc:rvze3orwxmlworrhidtfyve4,1,llonsu.bsky.social,carballudo.bsky.social
did:plc:enz3smiw724ld222kuzucvee,did:plc:5nf6u2kmdtd5uwcfnertpd2x,1,walker-2512.bsky.social,chisyd.bsky.social
did:plc:enz3smiw724ld222kuzucvee,did:plc:b2kutgxqlltwc6lhs724cfwr,1,walker-2512.bsky.social,theathletic.com
did:plc:eo33jl3uuwi4uccyvvobrl3h,did:plc:py7chfax4ftugpcpyj2binih,1,chkcvr.bsky.social,christopherhine.bsky.social
did:plc:eovgswzzio4fdnrejyxr3kfa,did:plc:tltkoigrthr6rinpq7zwb6dy,1,shrimpfriedman.bsky.social,carlos-psita.bsky.social
did:plc:eoyxqj4ubtlsoawomwovkbfg,did:plc:rjwwg7e2ervlmmrusjlxwyr6,1,easymmack.bsky.social,dhackett1565.bsky.social
did:plc:eoyxqj4ubtlsoawomwovkbfg,did:plc:wj222j7j4agz3k4ikhxrbb4r,4,easymmack.bsky.social,ekoreen.bsky.social
did:plc:ephjuksxdn3u5ehhto6cixku,did:plc:n2ccxzcm5wq5jeitphbszor5,1,chipete.bsky.social,joecostin.bsky.social
did:plc:epnmgr7xamghlbxwfp55vwxx,did:plc:paf4vetn26bu7uggsie3vyrc,1,julieengbrecht.bsky.social,lawmurraythenu.bsky.social
did:plc:epxcbh5crwy3shzs2hymgs7m,did:plc:brc6xpufk5nehbsy37elk7jb,2,joetheyogi.bsky.social,creamcityjw.bsky.social
did:plc:eqh2ycwo5rtquj2sjesdajfp,did:plc:7onwh7y5blifnhwfz3ogrxvc,1,noahwpierce.bsky.social,masseffect79.bsky.social
did:plc:eqiacf6y4cyygonlzgaywyl5,did:plc:6beluo5xgn65lmsf6x6xqq6x,1,coastalgolfer.bsky.social,billoram.bsky.social
did:plc:eqn73faru5kxxr2koevgkwn5,did:plc:5fzbqlz2avctxxctovkidcr2,1,habbykins.bsky.social,rickspringhetti.bsky.social
did:plc:eqttrqtk6rwambcbfiqug6ol,did:plc:54iaav2hbg4vbxqdzhw7lzn4,1,voyagerrr.bsky.social,harrylylesjr.bsky.social
did:plc:er4qs24uwvkhf2abdkohhp6i,did:plc:2emupgm6taztttxwrjk4qk22,1,snideconundrum.bsky.social,1robgunther.bsky.social
did:plc:er4x5loskarnsx5yjvvnsa35,did:plc:gucudlmk23hf3rjdkvz4nezb,1,mellamopersona.aldea.social,weiko.es
did:plc:er4x5loskarnsx5yjvvnsa35,did:plc:v33us6ae36e4zl2qqijueffi,1,mellamopersona.aldea.social,herrgabriel.bsky.social
did:plc:erabj657l2oppjmz3s3mdcwv,did:plc:b2kutgxqlltwc6lhs724cfwr,1,crazyfarmlady.bsky.social,theathletic.com
did:plc:ercfqa4ix7awg2iemtkym4y4,did:plc:lkul42b3ay6jsnzbxa2klluy,1,foxyfloof.bsky.social,drazgoth.bsky.social
did:plc:erk3nmpiyxhp6vcnrnjaxyjr,did:plc:2jprfvpdny5oxnqyjs2jijzm,1,thegetup814.bsky.social,spencito.bsky.social
did:plc:erk3nmpiyxhp6vcnrnjaxyjr,did:plc:zh5nqspvhgxfepfqmublbg4b,1,thegetup814.bsky.social,rhodewarrior.bsky.social
did:plc:erllukadmy4yp62dp5wa2qxg,did:plc:24sgxdlbxabrqazkrz4awpc5,1,jgfromnp.bsky.social,thecorlew.bsky.social
did:plc:erm7sjdgqx5wkmoblkhx3bet,did:plc:hlarg4juss7g4wyekxvasc7n,1,jonsulman.bsky.social,alleysofmpls.bsky.social
did:plc:ertdrmdknf7if7kbzhv5mo3o,did:plc:7sfnardo5xxznxc6esxc5ooe,1,mikepearn.bsky.social,nba.com
did:plc:es2bm23pb4t743ewlvdparxi,did:plc:mtfaxzqle5h6stf7y6tmuxf7,1,cavstheblog.bsky.social,sichrismannix.bsky.social
did:plc:es2bm23pb4t743ewlvdparxi,did:plc:q6va7zvmcpxat2ttrphqn6gf,1,cavstheblog.bsky.social,mgvanwormer.bsky.social
did:plc:esbqusftd3acu2hvpufvx3ca,did:plc:2mxadfg4ck5lwlur64dsvan7,1,joseencarnacion.bsky.social,brenda2026.bsky.social
did:plc:esbqusftd3acu2hvpufvx3ca,did:plc:rxyiusciuniq4bcggehjmxvg,1,joseencarnacion.bsky.social,omarzahran.bsky.social
did:plc:esoz6h6ormcxfyd7uyqfni2b,did:plc:e62gb2ushvtvjvqcbrxeaw2n,1,mspeggyhill.bsky.social,chrislhayes.bsky.social
did:plc:esxijcr7h42om2zwoeac2ceg,did:plc:t4i3a4fawuzge3dsw2i2h2fw,1,dr0923.bsky.social,markjacob.bsky.social
did:plc:etgqudrk25wypstx7fywekdo,did:plc:sa73fbx3vxzh2fw5pu5wmief,1,zmurr33.bsky.social,shamsbot.bsky.social
did:plc:etgz3pc47m4mifrswrd63ehd,did:plc:pg3zlnog4fdtsy4yu6nh46fi,1,jmac901.bsky.social,chrisherrington.bsky.social
did:plc:etqdjwqxci4siqoco2egxnfm,did:plc:bdacp2cmuuyawx553cv2spdy,1,hanacker.bsky.social,grubb.wtf
did:plc:etxqdeqtrkjbdj4zyjd2xo3l,did:plc:sa73fbx3vxzh2fw5pu5wmief,1,acdijk.bsky.social,shamsbot.bsky.social
did:plc:etyxafcen47zh53kf4qxjhrn,did:plc:mtfaxzqle5h6stf7y6tmuxf7,1,cinnamonlightning.bsky.social,sichrismannix.bsky.social
did:plc:etyxafcen47zh53kf4qxjhrn,did:plc:sa73fbx3vxzh2fw5pu5wmief,1,cinnamonlightning.bsky.social,shamsbot.bsky.social
did:plc:etyxafcen47zh53kf4qxjhrn,did:plc:zazcjahlcb3jfrhcriq7xpn7,1,cinnamonlightning.bsky.social,tsnofficial.bsky.social
did:plc:eu3ehu3r2bmmd6ifh6dnazcm,did:plc:sa73fbx3vxzh2fw5pu5wmief,2,childishgambinohs.bsky.social,shamsbot.bsky.social
did:plc:eu3qre2l37g7iecgn2jiflxl,did:plc:bnrvxigpgotzdtuz6c5wahcb,1,gravybae.bsky.social,bugsysig.bsky.social
did:plc:eu4l6bqsg4k3iecv4wx5xjwu,did:plc:luofuy2uw7g4vsd2vbwidtel,1,ikesourus.bsky.social,keithsmithnba.bsky.social
did:plc:eu4mhbymwbenkogsr7sdz63d,did:plc:kieme6lsxzsbmcizqr4snp7b,5,definitelyjustbob.bsky.social,animeiscool.bsky.social
did:plc:eu4mhbymwbenkogsr7sdz63d,did:plc:vu5swjxgbdpcsrhthj37lsju,1,definitelyjustbob.bsky.social,dr-thompson.bsky.social
did:plc:eu7cvmcgxbpcjxxc4bjcuuvf,did:plc:3q2bc4e3zxdq43xmtfwfiebs,1,kanariamarina.bsky.social,juansintierra2666.bsky.social
did:plc:ev4vrbi7i5xtfqxvb6wujfky,did:plc:wbpjhdry2la6ozeiqrdmpmms,1,staightup5.bsky.social,kpelton.bsky.social
did:plc:ev5i2xilxei4iacrcnf7jofm,did:plc:fm7wzaqn4xcmxqpmraavcner,1,dramon.bsky.social,mollyhannahm.bsky.social
did:plc:ev5i2xilxei4iacrcnf7jofm,did:plc:hs7fmx7elwn4ypmluln52mw5,2,dramon.bsky.social,hugoelbreo.eurosky.social
did:plc:evzmobrnzmf6d6bn7m25obr4,did:plc:e62gb2ushvtvjvqcbrxeaw2n,1,crankycyborg.bsky.social,chrislhayes.bsky.social
did:plc:ewfmwqzn26xrp75g4ufghgbf,did:plc:sa73fbx3vxzh2fw5pu5wmief,1,patrickkeefe.bsky.social,shamsbot.bsky.social
did:plc:ewihn7kdvwtxjgnsxiv66muz,did:plc:4xpj3xjxsxxcuh3ghaulzdqu,1,wilmes.bsky.social,yourmandevine.bsky.social
did:plc:ewihn7kdvwtxjgnsxiv66muz,did:plc:huy5mdyccyhiq4wt3wegsvv6,1,wilmes.bsky.social,bobbyotter.bsky.social
did:plc:ewqjvlhn64xpqpj2yexpv53d,did:plc:gqgnr2obuwossobfnxw5xnxg,1,grumpybigfoot.bsky.social,hoopsanalyst.bsky.social
did:plc:ewzmk6cknma562phoo4cq7ym,did:plc:rpw6yfnhlbhbr7dw5bjflhf4,1,aubreygilleran.bsky.social,triplebassist.bsky.social
did:plc:exbr2hd6txb2c6chwjmlwy6a,did:plc:ae234ixyu24wwzr66biougat,1,rugrat907.bsky.social,1ifbyland2ifbysea.bsky.social
did:plc:exbr2hd6txb2c6chwjmlwy6a,did:plc:sa73fbx3vxzh2fw5pu5wmief,1,rugrat907.bsky.social,shamsbot.bsky.social
did:plc:exlan2jhvoanqxeigaxhpak4,did:plc:5jb2734ccyccx6a3hjjuzhrr,1,buckybandido.bsky.social,kleinman.bsky.social
did:plc:exufczlmqdngshajon5onpzb,did:plc:l4ujp6ilccoopgthm62tvfy7,2,tg306.bsky.social,brooklyn1882.bsky.social
did:plc:eyjxlsfi2qfh5yg25citygcc,did:plc:a3anzwkj4bnz2w6mglhs4xfe,1,cranjx.goflyers.online,inquirer.com
did:plc:eykxu43qx3me2fpudkvi6igp,did:plc:ecjlc5ouev63oweq5en4lsj3,1,jaykaydee.bsky.social,davekarpf.bsky.social
did:plc:eyr3riip5hly2okdtj4hbx2x,did:plc:lydpmbuyethpzjta6jeya6m6,1,margiecakes.bsky.social,claudiiigrl.bsky.social
did:plc:eyvr3jqiwmk4yyxm735efqru,did:plc:jxk6dc54wkeutjoo5nthqwxt,1,elfisright.bsky.social,cbsphiladelphia.bsky.social
did:plc:ezattmy4evrpncdxq7z6vzfb,did:plc:lldgxx4auj7zsd2fp4hbory3,1,saccityscott.bsky.social,markjonesespn.bsky.social
did:plc:ezattmy4evrpncdxq7z6vzfb,did:plc:yvxgr32ufo75afd5qyoouxfc,1,saccityscott.bsky.social,shredberg.bsky.social
did:plc:ezy7ssyh2xckjxrj3almkg2l,did:plc:3rqhpjdncgde5bk45dvo2hfo,2,jenaroo5.bsky.social,fanoftheland13.bsky.social
did:plc:ezy7ssyh2xckjxrj3almkg2l,did:plc:mtfaxzqle5h6stf7y6tmuxf7,1,jenaroo5.bsky.social,sichrismannix.bsky.social
did:plc:f22f7v47dbas3m3gdwp5l6ts,did:plc:g7a6qji72odgptnddtrkdchy,1,choonghuh.bsky.social,mrbuckbucknba.bsky.social
did:plc:f23mngshxqdjhsufqtoayfd7,did:plc:fgpyya4en5thfmi6usrr3kvv,1,thomszucs.bsky.social,jasonkirk.fyi
did:plc:f2cawvrxv6ulcdse7tiebxg3,did:plc:blrk2gk5dq32snk2kthu3cnn,1,ask70.bsky.social,keerthikau.bsky.social
did:plc:f2cawvrxv6ulcdse7tiebxg3,did:plc:zazcjahlcb3jfrhcriq7xpn7,1,ask70.bsky.social,tsnofficial.bsky.social
did:plc:f2cczcblcyuz4zpwg7ffaifc,did:plc:b2rbhknq7zeheyk6uv2e756v,1,11whatupdoe.bsky.social,colyou.bsky.social
did:plc:f2n2pwioqms7jclfougpxbx6,did:plc:35fn3m7ocm2ammvpzoiesh7j,1,pettywise.bsky.social,loki1001.bsky.social
did:plc:f3cvbgjw3cqtdbrdeikkxjx7,did:plc:fqsmj7o5mbb7n7oav2kkjuid,1,slowstuff.bsky.social,nbastat.bsky.social
did:plc:f3e7cbu35rvfqtd5okz2dthg,did:plc:e62gb2ushvtvjvqcbrxeaw2n,1,kevinphillips.bsky.social,chrislhayes.bsky.social
did:plc:f3evo3472thebocxh6hutwwt,did:plc:sa73fbx3vxzh2fw5pu5wmief,1,juunbbug.bsky.social,shamsbot.bsky.social
did:plc:f3p4t6axzxztgniq3nkm37wo,did:plc:mh2ppg7rtvnbesr4gyjjkgem,1,rikleen.bsky.social,megalu.bsky.social
did:plc:f3s7l2umwn4osmzqa4kabsng,did:plc:2jprfvpdny5oxnqyjs2jijzm,1,tafphy.bsky.social,spencito.bsky.social
did:plc:f42o5b6peejt3umgghgne7ah,did:plc:eclio37ymobqex2ncko63h4r,1,bdgiddens6.bsky.social,nytimes.com
did:plc:f42o5b6peejt3umgghgne7ah,did:plc:g4xma2z3wpxbqbd3latspawp,1,bdgiddens6.bsky.social,iamthebiggs.bsky.social
did:plc:f4d76fjna5nxqsy2fu6cgmp3,did:plc:qefkiz3mtovjcnoijbtug4hx,1,evanbernick.bsky.social,monicavisalam.bsky.social
did:plc:f4lf3k4s6r7loctu2s4eugpk,did:plc:2fil3vrrymlpa5uspsfgo37i,1,wesee.bsky.social,justinanumudu.bsky.social
did:plc:f4qeeimfka6hqtioy6p4dsfr,did:plc:sa73fbx3vxzh2fw5pu5wmief,1,kangham.bsky.social,shamsbot.bsky.social
did:plc:f4qeeimfka6hqtioy6p4dsfr,did:plc:shuihjlwngfchbv7glvgz6so,1,kangham.bsky.social,michaeldoh.bsky.social
did:plc:f4qeeimfka6hqtioy6p4dsfr,did:plc:vu5swjxgbdpcsrhthj37lsju,1,kangham.bsky.social,dr-thompson.bsky.social
did:plc:f55nenoyo6bghhnkextzaupz,did:plc:jwud2x6ofpyowabq7d4cpdqb,1,moofin.bsky.social,pakaflocka.bsky.social
did:plc:f5f6nlzungthujhlwbcxckls,did:plc:hmhvklptsptn7sgelzrp5srg,1,gentlemanlydrinker.bsky.social,eol.bsky.social
did:plc:f5f6nlzungthujhlwbcxckls,did:plc:oclue3e6ui6yomcljd6wltax,2,gentlemanlydrinker.bsky.social,nowondvd.bsky.social
did:plc:f5f6nlzungthujhlwbcxckls,did:plc:yi5qjz6rrb6m3gd6u7oaefyb,3,gentlemanlydrinker.bsky.social,jasoncheathawks.bsky.social
did:plc:f5ixamgvyn3eohd4tperkyrv,did:plc:t4i3a4fawuzge3dsw2i2h2fw,1,ambientheat.bsky.social,markjacob.bsky.social
did:plc:f5nizvbsj32trgskgm5rpu4t,did:plc:gcyzy7eh3xfowulmwlv4grtx,1,gamedestroyer112.bsky.social,word-geek.bsky.social
did:plc:f5nizvbsj32trgskgm5rpu4t,did:plc:ljkdjsfnhemesnn6lkvep4l3,2,gamedestroyer112.bsky.social,rosedees.bsky.social
did:plc:f5vknjyo6v6ctlf7hernwc3q,did:plc:d2utfmoshmoi4vvb4bwsposs,1,mrsceltics.bsky.social,danielleceltics.bsky.social
did:plc:f5vknjyo6v6ctlf7hernwc3q,did:plc:luofuy2uw7g4vsd2vbwidtel,1,mrsceltics.bsky.social,keithsmithnba.bsky.social
did:plc:f5vknjyo6v6ctlf7hernwc3q,did:plc:nzt4zxtfvfqfw3mkk2357pgq,1,mrsceltics.bsky.social,hardbap.bsky.social
did:plc:f5vknjyo6v6ctlf7hernwc3q,did:plc:qpid6iui7eh3pirw63j6ggt4,1,mrsceltics.bsky.social,jj617.bsky.social
did:plc:f5vknjyo6v6ctlf7hernwc3q,did:plc:tne6d463w7av3ruhurbjw2g4,2,mrsceltics.bsky.social,bostonianindc.bsky.social
did:plc:f5vknjyo6v6ctlf7hernwc3q,did:plc:yhuw4za5cbuqupk53ryhixmr,5,mrsceltics.bsky.social,redroundball.bsky.social
did:plc:f64kqmhqust6rvhejeogvwiw,did:plc:aax2d4gyu4vmlccwdtgci474,1,thiqkkmamii.bsky.social,veryghetto.yaps.fyi
did:plc:f64nar6gx5shvrbkobprotka,did:plc:ozrhqae34vzv6mso2hsym65i,1,taksea.bsky.social,omarisankofa.bsky.social
did:plc:f6fbiilymypwoezyvorxt653,did:plc:k37ousn7t2cc4mslvdhbgobi,2,utm.bsky.social,will-jones.bsky.social
did:plc:f6fbiilymypwoezyvorxt653,did:plc:nzt4zxtfvfqfw3mkk2357pgq,2,utm.bsky.social,hardbap.bsky.social
did:plc:f6fbiilymypwoezyvorxt653,did:plc:sa73fbx3vxzh2fw5pu5wmief,3,utm.bsky.social,shamsbot.bsky.social
did:plc:f6fbiilymypwoezyvorxt653,did:plc:u3ehlowkbpz7m6luyvyoshmd,2,utm.bsky.social,blindmanbaldwin.bsky.social
did:plc:f6fbiilymypwoezyvorxt653,did:plc:x4gxcq7uospumk5ewsitfvse,1,utm.bsky.social,getsit.bsky.social
did:plc:f6fbiilymypwoezyvorxt653,did:plc:xzgl4d7idghxny23mfmvnm2k,1,utm.bsky.social,broadfawn.bsky.social
did:plc:f6fbiilymypwoezyvorxt653,did:plc:yd4gaql2btbpybzm3x3q4qwa,1,utm.bsky.social,unclegeeb.bsky.social
did:plc:f6y6ml6cdcinvx3oi2eo7im2,did:plc:4xaad7thmc4uqdhefbq6vizm,3,rayndeigh.bsky.social,johnbull.wtf
did:plc:f6y6ml6cdcinvx3oi2eo7im2,did:plc:jfymgpxz2kajcfkpcewcx2lo,1,rayndeigh.bsky.social,chrjon21.bsky.social
did:plc:f6y6ml6cdcinvx3oi2eo7im2,did:plc:kgo45g7krpb5chiqyarhaxwv,1,rayndeigh.bsky.social,medicineclam.bsky.social
did:plc:f6y6ml6cdcinvx3oi2eo7im2,did:plc:luofuy2uw7g4vsd2vbwidtel,2,rayndeigh.bsky.social,keithsmithnba.bsky.social
did:plc:f6y6ml6cdcinvx3oi2eo7im2,did:plc:paf4vetn26bu7uggsie3vyrc,1,rayndeigh.bsky.social,lawmurraythenu.bsky.social
did:plc:f6y6ml6cdcinvx3oi2eo7im2,did:plc:urtzlgohgpyod45hftk3tzne,1,rayndeigh.bsky.social,lotusprime.bsky.social
did:plc:f6yya4ptvsu3cbc7mxkml66d,did:plc:rlclni5lohlgy3qwhy2eem7n,1,gwill2k.bsky.social,whyalwaysrv.bsky.social
did:plc:f6zhtg67fxycf3f75vmp5sdh,did:plc:sgqlb2os5537waze4wjtfprl,1,lossimo.bsky.social,sarahspain.com
did:plc:f757g3nzbf5wky2hzim27zom,did:plc:mrd6oexdu6sjxcjxbn5txo4g,1,nycsteeler.bsky.social,sharonsf.bsky.social
did:plc:f75ykg3xtpq67uuftea6y646,did:plc:uqqjc2t5jdz6osnsay4n6m6s,1,superbeastbrew.bsky.social,gengaara.bsky.social
did:plc:f7czqjcp6evlhet34zxxtamk,did:plc:ilpzctn6tforvjyixc37smcg,1,dangatesj.bsky.social,rickywlmsbong.bsky.social
did:plc:f7i33cd3b5n6en2iunk2mwkp,did:plc:rp7trk62kq2hae5y4pssmwcz,1,billdifilippo.bsky.social,rkalland.bsky.social
did:plc:f7i33cd3b5n6en2iunk2mwkp,did:plc:srnkqtcpptdtesojmwbgoek2,1,billdifilippo.bsky.social,rodger.bsky.social
did:plc:fb7fr5ctxtsgmgtjmoj6ilt2,did:plc:7sfnardo5xxznxc6esxc5ooe,1,nucleardaddy.bsky.social,nba.com
did:plc:fbcu7vc4snmmzhpmykmdoyof,did:plc:5ehplizoyxc7edbvzcdw62z5,1,rotated8.net,fauxwren.bsky.social
did:plc:fbjctr3ksmvvysq76olqxm5g,did:plc:yq4odixjl75y4pi66dm6eibb,1,jrodbad.bsky.social,jaredof.bsky.social
did:plc:fbvd5hjzspvbbp3vt7xgfu6n,did:plc:tgw3d4hvw3x5ijrxax7lg26u,1,doctor-rockso.bsky.social,nkalamb.bsky.social
did:plc:fcgs4togjqt7eyelaschtftr,did:plc:44ys7gijqhhnzyubtzkupca3,1,jmcwalter.bsky.social,paulknepper.bsky.social
did:plc:fcqbddsl4syxdj4ooqtpqids,did:plc:fgpyya4en5thfmi6usrr3kvv,1,cargie.baby,jasonkirk.fyi
did:plc:fcufrxzc332vq3ilmif6k6ic,did:plc:vtroe3vx43ypg55fs7kjbroi,1,gettingbucketz.bsky.social,portlandmercury.com
did:plc:fd3s6fyyytpvpkwubr7wl3sc,did:plc:zaqgoezpsvft7zi53li74mmu,1,deadhead111.bsky.social,steelglory.bsky.social
did:plc:fd4mfjujechw7m2f4xmm2jqb,did:plc:jxpcdjq45e4e3izvobsuoyl4,1,dharhix.com,gibiz.bsky.social
did:plc:few4ocmzhf5gm3ttss5qjzqd,did:plc:avy4hdszcxw74u23ewudr7sf,5,415goldblooded.bsky.social,drewtcorbin.bsky.social
did:plc:ff6n4ih3gezdyeofuxojtioo,did:plc:c3roikkeki4hxu2gz7r5pljd,1,mvercy.bsky.social,tom.medsky.social
did:plc:fg2gp6f3gp2znzhugonf4fk3,did:plc:a3ybrbabfw4tpq3jpyii4slk,1,rgiss.bsky.social,dadshammdad.bsky.social
did:plc:fg2gp6f3gp2znzhugonf4fk3,did:plc:dgivipsubywryd3pjggdyawm,1,rgiss.bsky.social,markrussellpereira.bsky.social
did:plc:fg2gp6f3gp2znzhugonf4fk3,did:plc:o5d7zrst4uuv7f45byscx3hc,1,rgiss.bsky.social,dillonnba.bsky.social
did:plc:fgpglnsrl26aokhelc2i2bug,did:plc:hb5s4bd5ctk6inznrn6gf6hx,1,drmo499.bsky.social,basketballtalk.bsky.social
did:plc:fgpyya4en5thfmi6usrr3kvv,did:plc:65utbp54mhy42aw2kzdbuhb5,1,jasonkirk.fyi,catdome55.bsky.social
did:plc:fgpyya4en5thfmi6usrr3kvv,did:plc:mh45fctn3kx6wyyz5lqxorfj,1,jasonkirk.fyi,psychprof85.bsky.social
did:plc:fgpyya4en5thfmi6usrr3kvv,did:plc:pnvvnbykyozjngkkiiveiwdm,1,jasonkirk.fyi,turnleftfast.bsky.social
did:plc:fguoj4gkt6hxgm3rv73rsfmj,did:plc:wkbysllyarm4b3kxrj3mfxau,1,rynrly.bsky.social,stpaulite.bsky.social
did:plc:fgzsymzlycx7w56ed2cwxeee,did:plc:a3we4yrhetgqubhc7qs5qlx3,1,jeneye127.bsky.social,jamesfrye.bsky.social
did:plc:fh2hiaa6b4ybvjj25j5kvikm,did:plc:uxvmjrn4n6uwlcxpzjlu2p53,1,h-seldon.bsky.social,stopthemagtards.bsky.social
did:plc:fh2hiaa6b4ybvjj25j5kvikm,did:plc:wyn45imrgixwx4nh7tgvhabn,1,h-seldon.bsky.social,pridenorprejudice.bsky.social
did:plc:fh6rjxx2hhy3ygi4m4uv2zc7,did:plc:zvgi4eon2fvlemnmaqnmayuk,2,civilservant-ret.bsky.social,johnkaralis.com
did:plc:fha2kmwr3qmwhus3f5tvtxo2,did:plc:izx5x5dozeybfjly3x7rpyrv,1,apxbrown.bsky.social,erniebufflo.bsky.social
did:plc:fhbd6vc2b3iad7v5vm4p7vct,did:plc:cvgfgkowwcxwpcrr5o6dq4lg,1,tavarin.bsky.social,mattbrown.bsky.social
did:plc:fi5g5v5p2qnmumf5ixv24zgz,did:plc:44ys7gijqhhnzyubtzkupca3,1,ajfrombrooklyn.bsky.social,paulknepper.bsky.social
did:plc:fi5g5v5p2qnmumf5ixv24zgz,did:plc:hjgdqvbvdjik5lu5reki6rpw,1,ajfrombrooklyn.bsky.social,ujnhunter.bsky.social
did:plc:fi7cummfeh55wqkzub7a56jt,did:plc:pcmzn3lb3n6vha766ajfsee6,1,juhneenhowe.bsky.social,democratswin.bsky.social
did:plc:fj2vzdlm6k24fkhma5lnaqqv,did:plc:2emupgm6taztttxwrjk4qk22,1,diva57.bsky.social,1robgunther.bsky.social
did:plc:fjd5rmoam57ucvki2lb5o3ds,did:plc:75xi5izn27tgjugd2tlcjmqu,1,suzisteffen.bsky.social,beezygrey.bsky.social
did:plc:fjfujyiffjeadiwog3p2v35b,did:plc:hf7ezrajxadu7v3tzcyij424,1,rsphillips.bsky.social,parkermolloy.com
did:plc:fjiupdolgwv45olxgrqgfhjk,did:plc:y7ioyrahgrd2gxs2do42cf5i,1,tressiemcphd.bsky.social,morls.bsky.social
did:plc:fjlnr7s4p62vy4a3q6nt3waa,did:plc:ozrhqae34vzv6mso2hsym65i,1,chalupagreen.bsky.social,omarisankofa.bsky.social
did:plc:fjmi44kbifomgpfrlvz23qas,did:plc:25lslhwbx5x46jpitjpugyby,1,thatboydidit.bsky.social,gallen89.bsky.social
did:plc:fjsitks2h2vjehmpwmaitb62,did:plc:e62gb2ushvtvjvqcbrxeaw2n,1,johnnykilloran.com,chrislhayes.bsky.social
did:plc:fjsp4cvfx3xjkct67i7to2dd,did:plc:shbrsjbjrqrsnjxwniprp6s6,1,imacopyouidiot.bsky.social,rickyodonn.bsky.social
did:plc:fjvafi5dza5ncs6awselh5va,did:plc:26375peygwnrijoepmy2fdcs,1,rusty-baxter.bsky.social,washingtonstatestandard.com
did:plc:fk27hb7ntk272s3gpa3se2bb,did:plc:4xaad7thmc4uqdhefbq6vizm,2,snacksonsnackz.bsky.social,johnbull.wtf
did:plc:fk27hb7ntk272s3gpa3se2bb,did:plc:izxpomdyri45gzhppiiyattq,1,snacksonsnackz.bsky.social,coachfinstock.bsky.social
did:plc:fk27hb7ntk272s3gpa3se2bb,did:plc:mshr33k64vknitscnsbbyzfn,1,snacksonsnackz.bsky.social,drbrianmd.bsky.social
did:plc:fk27hb7ntk272s3gpa3se2bb,did:plc:urtzlgohgpyod45hftk3tzne,1,snacksonsnackz.bsky.social,lotusprime.bsky.social
did:plc:fk3z274ne4tq5onzusdaytc7,did:plc:k6jgbx7wc657rq2tzziyxhti,3,netoverflow.eurosky.social,tediosa-miss.bsky.social
did:plc:fk5akj5ydelwa6r7tztyd5ss,did:plc:73oqrzcfzbou36ibep67odja,1,carmparens.bsky.social,kenfortson.bsky.social
did:plc:fk7hspsjqt36hzlwv6wiu46e,did:plc:22fudzaxnal4ddodzv2o6mwk,1,bkajess.bsky.social,jmcdonaldsa.bsky.social
did:plc:fkpnckg4eqizwxmgrxrgwyxo,did:plc:3ybwpruswu3k7j7tuoji5kjy,1,philiprr.bsky.social,fredbetel.bsky.social
did:plc:fkpnckg4eqizwxmgrxrgwyxo,did:plc:4ocma2woe3bq5utljcxm35os,1,philiprr.bsky.social,douchechills.bsky.social
did:plc:fkpnckg4eqizwxmgrxrgwyxo,did:plc:iwtismp7gqxhb7vrkzlmrdzw,1,philiprr.bsky.social,anothersillyowl.bsky.social
did:plc:fkpnckg4eqizwxmgrxrgwyxo,did:plc:maeunwoilxjfnquvef6qirah,1,philiprr.bsky.social,theshelledone.bsky.social
did:plc:flvtbftlz6qr4fa6g57p4hon,did:plc:rvffopjouo2kuacijd7qfqzu,1,3rdstep.bsky.social,jonathanmacri.bsky.social
did:plc:flzdzmcv6kqbomku6e2x5zjk,did:plc:b2kutgxqlltwc6lhs724cfwr,1,zzandiggity.bsky.social,theathletic.com
did:plc:flztnp4jahyb467phvez6fna,did:plc:j537natd6wlg3rucqfa4etmx,1,nintendopro03.bsky.social,daniele-gaither.bsky.social
did:plc:fm2zuc2cwjottsfnhxvefzyn,did:plc:7sfnardo5xxznxc6esxc5ooe,1,tiggerrd.bsky.social,nba.com
did:plc:fm2zuc2cwjottsfnhxvefzyn,did:plc:zcifiaokjuznmkasf6zn347d,1,tiggerrd.bsky.social,flybyknite.bsky.social
did:plc:fmhqwsqp3b2yxut4uuot2dur,did:plc:klrwefbt77b2e42sc7c672ju,1,joflo34.bsky.social,iapunk.bsky.social
did:plc:fmjms5wpq3kxykqnc6wtghxn,did:plc:5b3wgs4ngdd6c5lpak65qxwx,1,bzzzk.bsky.social,walkerp.bsky.social
did:plc:fmt54dvz6rrcpou4o3ivhfmp,did:plc:ij5rmezbkvim2egrp3gb7g3s,1,thelivingblues.bsky.social,honeyskeleton.bsky.social
did:plc:fmt54dvz6rrcpou4o3ivhfmp,did:plc:md2xkdm43foqg4a7phqm54lo,2,thelivingblues.bsky.social,janejanajuno.bsky.social
did:plc:fmt54dvz6rrcpou4o3ivhfmp,did:plc:mw3cwb6nr7qldk4mnjt4epsa,1,thelivingblues.bsky.social,nameuser.bsky.social
did:plc:fn3ap4tas35yh5zmkik4qjy5,did:plc:tb2bwzxom5qv4542ru3zqcgu,1,irvineghost20.bsky.social,jakemgrumbach.bsky.social
did:plc:fnfl5uxzbpk5zobi64t6gb2x,did:plc:wveidvmniob6egctikkiu4hv,1,lepre45.bsky.social,mentoch.bsky.social
did:plc:fnk2cpvpzfeyftdae7uwtzf2,did:plc:t4i3a4fawuzge3dsw2i2h2fw,1,hockeyfan2049.bsky.social,markjacob.bsky.social
did:plc:fo3xj6c6qlhyleauglj2tjn3,did:plc:sa73fbx3vxzh2fw5pu5wmief,1,nymhartist.bsky.social,shamsbot.bsky.social
did:plc:fo3xj6c6qlhyleauglj2tjn3,did:plc:xlulqhjwqq6alvjkht57sbm5,1,nymhartist.bsky.social,rawnba.bsky.social
did:plc:fo3xj6c6qlhyleauglj2tjn3,did:plc:ykcnnf6kqnn3lasmobrczoem,1,nymhartist.bsky.social,insidenbanews.bsky.social
did:plc:foddozeecbuae3rwughtlhrp,did:plc:2apohx2tdagf752komnr5bmi,1,samhinkieknew.bsky.social,tjay56.bsky.social
did:plc:fois5gbl2xaj7jnx6tekeh3g,did:plc:pwpkkc5ykwetowcg3bziamb5,1,axetheaxolotl.bsky.social,sonokido.bsky.social
did:plc:fojtg2lajnuuhljaoogoy2za,did:plc:fgpyya4en5thfmi6usrr3kvv,1,robpollard45.bsky.social,jasonkirk.fyi
did:plc:fojtg2lajnuuhljaoogoy2za,did:plc:ozrhqae34vzv6mso2hsym65i,1,robpollard45.bsky.social,omarisankofa.bsky.social
did:plc:fojtg2lajnuuhljaoogoy2za,did:plc:sa73fbx3vxzh2fw5pu5wmief,1,robpollard45.bsky.social,shamsbot.bsky.social
did:plc:fomqgzcwqx5rtnif2v7ajdsw,did:plc:c4beyrl6wnpfekzf3elewvpu,1,coneid.bsky.social,scottyco.bsky.social
did:plc:fonqdedl5wikwzryndlagokm,did:plc:pmuekp5b3drwnwa7ibv43kd6,1,westcoaststeve.bsky.social,buddy-k.bsky.social
did:plc:fonqdedl5wikwzryndlagokm,did:plc:sa73fbx3vxzh2fw5pu5wmief,2,westcoaststeve.bsky.social,shamsbot.bsky.social
did:plc:fonqdedl5wikwzryndlagokm,did:plc:shhyemwv2upg6t626twy2zus,1,westcoaststeve.bsky.social,davidrochabinge.bsky.social
did:plc:fp4hky5ur7aynz2a2nuelvpe,did:plc:lyrhzsfcnpthqs3t5ks6pqzv,1,bosgardentroll.bsky.social,marcjspears.bsky.social
did:plc:fpfyc75kk67kcta3fubeavpv,did:plc:4haiyncvn42gamwbgx6mixlm,1,nataliereed84.bsky.social,humanremains.northsky.social
did:plc:fpmf7hzn45cagidmtsxgxflv,did:plc:zfxkhiy2lyomncn3lykkwzi7,1,lovebigwords.bsky.social,austinkrell.bsky.social
did:plc:fpoxw6nugpogfmb5pdheb4qc,did:plc:jxeww66t2k5vwuvmxkjydrka,2,smellmymule.bsky.social,wovenantelope.bsky.social
did:plc:fpsl6df7b36lbgvgk5w5m5nl,did:plc:ndjifuxei3gbwqoyudx6j3u2,1,sarahloudandshort.bsky.social,jdc2483.bsky.social
did:plc:fpvaeqr4tro6dwpenqpn35fw,did:plc:luofuy2uw7g4vsd2vbwidtel,2,jbirth.bsky.social,keithsmithnba.bsky.social
did:plc:fpvcg4gosesvkcxtupb4ij52,did:plc:r4jv6ovwzxhfx7xfwelz7dwa,4,savery.bsky.social,bonescrosby.bsky.social
did:plc:fqbasc2irec5siqopnoynbpt,did:plc:2h5oj7dfciesiknuazc3s3mo,1,kcl655321.bsky.social,usatoday.com
did:plc:fqbasc2irec5siqopnoynbpt,did:plc:ixye6m2arrqmghqr6p7lbk2n,2,kcl655321.bsky.social,winsomeloathsome.bsky.social
did:plc:fqbasc2irec5siqopnoynbpt,did:plc:kdvkohfy7btmsdkg5mwuzjbw,1,kcl655321.bsky.social,nuggets.bsky.social
did:plc:fqbasc2irec5siqopnoynbpt,did:plc:sa73fbx3vxzh2fw5pu5wmief,1,kcl655321.bsky.social,shamsbot.bsky.social
did:plc:fqe5xx4xjxm6kbcwb3uoaztk,did:plc:win6osvx3grvq56rnchwsxtt,1,jspencersharpe.bsky.social,hpechan.bsky.social
did:plc:fqeddpq7co7cqwpkt7tandre,did:plc:pj333yvbcnxq3o4uigy36bgf,1,judgyjudes.bsky.social,hoyainnj.bsky.social
did:plc:fqeeh3hn5sjovzpfnv7cvybe,did:plc:aonrplpou355iyrtvtimbj2q,1,americaninlisbon.bsky.social,newsweek.com
did:plc:fqsmj7o5mbb7n7oav2kkjuid,did:plc:mxlpr53q4zmhgywxfjncjune,1,nbastat.bsky.social,bwolfe6801.bsky.social
did:plc:fqttsbb2pvmlojqqak2zdpmw,did:plc:6jpqgc6d4tplxcioxuh7khmr,1,pentakev.bsky.social,jimowczarski.bsky.social
did:plc:fqyd62ee7leyq7a5yymd4df5,did:plc:ozrhqae34vzv6mso2hsym65i,1,revbh.bsky.social,omarisankofa.bsky.social
did:plc:fqz2ahfrk37qxibovncvjkmm,did:plc:7sfnardo5xxznxc6esxc5ooe,1,theglove13.bsky.social,nba.com
did:plc:fr2fclp263vg3b5yjzamvjkp,did:plc:55f556gizq63ibchaqwkgtjd,1,richt1.bsky.social,pdawkins.bsky.social
did:plc:fr2fclp263vg3b5yjzamvjkp,did:plc:mdmym5pcopjsuhsscuhqx36o,1,richt1.bsky.social,moretrev.bsky.social
did:plc:fri4fjvq7x7hdwo4riahvdab,did:plc:gfcyvkuip5hibo7fbja7g6kp,1,czach1r.bsky.social,brett-taylor.bsky.social
did:plc:frp3vavrsjjczjmpb4s5tgbc,did:plc:e62gb2ushvtvjvqcbrxeaw2n,1,natrull.bsky.social,chrislhayes.bsky.social
did:plc:frri3ctxesqdn4x5f6sazemz,did:plc:e3ktrbooe3mildj4hhwhsvtc,1,slane2404.bsky.social,mikeascotto.bsky.social
did:plc:frugqyu6x5bphnlc4bhgg3c3,did:plc:aauzlzzvsle7whfbf5pdfemk,1,fuhry.bsky.social,coyotegirl.online
did:plc:frugqyu6x5bphnlc4bhgg3c3,did:plc:cc7tzd4bb5sh6d5taioq256d,1,fuhry.bsky.social,candacepedraza.bsky.social
did:plc:frugqyu6x5bphnlc4bhgg3c3,did:plc:e62gb2ushvtvjvqcbrxeaw2n,1,fuhry.bsky.social,chrislhayes.bsky.social
did:plc:fs7soprp5htnksii6yly4qq4,did:plc:f5oj3h5yslnl5ymnvya5aecv,1,thedirte.bsky.social,awfulannouncing.bsky.social
did:plc:fsti2hy6ys6umrk2hwaj57zf,did:plc:ba23todzwngi2awq2pm6n6h6,1,lukeepplin.bsky.social,yomama26.bsky.social
did:plc:fsti2hy6ys6umrk2hwaj57zf,did:plc:e62gb2ushvtvjvqcbrxeaw2n,1,lukeepplin.bsky.social,chrislhayes.bsky.social
did:plc:fsti2hy6ys6umrk2hwaj57zf,did:plc:h52awcitgczttr64ozsbkvsx,1,lukeepplin.bsky.social,joanield.bsky.social
did:plc:ftnhzi7uiyip3yxfsgshmrtr,did:plc:5qwi3qlql6ssbxbbbk7qnjkm,2,fraenktowelie.bsky.social,marceleggstein.bsky.social
did:plc:ftprz5ytv4w6zmbjj6rx2gi5,did:plc:olhggeqoaxsn5ohmy6f4k7sr,4,zomzonyapkw.bsky.social,jojopkw.bsky.social
did:plc:ftvd3pchfn3doa4gyyoacuhk,did:plc:inqsf2vb3fk6hj2x5r2xd72j,1,bigjman.bsky.social,kdonhoops.com
did:plc:fub72umhin72ipq7x7pt6qxk,did:plc:2xsjeksmt5podv6wmduiccbc,5,obid2473.bsky.social,avi-wa.bsky.social
did:plc:fub72umhin72ipq7x7pt6qxk,did:plc:3ptwjyxtszedewmllnzovqtd,1,obid2473.bsky.social,derekbodner.bsky.social
did:plc:fub72umhin72ipq7x7pt6qxk,did:plc:cyflytcyyyhawlrnnwiv25nd,6,obid2473.bsky.social,btoporek.bsky.social
did:plc:fub72umhin72ipq7x7pt6qxk,did:plc:j74sld36nk4jgbdca3zxh6j7,1,obid2473.bsky.social,tk76.bsky.social
did:plc:fub72umhin72ipq7x7pt6qxk,did:plc:zfxkhiy2lyomncn3lykkwzi7,1,obid2473.bsky.social,austinkrell.bsky.social
did:plc:fufcnyekmsz72ql5mq4vch2t,did:plc:e62gb2ushvtvjvqcbrxeaw2n,1,richardallensmith.com,chrislhayes.bsky.social
did:plc:fufcnyekmsz72ql5mq4vch2t,did:plc:fcfedums2jv4jfzvqogatc7i,1,richardallensmith.com,jesseltaylor.bsky.social
did:plc:fufw2ca5fo2zfyuwceczcmo4,did:plc:a5hdoo7bmxse3iioxjx2umzi,1,carlsincharge.bsky.social,geoffthejohnson.bsky.social
did:plc:fufw2ca5fo2zfyuwceczcmo4,did:plc:gl7xfcg22zzh23zpapbujvws,6,carlsincharge.bsky.social,colinbrady.bsky.social
did:plc:fufw2ca5fo2zfyuwceczcmo4,did:plc:habzvkjqgvnw7a3xv6s5qvsu,1,carlsincharge.bsky.social,dmmgetc.bsky.social
did:plc:fufw2ca5fo2zfyuwceczcmo4,did:plc:ks7tk3c5weofvotvizhdtewx,2,carlsincharge.bsky.social,alexincommunity.bsky.social
did:plc:fufw2ca5fo2zfyuwceczcmo4,did:plc:r75hy7lkaay466pi6tislogy,5,carlsincharge.bsky.social,brooklynbuckets.bsky.social
did:plc:fufw2ca5fo2zfyuwceczcmo4,did:plc:wj222j7j4agz3k4ikhxrbb4r,1,carlsincharge.bsky.social,ekoreen.bsky.social
did:plc:fulhmereoiyjqlostapxkgmc,did:plc:qqdqgzpqwyho4cxzso62m54q,1,theeruthie.bsky.social,juliedicaro.bsky.social
did:plc:fumrmvxo2jeoaugtpjskt35d,did:plc:t6rsaf6ze5uk7q2ojbyj4tzy,3,scentric.101010.pl.ap.brid.gy,blejamichal.mastodon.social.ap.brid.gy
did:plc:funh66t44lcu5cbf3lvi44xe,did:plc:bm2afp77vzodawc3sshxzvfk,1,challengeitfinchy.bsky.social,actualdanmccormack.bsky.social
did:plc:funh66t44lcu5cbf3lvi44xe,did:plc:if4n6vdin5rai4fswbx2727k,1,challengeitfinchy.bsky.social,brittrobson.bsky.social
did:plc:funh66t44lcu5cbf3lvi44xe,did:plc:r62qixbqqk4zqt6vdzc4x3up,3,challengeitfinchy.bsky.social,therealnbw.bsky.social
did:plc:futoomdh3dsumlq2cfqr3b6o,did:plc:e62gb2ushvtvjvqcbrxeaw2n,1,bartdurham.bsky.social,chrislhayes.bsky.social
did:plc:futwpiolvw7fpxwegzmgppwq,did:plc:stnds3lpe36fa2nb4msw42rg,1,mainerinflorida.bsky.social,honestlarry.bsky.social
did:plc:fv2v6kxjc6hcxrjkrs5ka7py,did:plc:22fudzaxnal4ddodzv2o6mwk,1,diaspora2022.bsky.social,jmcdonaldsa.bsky.social
did:plc:fvir4trmbwka2ufxo53jjn3h,did:plc:6jpqgc6d4tplxcioxuh7khmr,1,spindavies.bsky.social,jimowczarski.bsky.social
did:plc:fvir4trmbwka2ufxo53jjn3h,did:plc:u3g3rtwne4yypzk3w7m2mdfn,1,spindavies.bsky.social,bvielhaber.bsky.social
did:plc:fw2fn7adombm3nvhur5desrv,did:plc:jdbjvifsb427aklwimqwhqgf,1,gayjolsen.bsky.social,ulikejazzpod.bsky.social
did:plc:fwcj3l5cwtk27r4v5wqllpui,did:plc:fkpnckg4eqizwxmgrxrgwyxo,5,cubsnbears1685.bsky.social,philiprr.bsky.social
did:plc:fx5nrakvwjalvhihtirvnsw5,did:plc:luofuy2uw7g4vsd2vbwidtel,2,jaspnes.bsky.social,keithsmithnba.bsky.social
did:plc:fxhd2qwzaz5fkpks6pua6lpg,did:plc:b2kutgxqlltwc6lhs724cfwr,1,jomolungma.bsky.social,theathletic.com
did:plc:fxj4bu6nocauhlkn3yhhbeqw,did:plc:wadkk6rv4byucqr6tupmfjbu,1,ita99.bsky.social,kimberjohnson.bsky.social
did:plc:fxoqrhuetri2zb3o3iu6obrc,did:plc:nlaj47kuj7s53grrhhbp3lky,1,samlv4.bsky.social,tracymakris.bsky.social
did:plc:fxpg4lppj4cyxyd7jkr4zxjs,did:plc:cyflytcyyyhawlrnnwiv25nd,1,gingertamer.bsky.social,btoporek.bsky.social
did:plc:fxsyc3fr2hgdxeoia6odor4r,did:plc:e62gb2ushvtvjvqcbrxeaw2n,1,reclaimingchris.bsky.social,chrislhayes.bsky.social
did:plc:fxu2tanwwsxcf5xm5d2us46i,did:plc:y3xahfdgzxpjsqogokmi43bt,1,mkbernard.bsky.social,blakemurphy.bsky.social
did:plc:fy2kgjg2tbwubrrlq3omuckm,did:plc:vtroe3vx43ypg55fs7kjbroi,1,anton-symeth.bsky.social,portlandmercury.com
did:plc:fyri2umm33ec4u3kru7x3jdq,did:plc:jbe67uj6cqbop63fcqjg23eg,1,1blackisekai.blacksky.app,joeythebonzo.bsky.social
did:plc:fyx2q2je4kz5s7ywffvh263k,did:plc:cmvhrwkvdp4teoiwa32tfccr,1,garyl45.bsky.social,nblindberg.bsky.social
did:plc:fz5gtdj2zwvje7amcmr4vxua,did:plc:rc5cdzk5poxhtpucvhrmlbdf,2,kylekaybee.bsky.social,flopfish.bsky.social
did:plc:fzcjvn6ixnlwkyihnuqcubo5,did:plc:b2kutgxqlltwc6lhs724cfwr,3,carlmucha.bsky.social,theathletic.com
did:plc:fzkf74vzree3sowuzjn2qmcs,did:plc:bumu6s332o24fppobse7j3ms,1,illpod.bsky.social,matttomic.bsky.social
did:plc:fzkno2pkuo5pqrwmnfcuzdgy,did:plc:s42iw2fbfmgsgh7hdtvvoaao,1,nadirzenith.bsky.social,hoopinformatics.bsky.social
did:plc:fzy5psbwt7myclvmno7nfrt6,did:plc:36ovml2uuovmc5hzzb433xgq,1,drewhamm5.bsky.social,vtben.bsky.social
did:plc:g27rurmv6lghnef6anajjonc,did:plc:ctsxweabtv4scsro4hty4ql5,1,dabigjoker.bsky.social,alleyezonme.bsky.social
did:plc:g2anugnxwxc75wlinoa7uo4t,did:plc:cyflytcyyyhawlrnnwiv25nd,1,yukonjohn.bsky.social,btoporek.bsky.social
did:plc:g2aq2tld5ukrbi7txlusrfel,did:plc:4xpj3xjxsxxcuh3ghaulzdqu,1,johngonzalez.bsky.social,yourmandevine.bsky.social
did:plc:g2aq2tld5ukrbi7txlusrfel,did:plc:kbbjml2lbzrleyxihcneiik2,1,johngonzalez.bsky.social,eugenebwhitaker.bsky.social
did:plc:g34gm5vnpgaddbs35mxk2lls,did:plc:6beluo5xgn65lmsf6x6xqq6x,1,pdxblake.bsky.social,billoram.bsky.social
did:plc:g3fvb2cxn4yxcq3rjd2llqv5,did:plc:kiqjcwhoc6a7uujm3ik7cb7h,1,davidaldridgedc.bsky.social,aussiedog.bsky.social
did:plc:g3fvb2cxn4yxcq3rjd2llqv5,did:plc:ov7yyu2taf5uzitjznhc2rto,1,davidaldridgedc.bsky.social,modakhilnba.bsky.social
did:plc:g3iyqo6lylwl7ilqbzi2tzeb,did:plc:luofuy2uw7g4vsd2vbwidtel,1,dgutt.bsky.social,keithsmithnba.bsky.social
did:plc:g3jn6vuok7egxf2zsn4itwl3,did:plc:t4i3a4fawuzge3dsw2i2h2fw,1,saveusfromfascism.bsky.social,markjacob.bsky.social
did:plc:g3lrmmvzzbmzenstar4rqxp5,did:plc:7sfnardo5xxznxc6esxc5ooe,1,dualwieldingdad.bsky.social,nba.com
did:plc:g3lrmmvzzbmzenstar4rqxp5,did:plc:no3z7ja36nwudki5jeyqpn5r,1,dualwieldingdad.bsky.social,kmaggs33.bsky.social
did:plc:g3lrmmvzzbmzenstar4rqxp5,did:plc:sa73fbx3vxzh2fw5pu5wmief,1,dualwieldingdad.bsky.social,shamsbot.bsky.social
did:plc:g3tywmmcz3nrltakvcvvrws5,did:plc:mfhbago3y3glkwuryqt3n444,2,ludixxx.bsky.social,trashtalkfr.bsky.social
did:plc:g45u5yjzuvvmzyn346dtlemj,did:plc:g62tajye723r3fa4gqw7l7ql,1,brianvan.bsky.social,pattymo.com
did:plc:g4nsj7zklnz5snvrwsudandt,did:plc:x4qyokjtdzgl7gmqhsw4ajqj,1,cowbellum.bsky.social,bencollins.bsky.social
did:plc:g4thrzljwcbaxontbrgqb5ko,did:plc:wllu3uivi6y3nrtjjtz2gpsk,1,barfsville.bsky.social,seangrandepbp.bsky.social
did:plc:g4vtll4kqgw6mjhnj37cp7z6,did:plc:aybotarrzwf3by4mhvtzyk5b,2,4rest4thetrees.bsky.social,benschleuss.bsky.social
did:plc:g4woxmzf4tmtaxuubj2aos62,did:plc:py7chfax4ftugpcpyj2binih,1,normcharlatan.bsky.social,christopherhine.bsky.social
did:plc:g4xma2z3wpxbqbd3latspawp,did:plc:f42o5b6peejt3umgghgne7ah,1,iamthebiggs.bsky.social,bdgiddens6.bsky.social
did:plc:g4ymahkyww3xcikvkvvrqmrc,did:plc:2m6fnqqirmfks5xakni7paqv,1,2strong2silence.bsky.social,gregpinelo.bsky.social
did:plc:g4ymahkyww3xcikvkvvrqmrc,did:plc:73kvkzlenq3kkopdvnjfpdbb,1,2strong2silence.bsky.social,fvehafric.bsky.social
did:plc:g5angc7s2b6e7ysz46kzupgv,did:plc:iunx5vwylsklglrg2gim6izb,1,moonm15.bsky.social,damonagnos.bsky.social
did:plc:g5ellwk6mbs74qsxulgdpdwk,did:plc:2i2l6t4uh4y7vahpn7hiqx3f,1,elisnativeplants.bsky.social,iztokfranko.bsky.social
did:plc:g5ls6rrz7j3qpoxcicwrmcko,did:plc:3xe2iqlcmlpivu7hzddsgsl4,1,oblid.bsky.social,swydan.bsky.social
did:plc:g5ls6rrz7j3qpoxcicwrmcko,did:plc:bhly5vionyd2owf642oomoze,1,oblid.bsky.social,rutegar.bsky.social
did:plc:g5ls6rrz7j3qpoxcicwrmcko,did:plc:dnxkqc6rsqossh7uhyobkeua,1,oblid.bsky.social,bobbykrivitsky.bsky.social
did:plc:g5ls6rrz7j3qpoxcicwrmcko,did:plc:fqsmj7o5mbb7n7oav2kkjuid,1,oblid.bsky.social,nbastat.bsky.social
did:plc:g5ls6rrz7j3qpoxcicwrmcko,did:plc:luofuy2uw7g4vsd2vbwidtel,2,oblid.bsky.social,keithsmithnba.bsky.social
did:plc:g5ls6rrz7j3qpoxcicwrmcko,did:plc:rsmvjpualofdjzd7vcxnocii,1,oblid.bsky.social,dyllima37.bsky.social
did:plc:g5ls6rrz7j3qpoxcicwrmcko,did:plc:tl7zik52r2snt66gru24c4w5,1,oblid.bsky.social,budrohlfing.bsky.social
did:plc:g5ls6rrz7j3qpoxcicwrmcko,did:plc:wllu3uivi6y3nrtjjtz2gpsk,1,oblid.bsky.social,seangrandepbp.bsky.social
did:plc:g5ouvlorvttrg32zlf5slwpe,did:plc:bmvk3suczvuw6mszso6on6ss,1,jurassicgear3k3.bsky.social,ageqned.bsky.social
did:plc:g5rkanay5oauifbbpx6omj4s,did:plc:rp7trk62kq2hae5y4pssmwcz,1,cebriggs.bsky.social,rkalland.bsky.social
did:plc:g5ylzsykbaluh534lumkp6iu,did:plc:gfrhewodxo6pdcmekgweejtc,1,syl2k.bsky.social,roberttroyross.bsky.social
did:plc:g6jpnnc2wynlxyr2bzw3sh4c,did:plc:7sfnardo5xxznxc6esxc5ooe,1,danj13.bsky.social,nba.com
did:plc:g6mt3pfovu2zv265yqybuiso,did:plc:b2kutgxqlltwc6lhs724cfwr,1,pmoehringer.bsky.social,theathletic.com
did:plc:g7a6qji72odgptnddtrkdchy,did:plc:mtjussencom43hjibp7qz265,1,mrbuckbucknba.bsky.social,drrtyd.bsky.social
did:plc:g7a6qji72odgptnddtrkdchy,did:plc:niupgkaq4mukoe63mxo3xm7r,1,mrbuckbucknba.bsky.social,37gene.bsky.social
did:plc:g7a6qji72odgptnddtrkdchy,did:plc:pdgveagcybvzfwa7qbcdifvn,3,mrbuckbucknba.bsky.social,cidmcdp.bsky.social
did:plc:g7a6qji72odgptnddtrkdchy,did:plc:uj3zyf2nlre7t5orkcukexi4,1,mrbuckbucknba.bsky.social,playest.bsky.social
did:plc:g7wz2kk3i42ojh7y3ec7gsti,did:plc:xyzeyymd5k2hu7tvbn6xa7yy,1,drjeanius.bsky.social,deucemason.bsky.social
did:plc:ga75l2t7trofoyfwqi4zwdls,did:plc:vgwy2b3rrcewfdazrkanjbg4,1,kn1feysp00ney.bsky.social,veryimportant.lawyer
did:plc:gagozqtmoixakhzqanoag6wb,did:plc:cyflytcyyyhawlrnnwiv25nd,2,acphila.bsky.social,btoporek.bsky.social
did:plc:gb3wkwzlzobqcrss3l2hi4lk,did:plc:luofuy2uw7g4vsd2vbwidtel,3,zdh87.bsky.social,keithsmithnba.bsky.social
did:plc:gbmebwse5b7yqtez6uzuzin4,did:plc:rlsv5mugeclxpt3aje4mztrp,1,mlazz.aus.social.ap.brid.gy,12thrits.mstdn.social.ap.brid.gy
did:plc:gbn272ueuqzmt4hezoihol4r,did:plc:7sfnardo5xxznxc6esxc5ooe,1,pimpcauldron.bsky.social,nba.com
did:plc:gbn272ueuqzmt4hezoihol4r,did:plc:fgpyya4en5thfmi6usrr3kvv,1,pimpcauldron.bsky.social,jasonkirk.fyi
did:plc:gbn272ueuqzmt4hezoihol4r,did:plc:sa73fbx3vxzh2fw5pu5wmief,1,pimpcauldron.bsky.social,shamsbot.bsky.social
did:plc:gbpa4qdhjuyqnjw47qrqtjd4,did:plc:k6jgbx7wc657rq2tzziyxhti,1,mrivasalvarez.bsky.social,tediosa-miss.bsky.social
did:plc:gbqg6xdusjtodg2elugvvgd3,did:plc:2q2ii242okggdmtcgfnuip7e,1,mikeferrin.bsky.social,brianrecca.bsky.social
did:plc:gbrbg43cupzoq47ytalcb75e,did:plc:6xavmse54akxck7wlul3k5d5,1,dbay1.bsky.social,fiveburger.bsky.social
did:plc:gbrrahrhim7pggkzoqkmrntr,did:plc:sr3kyv6fbmqnjmq5otfhchmf,1,tikatoo14.bsky.social,jerrymander6969.bsky.social
did:plc:gct5wla5gzn6iuvocy7adrar,did:plc:2g3p466mwex6cpt7pnlhi2eq,1,terencefox.bsky.social,johnmoe.bsky.social
did:plc:gcyzy7eh3xfowulmwlv4grtx,did:plc:f5nizvbsj32trgskgm5rpu4t,1,word-geek.bsky.social,gamedestroyer112.bsky.social
did:plc:gda4iajw57bkuzbpnt24x6vt,did:plc:veunk7acwr6z2kreaiywbw4u,1,andrewwmiller.com,joyouspanther.bsky.social
did:plc:gdaihxggchxcylraxgztzb6z,did:plc:vfojmjsozyiddsubys2gqk32,2,helloitsmechloe.bsky.social,loyalroyal.bsky.social
did:plc:gdlkb5kcnd7dcmuug42cu3ru,did:plc:aauzlzzvsle7whfbf5pdfemk,4,transgirlvania.tgirl.gay,coyotegirl.online
did:plc:gdov5tlrhyzecnwiibdeaupy,did:plc:6jpqgc6d4tplxcioxuh7khmr,1,eliotjavers.bsky.social,jimowczarski.bsky.social
did:plc:gdov5tlrhyzecnwiibdeaupy,did:plc:b6v54l7vnitivlnyqekh47xd,1,eliotjavers.bsky.social,tiwindisch.gspn.info
did:plc:gdp4ri23apfvdoje5y7yyvmv,did:plc:sdsjou7264rhydf7wzufvfqv,1,logan.hater.club,mchonger.bsky.social
did:plc:gdx3kbpj2x7xhvviwdopei4r,did:plc:oj5blc3orcaoahohplfbaoz2,1,petecroatto.bsky.social,msjnba.bsky.social
did:plc:gdxzwr3z4y5mxfv2zcqrp5ro,did:plc:ozrhqae34vzv6mso2hsym65i,2,pdog11.bsky.social,omarisankofa.bsky.social
did:plc:ge4rz5myegnezli4clxtqpo6,did:plc:bhdhzcuvh7hbvrhgfjzxcxqu,1,tookmywholeflavor.bsky.social,bendowsett.bsky.social
did:plc:ge4rz5myegnezli4clxtqpo6,did:plc:lxicgzndy5flqlp6wlutv4u5,1,tookmywholeflavor.bsky.social,oldkingsfan.bsky.social
did:plc:ge4rz5myegnezli4clxtqpo6,did:plc:zhut4cqffjxwyxb3d4hnp7l3,1,tookmywholeflavor.bsky.social,ortuttnauer.com
did:plc:gecgnpvd4t4ag5j3pj5wioea,did:plc:vcumvue2gcsxexermtdg6cr7,1,heyitscedric.bsky.social,tommybeernba.bsky.social
did:plc:gegz7trkelhhopcoh25a2xii,did:plc:fgpyya4en5thfmi6usrr3kvv,1,jelanijones.bsky.social,jasonkirk.fyi
did:plc:geozyv62fx63m7jhr4eraubc,did:plc:nvflwun6ztxyktjsoue3cmva,1,alilleybrinker.com,myrrlyn.net
did:plc:geqqrfphspraqykb5m7wcjq4,did:plc:mlsfelf7wfpbwn3mcrzzmr3m,1,ynosleon.bsky.social,jdm2.bsky.social
did:plc:get3qngay6pj74y2jrgfxsn3,did:plc:u3ehlowkbpz7m6luyvyoshmd,1,notskinnyortall.bsky.social,blindmanbaldwin.bsky.social
did:plc:gfie6ub4odtuvcfiqikr36jf,did:plc:sa73fbx3vxzh2fw5pu5wmief,1,lhawley3283.bsky.social,shamsbot.bsky.social
did:plc:gflrqk3hd2emsjxgfqlibkcz,did:plc:luofuy2uw7g4vsd2vbwidtel,1,kibner.bsky.social,keithsmithnba.bsky.social
did:plc:gftt5avhyabvononi5umbdzc,did:plc:7sfnardo5xxznxc6esxc5ooe,1,kph.bsky.social,nba.com
did:plc:gfuwegvpfqhjng7awa4t67nx,did:plc:sa73fbx3vxzh2fw5pu5wmief,1,ecto1vlad.bsky.social,shamsbot.bsky.social
did:plc:gg3jkpdxtya3kxhdfdfupmew,did:plc:26375peygwnrijoepmy2fdcs,1,tomc360.bsky.social,washingtonstatestandard.com
did:plc:ggibrwvfmu7ehddn62m2lppu,did:plc:3xe2iqlcmlpivu7hzddsgsl4,1,dangercart.bsky.social,swydan.bsky.social
did:plc:ggibrwvfmu7ehddn62m2lppu,did:plc:56twtcm6aa4wcfl7k3dwtahu,1,dangercart.bsky.social,tommulherin.bsky.social
did:plc:ggibrwvfmu7ehddn62m2lppu,did:plc:bhdhzcuvh7hbvrhgfjzxcxqu,1,dangercart.bsky.social,bendowsett.bsky.social
did:plc:ggibrwvfmu7ehddn62m2lppu,did:plc:cyflytcyyyhawlrnnwiv25nd,5,dangercart.bsky.social,btoporek.bsky.social
did:plc:ggibrwvfmu7ehddn62m2lppu,did:plc:dgivipsubywryd3pjggdyawm,2,dangercart.bsky.social,markrussellpereira.bsky.social
did:plc:ggibrwvfmu7ehddn62m2lppu,did:plc:dhqamkjurqklgrgsgehwmnmq,1,dangercart.bsky.social,benalterman.com
did:plc:ggibrwvfmu7ehddn62m2lppu,did:plc:f3p4t6axzxztgniq3nkm37wo,1,dangercart.bsky.social,rikleen.bsky.social
did:plc:ggibrwvfmu7ehddn62m2lppu,did:plc:hkaob3fbhbvgftawblhywuho,1,dangercart.bsky.social,markbergeron.bsky.social
did:plc:ggibrwvfmu7ehddn62m2lppu,did:plc:xbud7mieyik6kql4kqrawvoc,2,dangercart.bsky.social,joecochran.bsky.social
did:plc:ggjonthpau6xfjpqkf2hp4e5,did:plc:2aqzfj64bnietgpkvcdvys6p,1,gabekn.bsky.social,ademare.bsky.social
did:plc:ggkmukeghkb7sfd7dxr34woq,did:plc:e62gb2ushvtvjvqcbrxeaw2n,1,chill708.bsky.social,chrislhayes.bsky.social
did:plc:ggufmrfmiy7sqk7a2ehcw3of,did:plc:b2kutgxqlltwc6lhs724cfwr,1,trevorsmith.bsky.social,theathletic.com
did:plc:ghdbl7l5rmv4qsskgifvrm7o,did:plc:7s4zluw3gkj7xqjrpe2pybeq,1,chriscampy.bsky.social,mrhamburgerbuns.bsky.social
did:plc:ghdbl7l5rmv4qsskgifvrm7o,did:plc:y3dvjnlgnytjs5p6h7b33y6f,1,chriscampy.bsky.social,bostonjerry.bsky.social
did:plc:ghh2d63ffy3xnltyvorleuon,did:plc:6k7zfvrnus4vjjtnh6xl6hmb,1,eric2718.bsky.social,mikenordson.bsky.social
did:plc:ghh2d63ffy3xnltyvorleuon,did:plc:bm3izwxbljeuvowixm27nbc7,1,eric2718.bsky.social,bkjax8.bsky.social
did:plc:ghh2d63ffy3xnltyvorleuon,did:plc:pq62cvmtjkdvrq3wqa52j7dl,1,eric2718.bsky.social,kastronut.bsky.social
did:plc:ghhbhq37iedgrhszokhetih5,did:plc:6jpqgc6d4tplxcioxuh7khmr,1,kevanhayden.bsky.social,jimowczarski.bsky.social
did:plc:gi5zszealspqovtblzq7yihe,did:plc:fqsmj7o5mbb7n7oav2kkjuid,1,michelobius.bsky.social,nbastat.bsky.social
did:plc:gi5zszealspqovtblzq7yihe,did:plc:waekfwabp6s6e546dozi5ryy,1,michelobius.bsky.social,stanthony-edwards.bsky.social
did:plc:gi7ng7dkxj6hmaxbqztgt72g,did:plc:sa73fbx3vxzh2fw5pu5wmief,1,scramblinman.bsky.social,shamsbot.bsky.social
did:plc:gi7reyxarwcu5ww7yxfu65rt,did:plc:kh3yx2swgm3ofzudkxqoofaz,1,notthatmilo.bsky.social,jbralston.bsky.social
did:plc:gievnoqys7maiwmjny5djzlw,did:plc:gt3unljcqhimumy5zgosk3gv,1,refuseresist2.bsky.social,davidbix.bsky.social
did:plc:giibavf4orjir42ogfoyj2a6,did:plc:cwqp26rx7z6h76g6lo2ykbjk,1,patfenis.bsky.social,gwiss.bsky.social
did:plc:giip3jr2xysgzgcexh3h2ygz,did:plc:dvdbqa7codwjuphyg5foycud,1,c0mm13ba5tard.bsky.social,rureal.bsky.social
did:plc:giirigjzzmbb67niwsijyknr,did:plc:b2kutgxqlltwc6lhs724cfwr,1,aiedelman.bsky.social,theathletic.com
did:plc:giiw54a5yvesfrwsnavsa2lm,did:plc:luofuy2uw7g4vsd2vbwidtel,2,afertig.bsky.social,keithsmithnba.bsky.social
did:plc:gj46s4jnba7kooldzpxoxjen,did:plc:kwlvdsth3xvfq7rmtm22ch45,3,gabrielneises.bsky.social,roguestardust.bsky.social
did:plc:gj46s4jnba7kooldzpxoxjen,did:plc:niws4datih6dforyd7y22km4,1,gabrielneises.bsky.social,sfchronicle.com
did:plc:gj46s4jnba7kooldzpxoxjen,did:plc:oj5blc3orcaoahohplfbaoz2,1,gabrielneises.bsky.social,msjnba.bsky.social
did:plc:gj7a4uosy3e5tqqgreq62rgo,did:plc:75i2tj6qkwbhjdiuyoxgizfk,1,tomakafiresandwich.bsky.social,kingevangelo.blacksky.app
did:plc:gj7a4uosy3e5tqqgreq62rgo,did:plc:brfzbobscsvd42iarcuyd7m7,1,tomakafiresandwich.bsky.social,saxsa.bsky.social
did:plc:gj7a4uosy3e5tqqgreq62rgo,did:plc:i6do4inruuxdv7p4sit6wnyn,1,tomakafiresandwich.bsky.social,danshafer.bsky.social
did:plc:gj7a4uosy3e5tqqgreq62rgo,did:plc:ofc2wjhhi2r63yf2vdh5bu7e,1,tomakafiresandwich.bsky.social,eyetwitch.bsky.social
did:plc:gj7a4uosy3e5tqqgreq62rgo,did:plc:sa73fbx3vxzh2fw5pu5wmief,1,tomakafiresandwich.bsky.social,shamsbot.bsky.social
did:plc:gj7a4uosy3e5tqqgreq62rgo,did:plc:spdyict2dzxte7kmwuehxbfo,1,tomakafiresandwich.bsky.social,caseyjarman.bsky.social
did:plc:gj7a4uosy3e5tqqgreq62rgo,did:plc:t7ojhsiy5cywzjjdvzq5pxjc,1,tomakafiresandwich.bsky.social,therealbradbabs.bsky.social
did:plc:gjglvchjzxmnv6mefn6agaka,did:plc:6ouqw3agrcudn733au3xg5iv,1,eminence-grise.bsky.social,twsnsports.bsky.social
did:plc:gjj5etcjvnf4nxceakasqngf,did:plc:nk756gkpj52ryc6gaorkvctp,1,jaycaron.bsky.social,nbacobwebs.bsky.social
did:plc:gjonro5eibhua6y75gt7qpjt,did:plc:26375peygwnrijoepmy2fdcs,2,rizzlerhoads.bsky.social,washingtonstatestandard.com
did:plc:gjtijag3uizrhsq7f755jasc,did:plc:yaxysnurlgxh5uytadl66yvn,1,burlacious-m.bsky.social,ripcitykeith.bsky.social
did:plc:gjwzpjqrolgnm5xnovjv7d63,did:plc:qhwvhai54ruidpllmklssvlt,1,weftage.bsky.social,jmichaelmull.bsky.social
did:plc:gkcy2jf4lzl7rhegsk5sgpdg,did:plc:lk3ligc5pwx7nkv3a5amntsn,1,j-kovacs.bsky.social,will-z-stats.bsky.social
did:plc:gkmmhoqhyfd46slchfgggptl,did:plc:cyflytcyyyhawlrnnwiv25nd,1,qxmmm44.bsky.social,btoporek.bsky.social
did:plc:gkuvdmlfx3yppbly6b3phjt3,did:plc:jxpcdjq45e4e3izvobsuoyl4,1,tieflingkisser.bsky.social,gibiz.bsky.social
did:plc:gkxebxu677w7bi4cw3oymyrt,did:plc:l32rftojot3etfw3pfsssy5y,3,eugenioqf.bsky.social,sextohombre.com
did:plc:gkxebxu677w7bi4cw3oymyrt,did:plc:rvze3orwxmlworrhidtfyve4,1,eugenioqf.bsky.social,carballudo.bsky.social
did:plc:gky42h3nezunzn73xhry3o4m,did:plc:2ufp6rz3xoexzw7s3dgfnbbt,1,yoyoyowax.bsky.social,meninblazers.bsky.social
did:plc:gl7xfcg22zzh23zpapbujvws,did:plc:5jb2734ccyccx6a3hjjuzhrr,1,colinbrady.bsky.social,kleinman.bsky.social
did:plc:gl7xfcg22zzh23zpapbujvws,did:plc:75fudvceqwzcnuhmuhxop6hx,2,colinbrady.bsky.social,rogower.bsky.social
did:plc:gl7xfcg22zzh23zpapbujvws,did:plc:baqegknyonql3dppy43lqaeg,1,colinbrady.bsky.social,harrisongrimm.bsky.social
did:plc:gl7xfcg22zzh23zpapbujvws,did:plc:clzyzegv3j4pwwap2ujj3qxd,1,colinbrady.bsky.social,gerardhimself.bsky.social
did:plc:gl7xfcg22zzh23zpapbujvws,did:plc:e3ktrbooe3mildj4hhwhsvtc,1,colinbrady.bsky.social,mikeascotto.bsky.social
did:plc:gl7xfcg22zzh23zpapbujvws,did:plc:fufw2ca5fo2zfyuwceczcmo4,5,colinbrady.bsky.social,carlsincharge.bsky.social
did:plc:gl7xfcg22zzh23zpapbujvws,did:plc:g7a6qji72odgptnddtrkdchy,3,colinbrady.bsky.social,mrbuckbucknba.bsky.social
did:plc:gl7xfcg22zzh23zpapbujvws,did:plc:habzvkjqgvnw7a3xv6s5qvsu,1,colinbrady.bsky.social,dmmgetc.bsky.social
did:plc:gl7xfcg22zzh23zpapbujvws,did:plc:ks7tk3c5weofvotvizhdtewx,1,colinbrady.bsky.social,alexincommunity.bsky.social
did:plc:gl7xfcg22zzh23zpapbujvws,did:plc:kvf6pnfrtgek6jqlkpqhgacv,2,colinbrady.bsky.social,yossigozlan.bsky.social
did:plc:gl7xfcg22zzh23zpapbujvws,did:plc:r75hy7lkaay466pi6tislogy,3,colinbrady.bsky.social,brooklynbuckets.bsky.social
did:plc:glavptcr5c5iijtvtuojcgwg,did:plc:26375peygwnrijoepmy2fdcs,1,dawnmaki.bsky.social,washingtonstatestandard.com
did:plc:gliszc5vuu2hkjvhuk2iuo5b,did:plc:ra4oy3ibhnmfd5li4wmkg763,2,eliastheguyas.bsky.social,animejay.blacksky.app
did:plc:gllpymprbdcwfc7ao2wpvkln,did:plc:vxnpwmgirkiarxplagqjqfiy,1,dougg.bsky.social,publicpolicyman.bsky.social
did:plc:glmxe4fbzv5zu4vblv7hnh4b,did:plc:2py26y2vffajxu6uexbfbyg4,1,marlaef.bsky.social,mitchellnba.bsky.social
did:plc:glmxe4fbzv5zu4vblv7hnh4b,did:plc:6jpqgc6d4tplxcioxuh7khmr,1,marlaef.bsky.social,jimowczarski.bsky.social
did:plc:glmxe4fbzv5zu4vblv7hnh4b,did:plc:b6v54l7vnitivlnyqekh47xd,1,marlaef.bsky.social,tiwindisch.gspn.info
did:plc:glmxe4fbzv5zu4vblv7hnh4b,did:plc:jpnthlnrxuvpq6shn6yxleaa,1,marlaef.bsky.social,mebartl8.bsky.social
did:plc:glmxe4fbzv5zu4vblv7hnh4b,did:plc:nampyfcyxub6yd7mmssl5vgo,1,marlaef.bsky.social,airhorns4ever.bsky.social
did:plc:glmxe4fbzv5zu4vblv7hnh4b,did:plc:o5eoougcmfzuwshkcelwg47m,1,marlaef.bsky.social,vkinwi.bsky.social
did:plc:glmxe4fbzv5zu4vblv7hnh4b,did:plc:oslte2he75ktffyqbbdgisaa,1,marlaef.bsky.social,parkerbs.bsky.social
did:plc:glmxe4fbzv5zu4vblv7hnh4b,did:plc:vmtlkv7p57squck3uvuvjgyz,1,marlaef.bsky.social,chaneysystems.bsky.social
did:plc:glmxe4fbzv5zu4vblv7hnh4b,did:plc:vuo5cghonwmfblp2khoojsrl,1,marlaef.bsky.social,nickyclamps.bsky.social
did:plc:glmxe4fbzv5zu4vblv7hnh4b,did:plc:vynl6il44o4q7zjaudjtbiqn,1,marlaef.bsky.social,ptros.bsky.social
did:plc:glmxe4fbzv5zu4vblv7hnh4b,did:plc:xg7tzhghgguhits7ew4guuft,1,marlaef.bsky.social,intangble.bsky.social
did:plc:glw4kopiganz5wk3jarjrpuy,did:plc:e3ktrbooe3mildj4hhwhsvtc,1,jk12955.bsky.social,mikeascotto.bsky.social
did:plc:glzswtys76rval5dnwcddqc2,did:plc:5dwbpojkp6wykwcafasvwroi,1,cougzilla.bsky.social,daltonjohnson.bsky.social
did:plc:gm3dj4rwdlluuu7w5vps5wh7,did:plc:vm3iepy54hjyq3tnrnc5xje4,1,jclillig2.bsky.social,rogersparkman.bsky.social
did:plc:gm4wvp5yyr4xtyssdgmppwvy,did:plc:crcybmshorvvegmbkp5rvgjv,3,luouxmont.bsky.social,nbcswarriors.bsky.social
did:plc:gmji3jwvvq3lk45jimzqs2af,did:plc:wm35u7fkhms5jkzskci6je5a,1,tedhoffman.bsky.social,jeremyrutherford.bsky.social
did:plc:gnao37hgqvjckfjgnso5in7m,did:plc:fgpyya4en5thfmi6usrr3kvv,1,vonfunkenstein.bsky.social,jasonkirk.fyi
did:plc:gnao37hgqvjckfjgnso5in7m,did:plc:s6jqsvwdxf56bq5vh7zo4dmq,1,vonfunkenstein.bsky.social,confirmedshoot.latenightgrin.com
did:plc:gngfbxrvror5t4fpadw6y3jz,did:plc:niws4datih6dforyd7y22km4,1,gregglade.bsky.social,sfchronicle.com
did:plc:gnoqbablz3i3vz5h4gk7wmgq,did:plc:j24jtz7xkt5ttdsk32mmpkvn,1,jsrnyc.bsky.social,johnhollinger.bsky.social
did:plc:gnpqymp3vq6cjuh3oaijskde,did:plc:5nu4bbj7w3him3zi2sot76cm,1,bradbell22.bsky.social,danlucero.bsky.social
did:plc:gnpxrwvrdok5wf6ctge42sml,did:plc:s3wkielinop5mddigop3vsxs,1,damonkimble.bsky.social,mikerosemn.bsky.social
did:plc:gp25yz7ikmupuq3sy2pixfe4,did:plc:fgpyya4en5thfmi6usrr3kvv,1,flytyingguy.bsky.social,jasonkirk.fyi
did:plc:gpeuaxhofz2u5zuftro4k6uv,did:plc:vfutz6zl3mpx2oyczksscpsy,1,gamesmaster5555.bsky.social,vgmuseum.bsky.social
did:plc:gpfh2unm6jlr6qevxpq45tjd,did:plc:be6dcfwqsl2sghgc7qnny3mx,1,vilissathompson.bsky.social,bloodthreadshears.bsky.social
did:plc:gpfh2unm6jlr6qevxpq45tjd,did:plc:uclondubjjrducdtaiemaq3i,2,vilissathompson.bsky.social,jentrification.com
did:plc:gpj6h2vrw4gbecrzsxj33e2q,did:plc:ynmjqdz42h4daah3rpxncyyi,1,kidphantasm.bsky.social,knicksrealthreads.bsky.social
did:plc:gpqzqh3rbamgt7obreo6msjc,did:plc:2apohx2tdagf752komnr5bmi,1,sileem.rip,tjay56.bsky.social
did:plc:gpwsn2saxpxl27f226wel3zg,did:plc:b2kutgxqlltwc6lhs724cfwr,1,nis1.bsky.social,theathletic.com
did:plc:gpwsn2saxpxl27f226wel3zg,did:plc:sskboyevrvghclhrrgpttls5,1,nis1.bsky.social,ericapricot.bsky.social
did:plc:gpwsn2saxpxl27f226wel3zg,did:plc:wbpjhdry2la6ozeiqrdmpmms,1,nis1.bsky.social,kpelton.bsky.social
did:plc:gq2avbckpxsxse3fdv3oikvt,did:plc:luofuy2uw7g4vsd2vbwidtel,1,menright01.bsky.social,keithsmithnba.bsky.social
did:plc:gq2avbckpxsxse3fdv3oikvt,did:plc:natglytz2yjptlzsrl7r656m,1,menright01.bsky.social,tomwesterholm.bsky.social
did:plc:gqlbimtv3gofgkh27afif6d3,did:plc:sa73fbx3vxzh2fw5pu5wmief,2,kevinkoski.bsky.social,shamsbot.bsky.social
did:plc:gqvwzxmp4hfuxjx7f57om6m3,did:plc:sa73fbx3vxzh2fw5pu5wmief,1,loarider.bsky.social,shamsbot.bsky.social
did:plc:gr45g2umkfunyihax2kqko4g,did:plc:ank6pz6hhgvrtmwg7rmmw4fo,1,johnheaner.bsky.social,sltrib.com
did:plc:gr4daz6qrh7fswoo2rqnjaof,did:plc:i272bxbqziwvgjash3e33ogh,1,stpaultim.bsky.social,anjinyquist.bsky.social
did:plc:gr4daz6qrh7fswoo2rqnjaof,did:plc:p3otcpk3sgdhxdt5x57xzp76,1,stpaultim.bsky.social,mn-snow-show.bsky.social
did:plc:gr5tng4tayakidibpidhojyo,did:plc:sa73fbx3vxzh2fw5pu5wmief,1,blackice414.bsky.social,shamsbot.bsky.social
did:plc:grgu5kzzgrftvzfmhi32fv7m,did:plc:4qvo7i5qhu73nn24paiss574,1,kellylmiller.bsky.social,artmoreorless.bsky.social
did:plc:grpdtz5fvupqvgu4pqdtu4mr,did:plc:6z5ukven6blrpxpqda4az7wq,1,rockwellkirk.bsky.social,tallskinnyben.bsky.social
did:plc:grz42zf7hdvtswxikodikq24,did:plc:fjiupdolgwv45olxgrqgfhjk,1,bitterature.bsky.social,tressiemcphd.bsky.social
did:plc:gs7qcf6yc544lcuxycm4pxv4,did:plc:b2kutgxqlltwc6lhs724cfwr,1,bartdogfuck.bsky.social,theathletic.com
did:plc:gsdbletzzmq6uuiucrz2pbgu,did:plc:7npbc7vfj4vhpcgsaqqqufcn,1,buckarooholiday.bsky.social,bendubose.bsky.social
did:plc:gsfdnz3zc2bgwjh6qcr2gnsh,did:plc:sqsebf74ufxobt5b6oqg4qiw,1,work2ski.bsky.social,jamesnicholsnhl.bsky.social
did:plc:gshzbca47xtfbcqw6zggyufk,did:plc:lh64i2yb4nyl4u7ztpmvpufv,1,danmolloy.bsky.social,drewpowell123.bsky.social
did:plc:gsmeir2mmmj2fvbxzsqxxd5a,did:plc:7sfnardo5xxznxc6esxc5ooe,1,jay-baller-reborn.bsky.social,nba.com
did:plc:gsmeir2mmmj2fvbxzsqxxd5a,did:plc:cs25kdpmze7bbyxbjxomvjk3,1,jay-baller-reborn.bsky.social,onlypadres.bsky.social
did:plc:gsmeir2mmmj2fvbxzsqxxd5a,did:plc:sa73fbx3vxzh2fw5pu5wmief,1,jay-baller-reborn.bsky.social,shamsbot.bsky.social
did:plc:gsmeir2mmmj2fvbxzsqxxd5a,did:plc:zszhodstsfd52kapkjnaen5m,2,jay-baller-reborn.bsky.social,londonbjohnson.bsky.social
did:plc:gsmeir2mmmj2fvbxzsqxxd5a,did:plc:zvgi4eon2fvlemnmaqnmayuk,1,jay-baller-reborn.bsky.social,johnkaralis.com
did:plc:gsp6ruxysql6usrtbs5cbepd,did:plc:3kfqfbhhbp64oaixubs4qusw,2,hakman70.bsky.social,itswanda.bsky.social
did:plc:gsvudcxmowojfvmhb2o5cpyh,did:plc:a67zdrt4nl2tv2qojpngogbq,1,sigamagaw.bsky.social,apnews.com
did:plc:gt3unljcqhimumy5zgosk3gv,did:plc:2msyqncztbbz2vszcb3luinm,1,davidbix.bsky.social,misterjayem.bsky.social
did:plc:gtma2f4cb3cduquz6bi5rjdu,did:plc:26375peygwnrijoepmy2fdcs,1,zelledog.bsky.social,washingtonstatestandard.com
did:plc:gtmcz53ywsepweilh2t3vrtl,did:plc:t4hxhxqyioobjim3t6u6dc4r,1,ejcabasal.bsky.social,drewunga.bsky.social
did:plc:gtn5iu5fjms3cdyqfhvawz3o,did:plc:b2kutgxqlltwc6lhs724cfwr,1,youenjoymypost.bsky.social,theathletic.com
did:plc:gtsjztpewt6ehslqzmoqwtz5,did:plc:b2kutgxqlltwc6lhs724cfwr,1,alefyei.bsky.social,theathletic.com
did:plc:gtsjztpewt6ehslqzmoqwtz5,did:plc:lezy2ipafyzql7z46nizrtmc,1,alefyei.bsky.social,wh6785.bsky.social
did:plc:gtsjztpewt6ehslqzmoqwtz5,did:plc:lyrhzsfcnpthqs3t5ks6pqzv,1,alefyei.bsky.social,marcjspears.bsky.social
did:plc:gtsjztpewt6ehslqzmoqwtz5,did:plc:zazcjahlcb3jfrhcriq7xpn7,2,alefyei.bsky.social,tsnofficial.bsky.social
did:plc:gtvkr2yjivrnl2imvpxpjhjt,did:plc:26375peygwnrijoepmy2fdcs,1,forcemanure.bsky.social,washingtonstatestandard.com
did:plc:gtvulazwspc2i664ykbwbeiv,did:plc:sa73fbx3vxzh2fw5pu5wmief,1,gootycoon.bsky.social,shamsbot.bsky.social
did:plc:gu3xjint3jkignzrljz2rtlb,did:plc:q4qnywdm5eso5j4zfzeljx2w,1,gilmorelion.bsky.social,drakeduck.bsky.social
did:plc:gu4u6giqwrerdvaohrtwfv3q,did:plc:6omlan6gkggao24ycmebwsbm,1,therealhrdlicka.bsky.social,craigneedles.bsky.social
did:plc:gu4u6giqwrerdvaohrtwfv3q,did:plc:cwqp26rx7z6h76g6lo2ykbjk,1,therealhrdlicka.bsky.social,gwiss.bsky.social
did:plc:gu4u6giqwrerdvaohrtwfv3q,did:plc:mswxkrqeqopbfegnmo4uhhjt,1,therealhrdlicka.bsky.social,grizzrhys.bsky.social
did:plc:gu7c35h3m6noykehn2q5uh6l,did:plc:4xaad7thmc4uqdhefbq6vizm,1,cr-nova.bsky.social,johnbull.wtf
did:plc:gu7c35h3m6noykehn2q5uh6l,did:plc:7sfnardo5xxznxc6esxc5ooe,1,cr-nova.bsky.social,nba.com
did:plc:gubxpc7lxgrt5juadfh53mxg,did:plc:ivp3fax4npthatynw3aqtwrf,1,johnnypostbadd.bsky.social,ahamm.bsky.social
did:plc:gubyasv4s5mlq22j43okr3wb,did:plc:lldgxx4auj7zsd2fp4hbory3,2,imsokb24.bsky.social,markjonesespn.bsky.social
did:plc:gucudlmk23hf3rjdkvz4nezb,did:plc:er4x5loskarnsx5yjvvnsa35,1,weiko.es,mellamopersona.aldea.social
did:plc:gvacbaie7ekis3i4eemakhrf,did:plc:2emupgm6taztttxwrjk4qk22,1,thecartine.bsky.social,1robgunther.bsky.social
did:plc:gvucvl34teur2guahl35z655,did:plc:2rgjhxyg2uiqthppcuxilx63,1,spiralking101.bsky.social,cythehknbafan.bsky.social
did:plc:gvucvl34teur2guahl35z655,did:plc:paf4vetn26bu7uggsie3vyrc,1,spiralking101.bsky.social,lawmurraythenu.bsky.social
did:plc:gw76eaybijdoizb6mwhi45k3,did:plc:46pz2orczi2g57d4lfxulq5n,2,tfletch2.bsky.social,playitleolubber.bsky.social
did:plc:gw76eaybijdoizb6mwhi45k3,did:plc:53z2ka6u4w2vtrmk3x6vg4t5,1,tfletch2.bsky.social,thenumbproject.bsky.social
did:plc:gw76eaybijdoizb6mwhi45k3,did:plc:zzvyx5nsscf23fso2rcvtd5a,1,tfletch2.bsky.social,roadwashisend.bsky.social
did:plc:gwv7uwydksx4jsyftbhxoifo,did:plc:wp6oep3l55j76cnpvn5uased,1,expatpgh.bsky.social,lindseyadler.bsky.social
did:plc:gwy5ynkmq2tdos6lxqhyov3c,did:plc:dz7swnlgzjnxehyud3654vqd,1,krisve.bsky.social,janecoaston.bsky.social
did:plc:gwy5ynkmq2tdos6lxqhyov3c,did:plc:e62gb2ushvtvjvqcbrxeaw2n,1,krisve.bsky.social,chrislhayes.bsky.social
did:plc:gx3mrnjrgkxmyugbjehoxxy3,did:plc:2gmiwkh2bwbxacews3nihtfg,1,purplenurple.bsky.social,paqdaddy.bsky.social
did:plc:gxaubyxt27b6goeuytqxa7lg,did:plc:l6xwbtxrxyd3evn5n5dqs4c3,2,zeldeiro.bsky.social,hagito11.bsky.social
did:plc:gxaubyxt27b6goeuytqxa7lg,did:plc:xmhpcplzgwoswhfzlnezkn6q,1,zeldeiro.bsky.social,danimilkyart.bsky.social
did:plc:gxbshd27pcrkdaxhpotleezn,did:plc:yrjc2d3svduz2emcm3b3leme,1,mikeinindiana.bsky.social,scottadamson1960.bsky.social
did:plc:gxinjzvrybaqtfsqz4murwwg,did:plc:znkwuulce24gbin4gtohxfow,1,briemybestself.bsky.social,jessicalfarrell.bsky.social
did:plc:gxiz74dnfudbpdlbqclmqsf3,did:plc:cmbfgddrx6ryytozlpbmp54t,1,brian215.bsky.social,sixersnba.bsky.social
did:plc:gxqa5n55d2ghmxco6ewaolgy,did:plc:e62gb2ushvtvjvqcbrxeaw2n,1,kcrhetor.bsky.social,chrislhayes.bsky.social
did:plc:gxqdziryt5at2z5r37qfhhmy,did:plc:rvqnjzvqqkjj47sow523lyvm,1,labeautenoire3.bsky.social,percivalpenman.bsky.social
did:plc:gxvdlhqwfpt6py3yaqjq23ud,did:plc:cbtoiyqupgu2mcqlex7hve6a,1,abh93.bsky.social,aklingus.bsky.social
did:plc:gxwm22guynwytzwkxvefgwin,did:plc:tbgr6bfe6zghabqsk5qurirb,1,chrishill.bsky.social,middaughsome.bsky.social
did:plc:gxx7ic2l3mom356vuilx3fwj,did:plc:b2kutgxqlltwc6lhs724cfwr,1,wifiswiper.bsky.social,theathletic.com
did:plc:gxx7xoc6nkciavo2cb4lead6,did:plc:h46tqhjhcy3oxujum2g4bvzz,1,thinkmooinc.bsky.social,coolguy.party
did:plc:gxx7xoc6nkciavo2cb4lead6,did:plc:jk7ppxa3cgo6lbkjfgblepbn,3,thinkmooinc.bsky.social,humblecore.bsky.social
did:plc:gycsu6vkxc6awiwrr5hskoew,did:plc:txzobkvgnakv2tjha4jwlqhk,1,herm.bsky.social,mjstedy.bsky.social
did:plc:gyetb2wrv2fyocpnnxxfapgy,did:plc:2fil3vrrymlpa5uspsfgo37i,1,podmanietzsche.bsky.social,justinanumudu.bsky.social
did:plc:gyqkmuwdxmdtogtqdbnz6gwp,did:plc:mvowdz3jg5yopr5u24xzur7q,1,gfunksupreme.bsky.social,buttersbc.bsky.social
did:plc:gyqkmuwdxmdtogtqdbnz6gwp,did:plc:tuezgllkro3n37ymvm6f3gta,1,gfunksupreme.bsky.social,moonbar.bsky.social
did:plc:gytyuaodsolx7amahcvjjxyr,did:plc:wovvsa3c7xieerny5plpo6z2,1,ryanabt.bsky.social,joestieb.bsky.social
did:plc:gz6iy3uhzbv43ccwiyjpq7k2,did:plc:aobokg6n2yna2rop773p4ncr,2,alyj3.bsky.social,thirdnline.bsky.social
did:plc:gzeacyv5kejszaajbexbkxql,did:plc:5jb2734ccyccx6a3hjjuzhrr,1,jasonhindle.bsky.social,kleinman.bsky.social
did:plc:gzlnznwjxzo2n763qufn2kig,did:plc:6yldqhxynki4isg36iszsvr3,1,beetdiggers24.bsky.social,profootballtalk.bsky.social
did:plc:h24ewdxpcyiaft637uujiyxm,did:plc:4fgb7z3jxofbrhrqixp3hu7t,1,kujhawk90.bsky.social,nightowlcardz.bsky.social
did:plc:h24tv5tuzuzqemunsbx7v6fs,did:plc:bvn5oncrh2mie4nxuzbiqjmi,1,otterscholar.bsky.social,juliapoe.bsky.social
did:plc:h24tv5tuzuzqemunsbx7v6fs,did:plc:bzy5rjjduvvkxno5xe3evl3f,1,otterscholar.bsky.social,lollardfish.bsky.social
did:plc:h2a5kxu5vmu6xcdlzadnhw4y,did:plc:6jpqgc6d4tplxcioxuh7khmr,1,btothed.bsky.social,jimowczarski.bsky.social
did:plc:h2a5kxu5vmu6xcdlzadnhw4y,did:plc:upyfnkgyrjwn3fazfs5h2eq4,1,btothed.bsky.social,lakeicychill.bsky.social
did:plc:h2a5kxu5vmu6xcdlzadnhw4y,did:plc:vq47dnnhpwl2jir45t2vd76i,2,btothed.bsky.social,jimmyfk.bsky.social
did:plc:h2ieofwj7ioch4dtdithpsnt,did:plc:fcufrxzc332vq3ilmif6k6ic,1,caminaction.bsky.social,gettingbucketz.bsky.social
did:plc:h2llw4j7qwrwsurmfpzaaw6c,did:plc:fbytg4cr5v4a4tiogteqla5u,1,albabycakes.bsky.social,pfunk36.bsky.social
did:plc:h2t5i2mvmchlkcfklitlvibv,did:plc:ky4cvvpbgipzkgd7qbyuq6ab,3,70977097sn.bsky.social,johnmcclown.bsky.social
did:plc:h2trincgj4372yseimatfnty,did:plc:5dwbpojkp6wykwcafasvwroi,2,scotasports.bsky.social,daltonjohnson.bsky.social
did:plc:h2twodfx2ycxvobg6pevllmg,did:plc:476maad6nfijz7nx3ecioac6,1,mayhem1994.bsky.social,olehkosel.bsky.social
did:plc:h2ue2eahs2yoeqs6o2hnewyc,did:plc:2k7ig3d46x55no6notewuipz,1,vivotranquil0.bsky.social,franciszomes.bsky.social
did:plc:h2ue2eahs2yoeqs6o2hnewyc,did:plc:cyflytcyyyhawlrnnwiv25nd,1,vivotranquil0.bsky.social,btoporek.bsky.social
did:plc:h2ue2eahs2yoeqs6o2hnewyc,did:plc:oir27jlquvusmquareodsaci,1,vivotranquil0.bsky.social,phillytradesman.bsky.social
did:plc:h3u6gcnqqiyrahej7odlwfym,did:plc:tw77ipw5w2xwv3hzc6mrljsf,1,roctexterny.bsky.social,lukeknox.me
did:plc:h3z7tkemxxpwfrpueorq4ms7,did:plc:mtyaifw46xppbvcxeo6tl6wf,1,dc-is-me.bsky.social,nateduncannba.bsky.social
did:plc:h46tqhjhcy3oxujum2g4bvzz,did:plc:gxx7xoc6nkciavo2cb4lead6,1,coolguy.party,thinkmooinc.bsky.social
did:plc:h46tqhjhcy3oxujum2g4bvzz,did:plc:luofuy2uw7g4vsd2vbwidtel,1,coolguy.party,keithsmithnba.bsky.social
did:plc:h46tqhjhcy3oxujum2g4bvzz,did:plc:maqxe4oag6x7caxpmk65iilo,1,coolguy.party,otsumamiboy.bsky.social
did:plc:h46tqhjhcy3oxujum2g4bvzz,did:plc:yvxgr32ufo75afd5qyoouxfc,1,coolguy.party,shredberg.bsky.social
did:plc:h47nga6z2vakugo4b72dy2m2,did:plc:rkpzrwxex34r36ypejhew7ml,1,theuptownfive.bsky.social,howardbeck.bsky.social
did:plc:h4akooyknu7ft7hofgg4yenw,did:plc:jgmxlsqaj6inwjqx3eowix6i,1,freemaneric.bsky.social,snowden.st
did:plc:h4akooyknu7ft7hofgg4yenw,did:plc:q75fymscskkzh5ufuo4gt6lu,2,freemaneric.bsky.social,neilsandwich.bsky.social
did:plc:h4akooyknu7ft7hofgg4yenw,did:plc:yem3mzfrmjxecimxqcdwuilx,1,freemaneric.bsky.social,dweinman.bsky.social
did:plc:h4i2wt55lzrdydctdf4bw5zc,did:plc:er4x5loskarnsx5yjvvnsa35,1,mangaancha.eurosky.social,mellamopersona.aldea.social
did:plc:h4rl434hyjlcqa643sta63s4,did:plc:7vnaslmocusfll2e33k4jdhm,1,xpmorgan.bsky.social,joeviraynba.bsky.social
did:plc:h4rl434hyjlcqa643sta63s4,did:plc:wbpjhdry2la6ozeiqrdmpmms,1,xpmorgan.bsky.social,kpelton.bsky.social
did:plc:h4sx44dkfemdwzin3bdbsool,did:plc:6beluo5xgn65lmsf6x6xqq6x,1,scotthoots.bsky.social,billoram.bsky.social
did:plc:h52awcitgczttr64ozsbkvsx,did:plc:fsti2hy6ys6umrk2hwaj57zf,1,joanield.bsky.social,lukeepplin.bsky.social
did:plc:h5iqhnmq7w2orjgtmfeldv6v,did:plc:e3pbbxocvmib7bxk7q2iqygg,1,nomadic-druid.bsky.social,jolior.bsky.social
did:plc:h5nsnbhx7ljohnz6x4n7geb3,did:plc:cwoisadsh554flcux7i5szar,1,phildicarlo.bsky.social,dartadams.bsky.social
did:plc:h5yshb47uc5xo2klgilg4tpl,did:plc:ujlclavya3rcnvqklk35c4m3,1,davedraeger.bsky.social,actualbob.art
did:plc:h6w26vrnerd4vck5yfhdndmo,did:plc:d32g4ujz73lfb4tv7fkzeuwr,1,cfulty1.bsky.social,zefrenchkornet.bsky.social
did:plc:h6w26vrnerd4vck5yfhdndmo,did:plc:hqrpav4bwt4zphlck4or73dg,1,cfulty1.bsky.social,mikedynon.bsky.social
did:plc:h7fvpm75mfwyieu6xtqu2xbz,did:plc:x3nbnv27ulwtu5ix6aibrvyt,1,dannyoldschool.bsky.social,bluelightfoot.bsky.social
did:plc:h7jxcdi7hbtv7y7t5qzmpfws,did:plc:dopbstmnsij5ipmn6sr3fd43,1,colecovision.bsky.social,sethrosenthal.bsky.social
did:plc:h7luyzjutylcy5jurqfzs6cp,did:plc:6aruq2to5dssyoqwmt5v3rvu,1,rustyolson.bsky.social,courtneyfox1.bsky.social
did:plc:h7luyzjutylcy5jurqfzs6cp,did:plc:dyeayxcietzlysbsgz6et3sl,1,rustyolson.bsky.social,pzmcg.bsky.social
did:plc:ha5wuaz25qpm7afwbf6ynoqh,did:plc:pqjcxw3yphmvjaq7dzw2jnat,1,skylefields.bsky.social,richhomieflom.bsky.social
did:plc:habzvkjqgvnw7a3xv6s5qvsu,did:plc:25j5r47em2gmbiypflegz6bk,1,dmmgetc.bsky.social,petemrogers.bsky.social
did:plc:habzvkjqgvnw7a3xv6s5qvsu,did:plc:gl7xfcg22zzh23zpapbujvws,1,dmmgetc.bsky.social,colinbrady.bsky.social
did:plc:habzvkjqgvnw7a3xv6s5qvsu,did:plc:luofuy2uw7g4vsd2vbwidtel,2,dmmgetc.bsky.social,keithsmithnba.bsky.social
did:plc:habzvkjqgvnw7a3xv6s5qvsu,did:plc:r75hy7lkaay466pi6tislogy,1,dmmgetc.bsky.social,brooklynbuckets.bsky.social
did:plc:haf27cweuv25akwwgn7u42ie,did:plc:pqjcxw3yphmvjaq7dzw2jnat,1,ben-monroe-the1.bsky.social,richhomieflom.bsky.social
did:plc:haf27cweuv25akwwgn7u42ie,did:plc:zcifiaokjuznmkasf6zn347d,1,ben-monroe-the1.bsky.social,flybyknite.bsky.social
did:plc:hafo7ucdzam2iy5uxr3ajwfw,did:plc:4jb5zqdmevltweh2xg6sp3vn,1,nikdej.bsky.social,freejay.bsky.social
did:plc:hafo7ucdzam2iy5uxr3ajwfw,did:plc:cbtoiyqupgu2mcqlex7hve6a,1,nikdej.bsky.social,aklingus.bsky.social
did:plc:hafo7ucdzam2iy5uxr3ajwfw,did:plc:sa73fbx3vxzh2fw5pu5wmief,1,nikdej.bsky.social,shamsbot.bsky.social
did:plc:hax3rzymdxy3lhiwwo4a5v2a,did:plc:6beluo5xgn65lmsf6x6xqq6x,1,certifiedblazed.bsky.social,billoram.bsky.social
did:plc:hax3rzymdxy3lhiwwo4a5v2a,did:plc:sa73fbx3vxzh2fw5pu5wmief,1,certifiedblazed.bsky.social,shamsbot.bsky.social
did:plc:hay4g4odx5tt6to2yc4vg4uj,did:plc:ccrabc6xdnjx4l7btvynnng4,1,graymarket.bsky.social,cooperlund.online
did:plc:hb2ulz2fnt66tnauc7cspqqx,did:plc:u3zuvwlvfrhhg2s75er7sw3b,1,karencle3.bsky.social,ejelite1.bsky.social
did:plc:hb33cd5uj5xhuhmwb7zcmllo,did:plc:3bskuhu5fv2azw6cmf7xf64q,1,nastyjr5.bsky.social,brgulker.bsky.social
did:plc:hb53hi7ky3eakfpbk4tkqcqo,did:plc:5qwi3qlql6ssbxbbbk7qnjkm,1,graugans23.bsky.social,marceleggstein.bsky.social
did:plc:hb6sefsxu6ruexjkq6ipmhqz,did:plc:t4i3a4fawuzge3dsw2i2h2fw,1,danadoesdemocracy.bsky.social,markjacob.bsky.social
did:plc:hbeicbbxh5bvsu723ff5qcww,did:plc:lturxxu4zqblwvky6edr5djy,1,zangerstein.bsky.social,sonjajacobsen.bsky.social
did:plc:hbz3eikknz74umb437j6rxmc,did:plc:pj333yvbcnxq3o4uigy36bgf,1,de6u99er.bsky.social,hoyainnj.bsky.social
did:plc:hbzru5v3v3cf7op5lydqc6ua,did:plc:e3ktrbooe3mildj4hhwhsvtc,1,ireggilar.bsky.social,mikeascotto.bsky.social
did:plc:hclom3qudre4a4vsnbvglwm6,did:plc:hf7ezrajxadu7v3tzcyij424,1,noahlz.bsky.social,parkermolloy.com
did:plc:hcqpy5mwr5ytsg57fzk53ng7,did:plc:55f556gizq63ibchaqwkgtjd,1,chrispb.bsky.social,pdawkins.bsky.social
did:plc:hcqpy5mwr5ytsg57fzk53ng7,did:plc:traer34gkcgums7iiflbjiab,1,chrispb.bsky.social,nickvanexit.bsky.social
did:plc:hcxdzgafuizp4f4f4yysnbhl,did:plc:6t6vdkdtsu2ktffzdydkymey,1,benleibz.bsky.social,goodifitgoes.bsky.social
did:plc:hcylqolno3xc7zdnipdexcog,did:plc:2m6fnqqirmfks5xakni7paqv,1,zanetaa.bsky.social,gregpinelo.bsky.social
did:plc:hd6nqfbsvmivholoqvalbeto,did:plc:b2kutgxqlltwc6lhs724cfwr,1,buckspucks.bsky.social,theathletic.com
did:plc:hdbj5h3x62fauxctisgenhov,did:plc:xfy5nragrhqm2cqdef257uxe,1,madmaxbroncotansky.bsky.social,waltdenver.bsky.social
did:plc:hdffalr2f5d525m6wiywzglz,did:plc:qqdqgzpqwyho4cxzso62m54q,1,danaholtzbert.bsky.social,juliedicaro.bsky.social
did:plc:hdkhwnxl2l5r7l467t2itbxs,did:plc:ei7mwkddchpm3danlkvi56i3,1,liberationnow.bsky.social,rhaw5n.bsky.social
did:plc:hdrnz3t6w2xp7mlcit3pxunz,did:plc:fjd5rmoam57ucvki2lb5o3ds,1,wedeyhere.bsky.social,suzisteffen.bsky.social
did:plc:heepn5l7cae57imdys7bf3qz,did:plc:rnn74es5mn47xd46n66v73yv,1,collinscup.bsky.social,matchupmeta.bsky.social
did:plc:hefc4z7muynfiq2hnawfzp2l,did:plc:qqdqgzpqwyho4cxzso62m54q,1,thisisjoylps.bsky.social,juliedicaro.bsky.social
did:plc:hefc4z7muynfiq2hnawfzp2l,did:plc:rjr6nfdzrfngjgc34jjyty6a,1,thisisjoylps.bsky.social,sifill.bsky.social
did:plc:heroykl5age25vyo7zeakl32,did:plc:hqrpav4bwt4zphlck4or73dg,2,dmr09.bsky.social,mikedynon.bsky.social
did:plc:heroykl5age25vyo7zeakl32,did:plc:ov3ixpbcdxxd4ueau3slthet,1,dmr09.bsky.social,joelvideo.producer.blue
did:plc:hf3q6xbglydq3svn2puksjsp,did:plc:ysojnwviv6fv6n7wkuqh3ed3,1,jerichovilar.bsky.social,oliviamutantjohn.bsky.social
did:plc:hf7ezrajxadu7v3tzcyij424,did:plc:pugjcobxrwapqjy5cmtspxpf,1,parkermolloy.com,beomoose.bsky.social
did:plc:hf7ezrajxadu7v3tzcyij424,did:plc:vgwy2b3rrcewfdazrkanjbg4,1,parkermolloy.com,veryimportant.lawyer
did:plc:hfafjafc4tkbynedreqh422g,did:plc:3ptwjyxtszedewmllnzovqtd,1,teddybuns.bsky.social,derekbodner.bsky.social
did:plc:hfie4v4lfcadkqf3uyckr4ld,did:plc:sgqlb2os5537waze4wjtfprl,1,fallsdownstairs.bsky.social,sarahspain.com
did:plc:hfu4cbi26htj4vj4elrb2z7y,did:plc:6cuqboowqvkewzxpimn4xdh5,1,aviationnerd.bsky.social,itspbtwo.bsky.social
did:plc:hfwyhb6xr4sgcl5du323jyik,did:plc:s6jqsvwdxf56bq5vh7zo4dmq,1,freedompimp2012.bsky.social,confirmedshoot.latenightgrin.com
did:plc:hg6vy2775rkgk5aqqpde5bzh,did:plc:rwdjay3uyh4atcl5tlxsl2qe,1,the631resistance.bsky.social,tophtalk.bsky.social
did:plc:hga56i2n5uhojb7yobzck6ua,did:plc:hf7ezrajxadu7v3tzcyij424,1,karlycay.bsky.social,parkermolloy.com
did:plc:hhlrwwjdkylkuytt2uc724wf,did:plc:immbpfvfzvgqikhsancg7l6v,1,luck588.bsky.social,sk-serge.bsky.social
did:plc:hhq4cvug76ljmbzftciprrvy,did:plc:b6v54l7vnitivlnyqekh47xd,1,bayareabrenner.bsky.social,tiwindisch.gspn.info
did:plc:hhv67ydqswmrizaz5dqlz336,did:plc:woxocmw6tzlypsx5gv6ocww5,3,ipacers.bsky.social,jstriebel.com
did:plc:hieewdiuoxinwjvnejkmbimd,did:plc:46pz2orczi2g57d4lfxulq5n,2,snotboogie.bsky.social,playitleolubber.bsky.social
did:plc:hieewdiuoxinwjvnejkmbimd,did:plc:es2bm23pb4t743ewlvdparxi,1,snotboogie.bsky.social,cavstheblog.bsky.social
did:plc:hieewdiuoxinwjvnejkmbimd,did:plc:fvir4trmbwka2ufxo53jjn3h,1,snotboogie.bsky.social,spindavies.bsky.social
did:plc:hieewdiuoxinwjvnejkmbimd,did:plc:j37hmxxgxwez2ynuby4h66av,1,snotboogie.bsky.social,dijcrap.bsky.social
did:plc:hieewdiuoxinwjvnejkmbimd,did:plc:k2oaljj32g4no3xibycofgaj,1,snotboogie.bsky.social,lameguy76.bsky.social
did:plc:hieewdiuoxinwjvnejkmbimd,did:plc:lvw3bdmjhh2mh5qhuapmlv26,1,snotboogie.bsky.social,kevinsmithaf.bsky.social
did:plc:hieewdiuoxinwjvnejkmbimd,did:plc:spzwkcbjbw5uz3cjivhd2q4p,1,snotboogie.bsky.social,thedudeabided.bsky.social
did:plc:hieubgr7w3ioxbpwqza4qmdx,did:plc:luofuy2uw7g4vsd2vbwidtel,1,robpouw.bsky.social,keithsmithnba.bsky.social
did:plc:him2kiav52awysrkh4tqg2u6,did:plc:oo7ej7j5xsitfel6fphas6qx,1,ryanrosenblatt.bsky.social,soccerlawyer.bsky.social
did:plc:him2kiav52awysrkh4tqg2u6,did:plc:ruqw4rjlp5dfgoton3iap4nv,1,ryanrosenblatt.bsky.social,michael-orr.bsky.social
did:plc:hj3k3dctm7tavpygl5mnhooz,did:plc:bmvk3suczvuw6mszso6on6ss,1,anitram88.bsky.social,ageqned.bsky.social
did:plc:hjcizfq3zdaio5ta722ajujt,did:plc:sa73fbx3vxzh2fw5pu5wmief,1,mayhewmayhem.bsky.social,shamsbot.bsky.social
did:plc:hjgdqvbvdjik5lu5reki6rpw,did:plc:44ys7gijqhhnzyubtzkupca3,1,ujnhunter.bsky.social,paulknepper.bsky.social
did:plc:hjwkosgisk5ybbpupizdzx6r,did:plc:nze65mr7kto3u6qu3vk3bkcj,1,flxttr.bsky.social,febrazink.bsky.social
did:plc:hjypvroqy64n3tnps3ojdmzm,did:plc:nztbvvo2gl4227zuxjf7gog3,1,liminalgrind.bsky.social,ddayen.bsky.social
did:plc:hk5eb5yjmbf5ky6xyprvq377,did:plc:54mz54p3glz4zkqijrcmzp3u,1,mikerobertson1970.bsky.social,davelack.bsky.social
did:plc:hkoppffph5f37pul7vlw4qm5,did:plc:26375peygwnrijoepmy2fdcs,1,mlea-prez.bsky.social,washingtonstatestandard.com
did:plc:hkte6xia3nw7ye7c57qbmdwv,did:plc:yq4odixjl75y4pi66dm6eibb,2,67sound.bsky.social,jaredof.bsky.social
did:plc:hlp7bkvxwumcxjutegxwnnnw,did:plc:dzsbhwnnvblrpyy2fpnmaih3,1,mrcunn02.bsky.social,thinkasaurus.bsky.social
did:plc:hlswrsb3lc5fbz3yil5tm6uc,did:plc:iedrphn4sh7wq34sxw3rq7xv,1,ucfpanther.bsky.social,johnwwool.bsky.social
did:plc:hlupc5opkrnwgvcm4plzpyqq,did:plc:nk756gkpj52ryc6gaorkvctp,1,propagandarama.bsky.social,nbacobwebs.bsky.social
did:plc:hlwu7x5uzniypl4ghcqtpz24,did:plc:476maad6nfijz7nx3ecioac6,1,davescott23.bsky.social,olehkosel.bsky.social
did:plc:hlz6s5vjhbjvwt6x2ibloefb,did:plc:lydpmbuyethpzjta6jeya6m6,1,gueroguerinche.bsky.social,claudiiigrl.bsky.social
did:plc:hm4iihj6iz2nj32pyhrghz22,did:plc:fqsmj7o5mbb7n7oav2kkjuid,1,edcherubin.bsky.social,nbastat.bsky.social
did:plc:hm7ek2umnuuugncd7fe7clcm,did:plc:vd5eg6dsjvwuvcoso5mtnhgu,1,jarwinder.ca,sambapete.bsky.social
did:plc:hmhvklptsptn7sgelzrp5srg,did:plc:f5f6nlzungthujhlwbcxckls,2,eol.bsky.social,gentlemanlydrinker.bsky.social
did:plc:hmhvklptsptn7sgelzrp5srg,did:plc:lkkpyfms5nccn6fkm2loufln,1,eol.bsky.social,wrongopinionman.bsky.social
did:plc:hmhvklptsptn7sgelzrp5srg,did:plc:z3uh6dme22hydm4loftjktaj,1,eol.bsky.social,unlox.bsky.social
did:plc:hmpoxk7x6mqoy5l3tdsu5xob,did:plc:7sfnardo5xxznxc6esxc5ooe,2,seangmc.bsky.social,nba.com
did:plc:hmpoxk7x6mqoy5l3tdsu5xob,did:plc:dopbstmnsij5ipmn6sr3fd43,1,seangmc.bsky.social,sethrosenthal.bsky.social
did:plc:hn3md52ngkhpay5644fovajq,did:plc:tlf5hilbsn7vlw3rzunbzvw3,1,alidar.bsky.social,fredsmith.bsky.social
did:plc:hngdd464pkzcbjs5yhf2th2c,did:plc:nztbvvo2gl4227zuxjf7gog3,1,amtornabene.bsky.social,ddayen.bsky.social
did:plc:hoczjacenppihlqtci6iuech,did:plc:2vx7moe4gf6qh3x5s4pokkie,1,younger208.bsky.social,ashleysays.bsky.social
did:plc:hohawsumxnhut74po3vdwtql,did:plc:sa73fbx3vxzh2fw5pu5wmief,1,oxrox.bsky.social,shamsbot.bsky.social
did:plc:homa77vy25dztk3e5arbg7zu,did:plc:e3ktrbooe3mildj4hhwhsvtc,1,mannandhisdog.bsky.social,mikeascotto.bsky.social
did:plc:hpfi2abvkljffxwfzqdobfak,did:plc:6beluo5xgn65lmsf6x6xqq6x,2,inthecenterhoping.bsky.social,billoram.bsky.social
did:plc:hph3zayduzdz756ngzb6qhix,did:plc:k6l3jy54yyx33kkds4keh4tq,3,machiavelli-311.bsky.social,totallypaula.bsky.social
did:plc:hpq4y7atdkkueazvucgtmrhl,did:plc:jdwghlz7xad26vgx3p7wvnmv,1,ssfcfoty13.bsky.social,cjbrinton.bsky.social
did:plc:hq5dlxhtxzjvxdc5r4awujsw,did:plc:mnfrg3uranmquicq6zz7gdij,1,ronmorse.bsky.social,thefarmerjones.bsky.social
did:plc:hqbqranfklupf3owdyfo3zmm,did:plc:7sfnardo5xxznxc6esxc5ooe,1,leaguesources.bsky.social,nba.com
did:plc:hqrpav4bwt4zphlck4or73dg,did:plc:22mr76edd4aus34vwhdjl3ga,1,mikedynon.bsky.social,vcastiglione.bsky.social
did:plc:hqrpav4bwt4zphlck4or73dg,did:plc:4xpj3xjxsxxcuh3ghaulzdqu,1,mikedynon.bsky.social,yourmandevine.bsky.social
did:plc:hqrpav4bwt4zphlck4or73dg,did:plc:heroykl5age25vyo7zeakl32,2,mikedynon.bsky.social,dmr09.bsky.social
did:plc:hqrpav4bwt4zphlck4or73dg,did:plc:tozp2vuynh75ukf44tpeqanm,1,mikedynon.bsky.social,nbasketball.bsky.social
did:plc:hqwdqpennflhcibsrnnxbtwx,did:plc:4xaad7thmc4uqdhefbq6vizm,1,kevin-n-lam.bsky.social,johnbull.wtf
did:plc:hralgjy2sjmhmrt3fdxd4wvt,did:plc:no3iafl5wjoyjdjtssqnerie,1,deviwestside.bsky.social,ninety9ine.bsky.social
did:plc:hroayhlbk4daap4idgfuvpqb,did:plc:7sfnardo5xxznxc6esxc5ooe,1,lolsniperftw.bsky.social,nba.com
did:plc:hroayhlbk4daap4idgfuvpqb,did:plc:b2kutgxqlltwc6lhs724cfwr,1,lolsniperftw.bsky.social,theathletic.com
did:plc:hrre2mydsxvx5frr4j7vkec5,did:plc:s5vbvxlrjsvbcdyw7unmovxk,1,orangeskin.bsky.social,thejuiceonline.bsky.social
did:plc:hs7fmx7elwn4ypmluln52mw5,did:plc:ev5i2xilxei4iacrcnf7jofm,2,hugoelbreo.eurosky.social,dramon.bsky.social
did:plc:hsdxfxszgyhfhxh6q45w6d4h,did:plc:j24jtz7xkt5ttdsk32mmpkvn,1,stackmack.bsky.social,johnhollinger.bsky.social
did:plc:hswy6td7yn4kmvxvj3lslorv,did:plc:sa73fbx3vxzh2fw5pu5wmief,1,dannyjnoonan.bsky.social,shamsbot.bsky.social
did:plc:ht52dcxiba7oivrlzaeob2wj,did:plc:uqtnb34oh7coqgyvk3ghtqcv,1,beefalo.bsky.social,kinefresh.bsky.social
did:plc:htj3oxlmgpoismznhgm3gnrw,did:plc:7ksdv5tdc5pgtzjdc3mm6r2g,1,julius5966.bsky.social,diario.red
did:plc:httsylunydq4qsgk5ux5kvzm,did:plc:lldgxx4auj7zsd2fp4hbory3,1,djkahn.bsky.social,markjonesespn.bsky.social
did:plc:htxlwuzhl2jaefgge57pmin2,did:plc:zq7rskycn2zdp76ra2bs2cnw,2,miserable-phd.bsky.social,pbsimpulse9.bsky.social
did:plc:hu2kef6jiyfuyww4azispzkx,did:plc:b2kutgxqlltwc6lhs724cfwr,1,covkid72.bsky.social,theathletic.com
did:plc:hupo5nskr55ygxoqpq67ypl5,did:plc:asyfjopbmo2q6ih2sdpdb2iu,1,stealthisbook.bsky.social,johnnyuma.bsky.social
did:plc:hut6nwvmkl4dhgy25k3dyole,did:plc:22fudzaxnal4ddodzv2o6mwk,1,spursiceman.bsky.social,jmcdonaldsa.bsky.social
did:plc:hut6nwvmkl4dhgy25k3dyole,did:plc:2fil3vrrymlpa5uspsfgo37i,1,spursiceman.bsky.social,justinanumudu.bsky.social
did:plc:hutm2jnnhwvd4to7uuh3acgp,did:plc:b2kutgxqlltwc6lhs724cfwr,1,ukranianviking.bsky.social,theathletic.com
did:plc:huuuowpx7kofhrwlevrgao3w,did:plc:b2kutgxqlltwc6lhs724cfwr,1,feeling-minnesota.bsky.social,theathletic.com
did:plc:huy5mdyccyhiq4wt3wegsvv6,did:plc:ewihn7kdvwtxjgnsxiv66muz,1,bobbyotter.bsky.social,wilmes.bsky.social
did:plc:hv7sos464bly4eehlvy2btjl,did:plc:e62gb2ushvtvjvqcbrxeaw2n,1,meidasog.bsky.social,chrislhayes.bsky.social
did:plc:hvdfnlsk4hkue246ltxl7k53,did:plc:b2kutgxqlltwc6lhs724cfwr,1,derrek503.bsky.social,theathletic.com
did:plc:hvdfnlsk4hkue246ltxl7k53,did:plc:dlbppl2kdyccutor3t3jsuan,2,derrek503.bsky.social,evanempdx.bsky.social
did:plc:hvdfnlsk4hkue246ltxl7k53,did:plc:salkfofksoaz62t7ccf6gn5x,1,derrek503.bsky.social,robolovejoy.bsky.social
did:plc:hvg2j4slqmanm25yhv3xnxzx,did:plc:t4i3a4fawuzge3dsw2i2h2fw,1,skipwebb.bsky.social,markjacob.bsky.social
did:plc:hvgw2fry7z6qmtcrfwfkhojf,did:plc:oclue3e6ui6yomcljd6wltax,1,mws4.bsky.social,nowondvd.bsky.social
did:plc:hvnttqkji5xsvvkyvlee7r2t,did:plc:22fudzaxnal4ddodzv2o6mwk,1,citizen-t.bsky.social,jmcdonaldsa.bsky.social
did:plc:hvtx7ajb4cj4l7iep5qxy6zh,did:plc:6cmhsudhfdknx7qgyjzhcz3c,1,ashenechoes.bsky.social,furry-hater.bsky.social
did:plc:hvz3zfe4dclbygfraswtxaes,did:plc:7sfnardo5xxznxc6esxc5ooe,1,walteriv.bsky.social,nba.com
did:plc:hvz3zfe4dclbygfraswtxaes,did:plc:ozrhqae34vzv6mso2hsym65i,1,walteriv.bsky.social,omarisankofa.bsky.social
did:plc:hvz3zfe4dclbygfraswtxaes,did:plc:sgqlb2os5537waze4wjtfprl,1,walteriv.bsky.social,sarahspain.com
did:plc:hvzkan63iyyv5zx5giug5vxc,did:plc:2jprfvpdny5oxnqyjs2jijzm,1,chuckgeerhart.bsky.social,spencito.bsky.social
did:plc:hw3dnfaumnxnf54z2wkwttau,did:plc:mfifnbo7j7dseoghz4cmcmhj,1,fzupancle.bsky.social,chopeski.bsky.social
did:plc:hw4zyjcebmqwb664xnnf3xeo,did:plc:ent7amfm43xhbvvdozui6hgv,2,divadiruam.bsky.social,llonsu.bsky.social
did:plc:hw753x7fbyzmn5ouveyepbxx,did:plc:sa73fbx3vxzh2fw5pu5wmief,3,puke.bsky.social,shamsbot.bsky.social
did:plc:hwhrmrtcwb7yjlwoybermppx,did:plc:blrk2gk5dq32snk2kthu3cnn,1,theclay.xyz,keerthikau.bsky.social
did:plc:hwic2bo2goh3ji37jfn4a5xv,did:plc:7lvxwobg2zrzgwpepyzxxjev,1,mtvcdm.bsky.social,dirtbagqueer.rocks
did:plc:hwkhboibzypvtgrfv7ytmj4x,did:plc:ov7yyu2taf5uzitjznhc2rto,1,ijspeelman.bsky.social,modakhilnba.bsky.social
did:plc:hwyhxau2jrk7dg4xreqtpwbv,did:plc:6beluo5xgn65lmsf6x6xqq6x,1,sksksk00.bsky.social,billoram.bsky.social
did:plc:hwzpnyzbxv7hw37us3jun4cv,did:plc:ddna2kh5c3ktbafswoevceh7,1,sassyass.net,noeldickover.bsky.social
did:plc:hx63yifg27gxp7vbr3byzosj,did:plc:sa73fbx3vxzh2fw5pu5wmief,1,corny99.bsky.social,shamsbot.bsky.social
did:plc:hxbqitc7zwqlpzxljxr4uv3t,did:plc:hg3zc5tn5lul2wu6vzswtxyg,1,oldschoolgentl1.bsky.social,david-mayo.bsky.social
did:plc:hxnuzpppyxaxc7wjzm7ltuwk,did:plc:2g3p466mwex6cpt7pnlhi2eq,1,rayanselmo.bsky.social,johnmoe.bsky.social
did:plc:hxpkf2ff66wkjset3g3qj74y,did:plc:md6tagpsc67fliqqmdbzx4bn,1,mxwinifred.bsky.social,maniccage.bsky.social
did:plc:hxpudctbhwp46tdm77zo2s5m,did:plc:tipzch2i5ptohvqgh5ygo4iv,1,philly-wins.bsky.social,phillyvoice.com
did:plc:hxto3swart2fizsa7h4kcd56,did:plc:tlf5hilbsn7vlw3rzunbzvw3,1,tomengelsdesk.bsky.social,fredsmith.bsky.social
did:plc:hy45y6xezag72vkkufp3rqnr,did:plc:2iyfq6c4g7xpbbh2kfzzvgbg,1,dreamsand.bsky.social,glads.bsky.social
did:plc:hy5st4myjodmiazbvublxnmz,did:plc:2i2l6t4uh4y7vahpn7hiqx3f,1,ajr60.bsky.social,iztokfranko.bsky.social
did:plc:hyji7vblfc2f42qsooclxfu5,did:plc:ksv7h7ynainc7djerjud7wr4,1,welcht21.bsky.social,trilliemcginest.bsky.social
did:plc:hyuwe6j6prxusxcukfxw4rno,did:plc:jt5mcbi5fkujcnzq6lmfarii,1,craiginiowa.bsky.social,cyclonefanatic.bsky.social
did:plc:hz73exx7dzhgrddfstnqaygi,did:plc:akj73fwn2gonedd3fovzhsn6,1,brontobyte69.bsky.social,titsnflowers.bsky.social
did:plc:hz7oibakrigmxbho65d7lybv,did:plc:luofuy2uw7g4vsd2vbwidtel,1,mikerouech.bsky.social,keithsmithnba.bsky.social
did:plc:hzdsxiwhf4cz2axyl73bxpsz,did:plc:4qr3bdioaf4td74kvwvdjacs,1,chadnauta.bsky.social,skittlesnbeer.bsky.social
did:plc:hzdsxiwhf4cz2axyl73bxpsz,did:plc:6jpqgc6d4tplxcioxuh7khmr,2,chadnauta.bsky.social,jimowczarski.bsky.social
did:plc:hzg2wz6ynkvhcgga5b3464q6,did:plc:z2mu7un3ide4bpb2j3ovbo7k,1,amsullinger.bsky.social,mensie.bsky.social
did:plc:hzhwx2mkc6xpizdzrag6i4sf,did:plc:sfblz5gm2topbduvr4czwg4f,1,shermandorn.com,jeffgreene.bsky.social
did:plc:hzjzvbdm4e4jd4ubqr5lfkxe,did:plc:3v4zdbjl6ncxgjktvntnbu52,1,scorpioshatasha.bsky.social,rjkeats98.bsky.social
did:plc:hzuk2hfs5udbplab46cals7k,did:plc:f7i33cd3b5n6en2iunk2mwkp,1,suboptimaldad.gobirds.online,billdifilippo.bsky.social
did:plc:hzzatzc6vtl6ynnofr3qhyee,did:plc:xojxhkdoymy4ts2sohhtawgo,2,anguilanom22.bsky.social,rjsizzle.bsky.social
did:plc:i24yi3uw3i3r4bi4jgwlpdf4,did:plc:ndnnx5tn72zi5e7ejb4u3fwa,1,jacobcudney.bsky.social,cinefeast33.bsky.social
did:plc:i272bxbqziwvgjash3e33ogh,did:plc:62ld7hyx3igiopnpqbd3x4j3,1,anjinyquist.bsky.social,someregretas.bsky.social
did:plc:i272bxbqziwvgjash3e33ogh,did:plc:gr4daz6qrh7fswoo2rqnjaof,1,anjinyquist.bsky.social,stpaultim.bsky.social
did:plc:i272bxbqziwvgjash3e33ogh,did:plc:ijnshrl5az5jr7yt757yswz5,2,anjinyquist.bsky.social,hauge319.bsky.social
did:plc:i272bxbqziwvgjash3e33ogh,did:plc:p3otcpk3sgdhxdt5x57xzp76,1,anjinyquist.bsky.social,mn-snow-show.bsky.social
did:plc:i2cuwkzeuwfymhbvdgtslvwg,did:plc:k6jgbx7wc657rq2tzziyxhti,5,dafniseye.bsky.social,tediosa-miss.bsky.social
did:plc:i2kcin3hpvlh3kky4vkxutjl,did:plc:tgd5fqgz2ivxphgui2x564cw,1,jimreedy.bsky.social,therealestjmark.bsky.social
did:plc:i2qjmv35ws3iyc64pm44ecjf,did:plc:jgmxlsqaj6inwjqx3eowix6i,3,lessweirdjack.bsky.social,snowden.st
did:plc:i2raeckbqvedtmc72a7csrcl,did:plc:6cuqboowqvkewzxpimn4xdh5,1,rozatd.bsky.social,itspbtwo.bsky.social
did:plc:i2z7tw3daddhf565jedmtmw2,did:plc:w5wuhp4fvhkdkk4iymb73ymo,1,hicestjippus.bsky.social,fokkovdleest.eurosky.social
did:plc:i34gvdziid6w5tf7s625wa7y,did:plc:6k2l2zk4prog4khdtzbafugo,1,honestdenverman.bsky.social,sportsmediawatch.bsky.social
did:plc:i35pxrnshquic4ufl2lwuwkx,did:plc:t4i3a4fawuzge3dsw2i2h2fw,1,jonrob718.bsky.social,markjacob.bsky.social
did:plc:i3jpce7dapb5fy2wnzpj4m6r,did:plc:26375peygwnrijoepmy2fdcs,1,iavswn.bsky.social,washingtonstatestandard.com
did:plc:i3v6g3bklxo55bcnq2ihpzyv,did:plc:vqtakzi5bityrtbjj4cfan4l,1,jhb.bsky.social,bubbaprog.xyz
did:plc:i3verlufxdknyhdejwxt2lve,did:plc:csmhqhvhmyzt37pd3t65e63g,1,jimmyalapdance.bsky.social,bigmemath.bsky.social
did:plc:i43cpiqhnybkwze37zdtcnvx,did:plc:e62gb2ushvtvjvqcbrxeaw2n,1,catbert76.bsky.social,chrislhayes.bsky.social
did:plc:i4jdpsys2ffgvcozislolyfn,did:plc:7sfnardo5xxznxc6esxc5ooe,1,dougmedernach.bsky.social,nba.com
did:plc:i4ngn2uohtq3ylheivqgbzwh,did:plc:uot2muy7bgn6ju7lj23ztk3i,2,sedge.bsky.social,mellyinchains.bsky.social
did:plc:i4undpn72obwb3pgpgxefmxr,did:plc:4dyrpthwotfdrzmfij3viuuc,1,learnbaseball.bsky.social,eli403.bsky.social
did:plc:i4y7567g6q3qkwyxic3tu5bb,did:plc:nlq6uv3pja3zg5y2cjfzl57c,1,dakotaschmidt.bsky.social,joelrushnba.bsky.social
did:plc:i4yqih65sftboupjwcnegqea,did:plc:m74t5iobxonwi4ve7xt2malu,1,bartsmith.bsky.social,buckrawheat.bsky.social
did:plc:i53ehjv6k7auydlzbmdouhvv,did:plc:mfhbago3y3glkwuryqt3n444,1,nikkeiv.bsky.social,trashtalkfr.bsky.social
did:plc:i5akxdtfrkb6vta5hmlqj5eh,did:plc:k7tkqc3nmwomls5bhjjofqik,1,nemox2001.bsky.social,ianriccaboni.com
did:plc:i5mkq5rxhd54hbhd5vvwgekb,did:plc:k6jgbx7wc657rq2tzziyxhti,1,cuprazo.bsky.social,tediosa-miss.bsky.social
did:plc:i62wy6nvmbe64vmvvsnjx3re,did:plc:shbrsjbjrqrsnjxwniprp6s6,3,studsurkel.bsky.social,rickyodonn.bsky.social
did:plc:i6ax3s224goyq5u3td3asasg,did:plc:jeb5puwe2trbthuqu4qnuctx,1,juandissimo-lvr.bsky.social,noadalzell.bsky.social
did:plc:i6do4inruuxdv7p4sit6wnyn,did:plc:vq47dnnhpwl2jir45t2vd76i,4,danshafer.bsky.social,jimmyfk.bsky.social
did:plc:i6do4inruuxdv7p4sit6wnyn,did:plc:zfehiklyypsf4s6j73ncvwdq,1,danshafer.bsky.social,xicanodekcenmke.bsky.social
did:plc:i6hu3ije6pg3iv7oy53hmbbk,did:plc:b2kutgxqlltwc6lhs724cfwr,1,moodlesmix.bsky.social,theathletic.com
did:plc:i6rr6bmtejx2hd4vjyizi4mn,did:plc:2xsjeksmt5podv6wmduiccbc,1,reallysrentz.bsky.social,avi-wa.bsky.social
did:plc:i6ygbzl5fy3v7oxjzk45ldma,did:plc:srzymqzqmylynq5em3ieuemq,1,ekbroiler.bsky.social,actioncookbook.com
did:plc:i72wlhpigzmpvr67sstbh5we,did:plc:qhwvhai54ruidpllmklssvlt,1,saudades.bsky.social,jmichaelmull.bsky.social
did:plc:i77enhota6dvzipd5znb7ymc,did:plc:zw7honcln37lidvst74of4h4,2,cstrable.bsky.social,eboldy.bsky.social
did:plc:i7fuoiyvuunfnrzudqo4lfo4,did:plc:fqsmj7o5mbb7n7oav2kkjuid,1,scarbor0.bsky.social,nbastat.bsky.social
did:plc:i7qt7z7wlmsp7i7bnlfm6cy2,did:plc:ba6flojmplosvxfyby7t72gf,3,darkmysticmaster.bsky.social,amandarg12.bsky.social
did:plc:i7qt7z7wlmsp7i7bnlfm6cy2,did:plc:utkr2nekmhmg6xmtv3ohvy42,1,darkmysticmaster.bsky.social,lampjaded.bsky.social
did:plc:i7wtzapqtumk7rh5s7sn5kzm,did:plc:ckfshclyghehf5cm4akcdane,1,christiaanptr.bsky.social,danielfsmith.bsky.social
did:plc:ia4ksu635ccbmg7zgair74bz,did:plc:kfs7jzwvi7fdopvoq74dmwta,1,asdfafsf.bsky.social,williamadler78.bsky.social
did:plc:iajhuski53iljbvfexpsnlye,did:plc:cbtoiyqupgu2mcqlex7hve6a,1,foparty.bsky.social,aklingus.bsky.social
did:plc:iajhuski53iljbvfexpsnlye,did:plc:sa73fbx3vxzh2fw5pu5wmief,2,foparty.bsky.social,shamsbot.bsky.social
did:plc:iajhuski53iljbvfexpsnlye,did:plc:wwgsu266lhyrg5hbx6csgsm3,1,foparty.bsky.social,robhanna.bsky.social
did:plc:ibf3im5ak3m2tkkzkj6asan5,did:plc:2rcvzmjmyvgsyivlwyzjnbcm,1,soulwithoutaking.bsky.social,3daydog.bsky.social
did:plc:ibpqq5aemtuhcn3c3xowdl2v,did:plc:b2kutgxqlltwc6lhs724cfwr,1,oatsdad.bsky.social,theathletic.com
did:plc:ibyiiq55dxyj6uufvr2hevpg,did:plc:33yuttg43domt6gyddetilkn,1,styers.bsky.social,nodunks.com
did:plc:ibyiiq55dxyj6uufvr2hevpg,did:plc:t2fku3qhid2zf6f65zwlscu3,1,styers.bsky.social,perkustooth.bsky.social
did:plc:ici7fu2kfh3ga5zqqltizeoy,did:plc:yvy5ax23zpmoearxn6xsgqzf,1,snowman882.bsky.social,btrowland.bsky.social
did:plc:idifviortq7ein242dx32diz,did:plc:tgd5fqgz2ivxphgui2x564cw,1,kris.com.co,therealestjmark.bsky.social
did:plc:ie4jceudsvwblvaqhvpgcgst,did:plc:2jprfvpdny5oxnqyjs2jijzm,1,dms555.bsky.social,spencito.bsky.social
did:plc:iecsqsukvqq6f74iemdldju3,did:plc:yv4n5xy57bcof67dpq6yd6ax,1,shinycrab.bsky.social,imnotahrhitter.bsky.social
did:plc:ieo624x74dngi44dia3p274q,did:plc:at73fgeu54reppclhgumfo5j,2,valkyrie-kane.bsky.social,giginorez.com
did:plc:if4n6vdin5rai4fswbx2727k,did:plc:zbc7doqonh4vdk7ofyytgu6x,1,brittrobson.bsky.social,maxschwartz.bsky.social
did:plc:ifdrlmbmpk3whcpjxsgbqyqn,did:plc:cbtoiyqupgu2mcqlex7hve6a,1,notdred.bsky.social,aklingus.bsky.social
did:plc:ifyxesdcjo7arrw6gpixlokc,did:plc:tgw3d4hvw3x5ijrxax7lg26u,1,bobsyouruncle.bsky.social,nkalamb.bsky.social
did:plc:ifz5p65qyxrfnkwkphrhthv3,did:plc:2slariqaoybf26jw4bub5nzw,2,16bitjrpgnpc.bsky.social,saintfdw.bsky.social
did:plc:ifzhmnqwyuzhanxqva4zpctk,did:plc:4kxaujevio7kizmcshgxvseq,1,steveray00.bsky.social,kingfitch1990.bsky.social
did:plc:ifzhmnqwyuzhanxqva4zpctk,did:plc:mx62ni2prhriaagd7jfa65zk,1,steveray00.bsky.social,stevejones20.bsky.social
did:plc:ifzx4cgho7dyvf2prcdw3up5,did:plc:prs7f3c3mnvzbwb64evg6rnm,2,ayouthfulporpoise.bsky.social,raptorsscotland.bsky.social
did:plc:igc4b4f2ifnpvwrme7esfzbb,did:plc:sa73fbx3vxzh2fw5pu5wmief,1,markymark7.bsky.social,shamsbot.bsky.social
did:plc:ign6p6tf3ubccimexklqh4fg,did:plc:2mxadfg4ck5lwlur64dsvan7,1,meliz13.bsky.social,brenda2026.bsky.social
did:plc:ihh6de64mzkdxzgmkzr2u354,did:plc:egmrk2mpyhpq56qblaxx4kb6,1,cockybovine.me,irishoutsider.bsky.social
did:plc:ihht36bbygm2mzecvt7krj7m,did:plc:cf7f6n5ypoqzsxofbti645r6,1,justinoaksford.bsky.social,finchfrii.bsky.social
did:plc:ihvq34x4yxcfyfvea4jw7qii,did:plc:4ohz6yebkf63t67hcds6a5pt,1,picklerick1138.bsky.social,jdickie.bsky.social
did:plc:iiqun7rzcl56e2vdsqfsxt7d,did:plc:ofwtrrxjyj6uq6xshmwhi47p,1,archiemom.bsky.social,grimandgrimy.bsky.social
did:plc:ij5rmezbkvim2egrp3gb7g3s,did:plc:fmt54dvz6rrcpou4o3ivhfmp,2,honeyskeleton.bsky.social,thelivingblues.bsky.social
did:plc:ijd6sibbrrzcromcgftdtb2k,did:plc:4xaad7thmc4uqdhefbq6vizm,1,heatmando.bsky.social,johnbull.wtf
did:plc:iji3unr2kdwrjof2ni3cgosd,did:plc:t5tbhtg7nl45vkaqx7etqkof,1,mattthecatania.bsky.social,waitingforthetrade.bsky.social
did:plc:ijnshrl5az5jr7yt757yswz5,did:plc:i272bxbqziwvgjash3e33ogh,1,hauge319.bsky.social,anjinyquist.bsky.social
did:plc:ijnshrl5az5jr7yt757yswz5,did:plc:sa73fbx3vxzh2fw5pu5wmief,1,hauge319.bsky.social,shamsbot.bsky.social
did:plc:ijoct63txxuntol2bj2nf33y,did:plc:lyr2nmjy7wmxadcfqdewmh7j,1,dirtgod.bsky.social,dlchandler123.bsky.social
did:plc:ijujbu5ofcdsm7sjabbd3eyj,did:plc:b2kutgxqlltwc6lhs724cfwr,1,stonedeva.bsky.social,theathletic.com
did:plc:ijw2toqqeguzskd2ceq6uval,did:plc:ilpzctn6tforvjyixc37smcg,1,bookenj.bsky.social,rickywlmsbong.bsky.social
did:plc:ik2m2garxkqjcpxknfom6755,did:plc:bp7pyht4x57tjiadnhusk3gv,1,alans9.bsky.social,thehatersguide.bsky.social
did:plc:iknpxutwz7gy6r7adz25i35v,did:plc:jrrm6kc2i4lmvpbw7hgnz3xs,1,mcgonagallcat.bsky.social,sethanikeem.bsky.social
did:plc:ikpnt2t3wxrdnsh4bhd2izhr,did:plc:oulr27djxoqhokpggmww5ikz,1,przemekgda.bsky.social,smyk10.bsky.social
did:plc:ikrf7dnbxh5lgfgxtkxnv2ll,did:plc:7sfnardo5xxznxc6esxc5ooe,1,bonerkabob.bsky.social,nba.com
did:plc:il57zrhikcne53dsccrylbrv,did:plc:26375peygwnrijoepmy2fdcs,1,pangolin91.bsky.social,washingtonstatestandard.com
did:plc:ilavhtfvlhuuzxoflftddvx4,did:plc:bgus2ifvjwr2fls5ze5m7l4p,1,aur20100.eurosky.social,vorace91.bsky.social
did:plc:ilavhtfvlhuuzxoflftddvx4,did:plc:cdpibgtbtkjljoxukcav72rw,2,aur20100.eurosky.social,mickounet.bsky.social
did:plc:ilnij47llo5n3rghg3xwofbd,did:plc:jlgkz4ly6nbxewtvimqiryme,1,rjcc.bsky.social,hereforsports.bsky.social
did:plc:ilnij47llo5n3rghg3xwofbd,did:plc:ynffljsn62r6x3w6gt3qhxsz,1,rjcc.bsky.social,deephunk.bsky.social
did:plc:ilresjrxrbmdfi7dxqx7tgk7,did:plc:a6a4rmjgwi7fe2mjegsayylg,2,fan313.bsky.social,michagain.bsky.social
did:plc:ilsfvckez3ojr7iykkiwsm2e,did:plc:3ptwjyxtszedewmllnzovqtd,1,lakers-lover.bsky.social,derekbodner.bsky.social
did:plc:ilsfvckez3ojr7iykkiwsm2e,did:plc:g3fvb2cxn4yxcq3rjd2llqv5,1,lakers-lover.bsky.social,davidaldridgedc.bsky.social
did:plc:ilsfvckez3ojr7iykkiwsm2e,did:plc:luofuy2uw7g4vsd2vbwidtel,1,lakers-lover.bsky.social,keithsmithnba.bsky.social
did:plc:ilsfvckez3ojr7iykkiwsm2e,did:plc:njbc63z6l5mm4ttlcxunlsb5,1,lakers-lover.bsky.social,khobiprice.bsky.social
did:plc:im222o74y5q6krasprsou6bc,did:plc:s2zvnbmtfcrl2zmbytk4y7ge,1,matyd.bsky.social,worfwworfington.bsky.social
did:plc:im7qwcpsml5nnbsqz6ssooyb,did:plc:22fudzaxnal4ddodzv2o6mwk,1,dicktaterhater.bsky.social,jmcdonaldsa.bsky.social
did:plc:imau5fyex2peygwbhyg5jn5c,did:plc:luofuy2uw7g4vsd2vbwidtel,1,acumarino.bsky.social,keithsmithnba.bsky.social
did:plc:imdyorbqe3yjxdzc2ncmrjvo,did:plc:ugoqmdaxl4utnj4csujswwlj,1,frobeus.bsky.social,athlonsports.bsky.social
did:plc:imflirhxfuknjzemy7utjaqa,did:plc:2h5oj7dfciesiknuazc3s3mo,1,charlene411.bsky.social,usatoday.com
did:plc:imflirhxfuknjzemy7utjaqa,did:plc:k5wontugfwb4lv7nwonarkqw,1,charlene411.bsky.social,houstonchronicle.com
did:plc:immbpfvfzvgqikhsancg7l6v,did:plc:hhlrwwjdkylkuytt2uc724wf,1,sk-serge.bsky.social,luck588.bsky.social
did:plc:immbpfvfzvgqikhsancg7l6v,did:plc:tkcvaejcu6i3revgwcnxwvcw,1,sk-serge.bsky.social,ricarddo.bsky.social
did:plc:imulosiqm6ufokenircugvdd,did:plc:2emupgm6taztttxwrjk4qk22,1,mattb.cloud,1robgunther.bsky.social
did:plc:imulosiqm6ufokenircugvdd,did:plc:mljkyag6hlz7qcocz6o5zxqt,1,mattb.cloud,prndheyya.bsky.social
did:plc:in5addaxwakqyqofk5irini6,did:plc:7sfnardo5xxznxc6esxc5ooe,1,logannickyscards.bsky.social,nba.com
did:plc:in6j22ob3yw7666yifrz5pea,did:plc:6jpqgc6d4tplxcioxuh7khmr,1,bbbk365.bsky.social,jimowczarski.bsky.social
did:plc:in6j22ob3yw7666yifrz5pea,did:plc:fqttsbb2pvmlojqqak2zdpmw,1,bbbk365.bsky.social,pentakev.bsky.social
did:plc:inf5gdxmoumntq2jhkq2lw3g,did:plc:oz3un4dox5rocmvyvmqicjpg,1,chucksukzmen.bsky.social,jessicajade.bsky.social
did:plc:inixhas3sbvcsuzkqv4xbbpn,did:plc:tscetlg7vasxm6i37tfuzsvw,1,necron1979.bsky.social,retrojugones.joruiru.es
did:plc:injzfwgiyr4oamqxuuvdkjce,did:plc:jaq7276xjkaiueg7wgursiqq,1,jazzndodgers.bsky.social,mylo.bsky.social
did:plc:injzfwgiyr4oamqxuuvdkjce,did:plc:s2ibun2lfcftexxcqsr4ryce,1,jazzndodgers.bsky.social,michaelvpina.bsky.social
did:plc:inqsf2vb3fk6hj2x5r2xd72j,did:plc:kgkarl5c2srnmxqsq6y3trnj,1,kdonhoops.com,crb1079.bsky.social
did:plc:inqsf2vb3fk6hj2x5r2xd72j,did:plc:mtfaxzqle5h6stf7y6tmuxf7,1,kdonhoops.com,sichrismannix.bsky.social
did:plc:inqsf2vb3fk6hj2x5r2xd72j,did:plc:nk756gkpj52ryc6gaorkvctp,1,kdonhoops.com,nbacobwebs.bsky.social
did:plc:inqsf2vb3fk6hj2x5r2xd72j,did:plc:py7chfax4ftugpcpyj2binih,1,kdonhoops.com,christopherhine.bsky.social
did:plc:inqsf2vb3fk6hj2x5r2xd72j,did:plc:s3gvbuzrrirs55lfedyl6g2d,1,kdonhoops.com,a1extimmons.bsky.social
did:plc:inqsf2vb3fk6hj2x5r2xd72j,did:plc:wholozs4zceo63wiobfvfnra,1,kdonhoops.com,captfamous.bsky.social
did:plc:io2k4vk7csokiievkzxppg7s,did:plc:b2kutgxqlltwc6lhs724cfwr,1,theholejames.bsky.social,theathletic.com
did:plc:io6fmtmd7chbuowdthlbj4ke,did:plc:jbe67uj6cqbop63fcqjg23eg,1,mke-voter.bsky.social,joeythebonzo.bsky.social
did:plc:iofleex37x2clxedzha5ywgy,did:plc:xsxjfbeakywwtkml5q5lhcrc,1,mplsnightmayor.bsky.social,freecialis.bsky.social
did:plc:iogazjjwxrgqiyycrlzoo3xp,did:plc:rvffopjouo2kuacijd7qfqzu,1,theviolenceoftruth.bsky.social,jonathanmacri.bsky.social
did:plc:ip5w6fpcwpr7dmyqupslynwr,did:plc:2vbgyoanykvgik4cmx2p5bds,1,pahhl.bsky.social,atk825.bsky.social
did:plc:ip5w6fpcwpr7dmyqupslynwr,did:plc:b2kutgxqlltwc6lhs724cfwr,1,pahhl.bsky.social,theathletic.com
did:plc:ip7ywluqe3qogbv574usk5xm,did:plc:2emupgm6taztttxwrjk4qk22,1,donathanl.bsky.social,1robgunther.bsky.social
did:plc:ipesu2lzvgvcyqha3ee33qut,did:plc:sa73fbx3vxzh2fw5pu5wmief,1,arncole.bsky.social,shamsbot.bsky.social
did:plc:ipi4gupvsgcqwav6idy5cfpz,did:plc:4xpj3xjxsxxcuh3ghaulzdqu,1,brucery.bsky.social,yourmandevine.bsky.social
did:plc:ipotzs7stobcomhjzcb2di4o,did:plc:aagslherwb47wgbf7yik42tv,1,colectable.bsky.social,exiaross.bsky.social
did:plc:ipotzs7stobcomhjzcb2di4o,did:plc:qp2euaejo6bbhfjufdoxadnh,1,colectable.bsky.social,thefallon.bsky.social
did:plc:iq536cuudlcvpxsfe3nrrbh2,did:plc:tl7zik52r2snt66gru24c4w5,1,robwgray.bsky.social,budrohlfing.bsky.social
did:plc:iq5fg3mcrkpbbeefpj6oeyau,did:plc:7sfnardo5xxznxc6esxc5ooe,2,sequencek.bsky.social,nba.com
did:plc:iq5fg3mcrkpbbeefpj6oeyau,did:plc:b2kutgxqlltwc6lhs724cfwr,1,sequencek.bsky.social,theathletic.com
did:plc:iq5fg3mcrkpbbeefpj6oeyau,did:plc:b5gqpvnzby7dpzmxjmeehev6,1,sequencek.bsky.social,spraynstarch.bsky.social
did:plc:iqat76rgqutychidczcm7son,did:plc:zza2o2czinwmp5y3afoyrot4,1,doctorfunkopolis.bsky.social,cgd-2.bsky.social
did:plc:iqfdqthkrvhigvy2hht3hprz,did:plc:oqjwo6rjqx4hg34qub2ltyyl,1,big-steppa.bsky.social,thomas58.bsky.social
did:plc:iqi5assa2bllapmmwbnf2xfy,did:plc:glmxe4fbzv5zu4vblv7hnh4b,1,patman402.bsky.social,marlaef.bsky.social
did:plc:iqtfinq7iwpdl5q6raaile33,did:plc:zvgi4eon2fvlemnmaqnmayuk,2,deegc.bsky.social,johnkaralis.com
did:plc:irc6u67oyvewiwsn4mqmvx6r,did:plc:3tyqc7zofs3xqqizsadm6ukr,1,kenraining.bsky.social,wrightsaidnick.bsky.social
did:plc:irc6u67oyvewiwsn4mqmvx6r,did:plc:gt3unljcqhimumy5zgosk3gv,1,kenraining.bsky.social,davidbix.bsky.social
did:plc:irc6u67oyvewiwsn4mqmvx6r,did:plc:llelvvmftdmz7st3a2zkvhr7,1,kenraining.bsky.social,realbigkriscfromaz.bsky.social
did:plc:irhpakauqvv5cj66kdnmhr5q,did:plc:4f7simhliks4kqaclkutytde,1,sol-helios.com,basedhits.bsky.social
did:plc:irhpakauqvv5cj66kdnmhr5q,did:plc:7sfnardo5xxznxc6esxc5ooe,1,sol-helios.com,nba.com
did:plc:irlmnl5zlxf67cpz3mbxz4fg,did:plc:ypl77acfxrxmlophf6exj375,1,maoistkurtangle.bsky.social,smokingmusket.bsky.social
did:plc:is43majffhlcwgic3no2phfa,did:plc:kq5obb3xiadd6jum34eeif4u,1,bigoliveman.bsky.social,irawinderman.bsky.social
did:plc:is7p742a3hi27x42hkjfr5sj,did:plc:b2kutgxqlltwc6lhs724cfwr,1,jdale1642.bsky.social,theathletic.com
did:plc:isojz4dikqff4cisbraxbsd4,did:plc:rp7trk62kq2hae5y4pssmwcz,1,jerryhinnen.bsky.social,rkalland.bsky.social
did:plc:itppvytc7nxhz63shipp2q26,did:plc:kfhvz5tuvxr4iqs4yi7odx6c,2,fmi.bsky.social,paulmontgomery.bsky.social
did:plc:iu37tshdmaicfv7utuqzym3p,did:plc:sa73fbx3vxzh2fw5pu5wmief,1,maskyyx.bsky.social,shamsbot.bsky.social
did:plc:iukiw3kuv5wtxob4ravtd3um,did:plc:gt3unljcqhimumy5zgosk3gv,1,drkelong.bsky.social,davidbix.bsky.social
did:plc:iulrtnb3d6mwr77l4xegubgk,did:plc:pgjkrtwquoycikkbid2jhwp3,1,theadia.bsky.social,somewhatcyclops.bsky.social
did:plc:iumof3iaofmawodmcbmvqree,did:plc:6taqdglwz3oadrstyqxdogni,1,willhealy.bsky.social,alexregla.bsky.social
did:plc:iunitinjj72m2b2g3wduoi3n,did:plc:oulr27djxoqhokpggmww5ikz,1,sebakalisz.bsky.social,smyk10.bsky.social
did:plc:iuo52jxdhygr4ur7gxxlsv6c,did:plc:2gp3m6bnzqynpqq4nlwto5ar,1,slipperyhero.bsky.social,ca-nb.bsky.social
did:plc:iuo52jxdhygr4ur7gxxlsv6c,did:plc:e62gb2ushvtvjvqcbrxeaw2n,1,slipperyhero.bsky.social,chrislhayes.bsky.social
did:plc:iutakffevy7evtpqulxoturu,did:plc:2k7ig3d46x55no6notewuipz,1,marcc856.bsky.social,franciszomes.bsky.social
did:plc:iutakffevy7evtpqulxoturu,did:plc:7sfnardo5xxznxc6esxc5ooe,1,marcc856.bsky.social,nba.com
did:plc:iutakffevy7evtpqulxoturu,did:plc:b4k6aogt6d6fjuacdxxigvrr,1,marcc856.bsky.social,reneepwashington.bsky.social
did:plc:iutakffevy7evtpqulxoturu,did:plc:ofdczesgtzxbsib3htogbdis,1,marcc856.bsky.social,phillysport.bsky.social
did:plc:iutge3lijz7mhcmdvm5aswk6,did:plc:baqegknyonql3dppy43lqaeg,1,dubb390.bsky.social,harrisongrimm.bsky.social
did:plc:iuvmcnnin2y75uotxpw4pw7o,did:plc:5qu6fzha5r54pts54n4n3rp2,2,nyx-19.bsky.social,chaclo.blacksky.app
did:plc:iuvmcnnin2y75uotxpw4pw7o,did:plc:vdyw7lv45m755ne5sxelimkn,1,nyx-19.bsky.social,taastee.blacksky.app
did:plc:ive3da3zuot6vm2aityyixil,did:plc:itejm6o4vr5oyrxz435tbuns,1,fm-synth.bsky.social,almojo.online
did:plc:ivfxl7wouweoy6mzran2xgpm,did:plc:v2zlrgechuolpeiuh3pkz623,1,hexaein.bsky.social,nrxia.bsky.social
did:plc:ivhu6uvhqoa2eg43psnakdcq,did:plc:b2kutgxqlltwc6lhs724cfwr,1,mkeyser.bsky.social,theathletic.com
did:plc:ivj7lvmco3k76qzsyk5ptepl,did:plc:bu46wduerpjjpj4knunjqvcy,1,generalplanet.bsky.social,lamegandalf.bsky.social
did:plc:ivp3fax4npthatynw3aqtwrf,did:plc:o6cth76j3zioxlpcs5ae4tvv,1,ahamm.bsky.social,tomasverde.bsky.social
did:plc:iweb77wwhtdkfhxbch6n4gpu,did:plc:d5vcfslnbof6iscg6bkioloa,2,sloaneliest.com,puddleofbrain.bsky.social
did:plc:iwglqtbofrk2bqrhyw3dwwim,did:plc:rs5c5eiqgnsxgig32ya4bmkl,1,bicyclekix.bsky.social,spectorhairday.bsky.social
did:plc:iwpomuywdrizk24rbr7m375t,did:plc:bvn5oncrh2mie4nxuzbiqjmi,1,alanlxx.bsky.social,juliapoe.bsky.social
did:plc:iwrlimpvosn6ap5qprhtycm5,did:plc:7yl2zonhq6orxym6c4oqmusx,1,davidtrott13.bsky.social,gullpondguy.bsky.social
did:plc:iwtismp7gqxhb7vrkzlmrdzw,did:plc:7sfnardo5xxznxc6esxc5ooe,1,anothersillyowl.bsky.social,nba.com
did:plc:iwtismp7gqxhb7vrkzlmrdzw,did:plc:bzy5rjjduvvkxno5xe3evl3f,1,anothersillyowl.bsky.social,lollardfish.bsky.social
did:plc:iwtismp7gqxhb7vrkzlmrdzw,did:plc:fkpnckg4eqizwxmgrxrgwyxo,2,anothersillyowl.bsky.social,philiprr.bsky.social
did:plc:ixpyzqhpcmvzftvecqpm6yb4,did:plc:hl273o7bfegotspjc5dqfzmq,1,username4th.bsky.social,ginamizell.bsky.social
did:plc:ixq6acj5v5dfrdncolsf4t7b,did:plc:sa73fbx3vxzh2fw5pu5wmief,1,kombatant.radeonworld.com,shamsbot.bsky.social
did:plc:ixv7hrdztkdfwizvter5d3li,did:plc:b2kutgxqlltwc6lhs724cfwr,1,gaguzzovahere.bsky.social,theathletic.com
did:plc:ixye6m2arrqmghqr6p7lbk2n,did:plc:7gkaoktcit2zipopc4c3zdbz,1,winsomeloathsome.bsky.social,trailpics.bsky.social
did:plc:ixye6m2arrqmghqr6p7lbk2n,did:plc:ccnxr26hhmhexexxjh62tyye,1,winsomeloathsome.bsky.social,greg30.bsky.social
did:plc:ixye6m2arrqmghqr6p7lbk2n,did:plc:fqbasc2irec5siqopnoynbpt,2,winsomeloathsome.bsky.social,kcl655321.bsky.social
did:plc:ixye6m2arrqmghqr6p7lbk2n,did:plc:hx63yifg27gxp7vbr3byzosj,1,winsomeloathsome.bsky.social,corny99.bsky.social
did:plc:ixye6m2arrqmghqr6p7lbk2n,did:plc:sa73fbx3vxzh2fw5pu5wmief,1,winsomeloathsome.bsky.social,shamsbot.bsky.social
did:plc:ixye6m2arrqmghqr6p7lbk2n,did:plc:t5faw7g24ymod7eveckczj3r,1,winsomeloathsome.bsky.social,drewbacca35.bsky.social
did:plc:ixye6m2arrqmghqr6p7lbk2n,did:plc:upxwlan4x2wtj74nuduvdok5,1,winsomeloathsome.bsky.social,laltennba.bsky.social
did:plc:ixye6m2arrqmghqr6p7lbk2n,did:plc:xzgl4d7idghxny23mfmvnm2k,2,winsomeloathsome.bsky.social,broadfawn.bsky.social
did:plc:iyqwgl4jqgfkenduzefwnprg,did:plc:wkbysllyarm4b3kxrj3mfxau,2,chrislempesis.bsky.social,stpaulite.bsky.social
did:plc:iz36nfrt3mqkwkk6mai53xri,did:plc:tozp2vuynh75ukf44tpeqanm,2,sanslesautres.bsky.social,nbasketball.bsky.social
did:plc:izehxvvqo37nfna3245hhtt3,did:plc:sioskc7nhqfpjyla7usy7v3v,1,stephnoh.bsky.social,angryblackbiguy.bsky.social
did:plc:izm2z3gpp5vpzta5gju2yllw,did:plc:5xflnw7geb7jqnzmskd4722r,1,jtwashin.bsky.social,obleu.bsky.social
did:plc:izu5yl7smkitos4blergzr3p,did:plc:wbpjhdry2la6ozeiqrdmpmms,1,df1.bsky.social,kpelton.bsky.social
did:plc:izx5x5dozeybfjly3x7rpyrv,did:plc:fha2kmwr3qmwhus3f5tvtxo2,1,erniebufflo.bsky.social,apxbrown.bsky.social
did:plc:izxpomdyri45gzhppiiyattq,did:plc:anffht7oifdgqqrvowc4jfej,1,coachfinstock.bsky.social,kccomplainsalot.blacksky.app
did:plc:izxybp55elwjtcwligjhvn3o,did:plc:e62gb2ushvtvjvqcbrxeaw2n,1,jameslmcknight.bsky.social,chrislhayes.bsky.social
did:plc:izzdznpbf2iqrw2dayuurjr7,did:plc:5w4m4t2bxnesji6xg45p2wgm,4,plainfield.bsky.social,macleanw.bsky.social
did:plc:izzxyug6wrqlg4f32fpzhne5,did:plc:b2kutgxqlltwc6lhs724cfwr,1,magoo152.bsky.social,theathletic.com
did:plc:j24jtz7xkt5ttdsk32mmpkvn,did:plc:bvn5oncrh2mie4nxuzbiqjmi,1,johnhollinger.bsky.social,juliapoe.bsky.social
did:plc:j24jtz7xkt5ttdsk32mmpkvn,did:plc:rp7trk62kq2hae5y4pssmwcz,1,johnhollinger.bsky.social,rkalland.bsky.social
did:plc:j37hmxxgxwez2ynuby4h66av,did:plc:hieewdiuoxinwjvnejkmbimd,1,dijcrap.bsky.social,snotboogie.bsky.social
did:plc:j37hmxxgxwez2ynuby4h66av,did:plc:spzwkcbjbw5uz3cjivhd2q4p,1,dijcrap.bsky.social,thedudeabided.bsky.social
did:plc:j3dtjybnbvsn2wjttxg7yisi,did:plc:5dwbpojkp6wykwcafasvwroi,1,allardici.bsky.social,daltonjohnson.bsky.social
did:plc:j3ht2ibsrx3v5ef57uqpa6ax,did:plc:jmqee5yt4vwc45mleqpf7rdi,1,toriimacdaddy.bsky.social,csmcgowan.bsky.social
did:plc:j4alnmpszvdf6j5riphty6e2,did:plc:z3uh6dme22hydm4loftjktaj,1,craigdanz.bsky.social,unlox.bsky.social
did:plc:j4blru232pwrxhcd5bkwwbpz,did:plc:4btwgxvf3esngow5xqwtoqx4,1,daytonaslim.bsky.social,nbaskies.bsky.social
did:plc:j4blru232pwrxhcd5bkwwbpz,did:plc:yaofg6zwpsdp26f5cnf6wnx5,1,daytonaslim.bsky.social,nypostsports.bsky.social
did:plc:j4k3gl5keowz4x5qi762jlw5,did:plc:kdvkohfy7btmsdkg5mwuzjbw,1,dohertybastard.bsky.social,nuggets.bsky.social
did:plc:j4kqueb7vgvip47ovzqjaa2g,did:plc:4xpj3xjxsxxcuh3ghaulzdqu,1,huge-jackedman.bsky.social,yourmandevine.bsky.social
did:plc:j4kqueb7vgvip47ovzqjaa2g,did:plc:54mz54p3glz4zkqijrcmzp3u,1,huge-jackedman.bsky.social,davelack.bsky.social
did:plc:j4s4wdsabzofislrxmmgqq3s,did:plc:2apohx2tdagf752komnr5bmi,1,necron99.bsky.social,tjay56.bsky.social
did:plc:j5fwpantk3yh25x37dsbeg7x,did:plc:7sfnardo5xxznxc6esxc5ooe,1,believenow.bsky.social,nba.com
did:plc:j5fwpantk3yh25x37dsbeg7x,did:plc:b2kutgxqlltwc6lhs724cfwr,1,believenow.bsky.social,theathletic.com
did:plc:j5itcajzspjeqsnnkgj2zsyx,did:plc:vpbernhkthlhzdybhar225b2,1,joanronhock.bsky.social,scottstrivia.bsky.social
did:plc:j5sgv4igqzqx2asakcvvute2,did:plc:b2kutgxqlltwc6lhs724cfwr,1,voltcortez.bsky.social,theathletic.com
did:plc:j62xrjmgon4ekaf7jjwr4iow,did:plc:ug5p6q7m6xbjtsp7alhl2ykf,1,jefe.bsky.social,ntpnate.bsky.social
did:plc:j6464hy52dlonity4eboy2ie,did:plc:cvgfgkowwcxwpcrr5o6dq4lg,1,hurtado84.bsky.social,mattbrown.bsky.social
did:plc:j64n7pgkqrjsov5t2kypxpv6,did:plc:jhzknzmzilaq4hn64t37da5b,1,krisjay.bsky.social,matthewjohnson.bsky.social
did:plc:j6hluyvhgavlblez4gfo3rk5,did:plc:ltrq2cybsjistzk33ofva7p2,1,krevun.bsky.social,trey2715.bsky.social
did:plc:j6yjvqbtvjk6d7yvmo42kahl,did:plc:2emupgm6taztttxwrjk4qk22,1,steve5kxc.bsky.social,1robgunther.bsky.social
did:plc:j74sld36nk4jgbdca3zxh6j7,did:plc:cyflytcyyyhawlrnnwiv25nd,2,tk76.bsky.social,btoporek.bsky.social
did:plc:j7japdf4o4szflzok5rqnurf,did:plc:sa73fbx3vxzh2fw5pu5wmief,1,capitalismkillz.bsky.social,shamsbot.bsky.social
did:plc:j7mcwnkjecbncepgyah7g2yx,did:plc:yaednivr2bwik2fux27l6sgm,1,marcnormandin.bsky.social,velodus.bsky.social
did:plc:ja64upyldwgfgfhyxnyz3dha,did:plc:e62gb2ushvtvjvqcbrxeaw2n,1,andyc300.bsky.social,chrislhayes.bsky.social
did:plc:jakaxcgsvfzosi33fsr2n4z4,did:plc:sa73fbx3vxzh2fw5pu5wmief,1,612-b.bsky.social,shamsbot.bsky.social
did:plc:jalx62qg7jp7du2q7tiljh4z,did:plc:sa73fbx3vxzh2fw5pu5wmief,1,mrtuffperson.bsky.social,shamsbot.bsky.social
did:plc:jaq7276xjkaiueg7wgursiqq,did:plc:dgivipsubywryd3pjggdyawm,1,mylo.bsky.social,markrussellpereira.bsky.social
did:plc:jaq7276xjkaiueg7wgursiqq,did:plc:x4gxcq7uospumk5ewsitfvse,1,mylo.bsky.social,getsit.bsky.social
did:plc:jarz6jdxixcwy47ekh6wqr7n,did:plc:s6jqsvwdxf56bq5vh7zo4dmq,1,meteormajeure.bsky.social,confirmedshoot.latenightgrin.com
did:plc:jazesv2t6vhxmets3uzac7s6,did:plc:hb5s4bd5ctk6inznrn6gf6hx,1,swansofnever.bsky.social,basketballtalk.bsky.social
did:plc:jazesv2t6vhxmets3uzac7s6,did:plc:v5jl5v6lpsxraicxvjearya5,1,swansofnever.bsky.social,brentyndo.bsky.social
did:plc:jb5lyzoxkaqznpb5gfnf4hir,did:plc:aii7twankqtrkspfpvetcxvq,1,oldhah.bsky.social,jazzreads.bsky.social
did:plc:jbcaolptthevvq5ceocxzhzu,did:plc:m6ua2ujxp7r3ytsnp33dzjeq,1,jdssportschat.bsky.social,jmakula87.bsky.social
did:plc:jbe67uj6cqbop63fcqjg23eg,did:plc:2i6y4byiim6vydakduuhwvnf,1,joeythebonzo.bsky.social,johnlehman.bsky.social
did:plc:jbe67uj6cqbop63fcqjg23eg,did:plc:bnrvxigpgotzdtuz6c5wahcb,1,joeythebonzo.bsky.social,bugsysig.bsky.social
did:plc:jbe67uj6cqbop63fcqjg23eg,did:plc:wdcfu747ve7jannqbwz2vloq,1,joeythebonzo.bsky.social,brokensymmetry.art
did:plc:jbsun3dqqnrhypgh3zsktpt2,did:plc:7v2lgmjesz5wrg7ip3ywehoe,1,davejustdave.bsky.social,imman.bsky.social
did:plc:jbuwafst6om2t7awpd5cce6y,did:plc:b2kutgxqlltwc6lhs724cfwr,1,uncle7.bsky.social,theathletic.com
did:plc:jbyt5dbfvynhlobncmdtk6uv,did:plc:3h2zybquagceemhvmtst6mlt,2,gaychel.bsky.social,nastybilly22sean.bsky.social
did:plc:jc23ahjfs6hinlewo7xdbbbo,did:plc:paf4vetn26bu7uggsie3vyrc,1,oldmantrent.bsky.social,lawmurraythenu.bsky.social
did:plc:jc2esfpivqfxblobg5b5plov,did:plc:km6c2ioh4da5qealhdkgqcgw,1,1234567.bsky.social,heelintheirfeels.bsky.social
did:plc:jc2t4vmmtigdbk57qwyvybtf,did:plc:nysflsm7rfrqz5apns2mzkrz,1,freddi3wap.bsky.social,brodiejstephens.bsky.social
did:plc:jcaod5czrnzehpwhnlmoifto,did:plc:igwnnfvmgtrxmgumffgkjfpa,1,bskeet.bsky.social,thesteinline.bsky.social
did:plc:jcgsmdp3ljkdlwma6nxxj5xh,did:plc:kkhbaopwzo27d6xugplpsqc2,1,nerditry.bsky.social,hillrat.bsky.social
did:plc:jcgsmdp3ljkdlwma6nxxj5xh,did:plc:y3dvjnlgnytjs5p6h7b33y6f,2,nerditry.bsky.social,bostonjerry.bsky.social
did:plc:jctupu3tzinuhbdsjxm4sldd,did:plc:5jwjqc5zkxyi733feuols4ia,2,hiphopstorian.bsky.social,tjnagel.bsky.social
did:plc:jctupu3tzinuhbdsjxm4sldd,did:plc:qy76btg4imyge6r7wctnyype,1,hiphopstorian.bsky.social,redhairedbhoy.bsky.social
did:plc:jctupu3tzinuhbdsjxm4sldd,did:plc:yr243o6nk6p23e2q3mg77oki,1,hiphopstorian.bsky.social,silverleaf11.bsky.social
did:plc:jdb6vc2dytvbn7l3nmf6tdnj,did:plc:qqdqgzpqwyho4cxzso62m54q,1,jackalltogether.bsky.social,juliedicaro.bsky.social
did:plc:jdbjvifsb427aklwimqwhqgf,did:plc:6og4wz3ljh65rwhrspnr25ah,1,ulikejazzpod.bsky.social,jazzazzin.bsky.social
did:plc:jdbjvifsb427aklwimqwhqgf,did:plc:fw2fn7adombm3nvhur5desrv,1,ulikejazzpod.bsky.social,gayjolsen.bsky.social
did:plc:jdbjvifsb427aklwimqwhqgf,did:plc:t5pdaa4ft35prjjwt22aw5fj,1,ulikejazzpod.bsky.social,nekiasnba.bsky.social
did:plc:jdbjvifsb427aklwimqwhqgf,did:plc:x4gxcq7uospumk5ewsitfvse,1,ulikejazzpod.bsky.social,getsit.bsky.social
did:plc:jdgjitr3miugqzo4nboxj5j2,did:plc:77xqr6w57x3xamigjynkcnfe,1,falc0n.bsky.social,davedufour.bsky.social
did:plc:jdhxxnkqzzqakyvodmb2rlx5,did:plc:2jprfvpdny5oxnqyjs2jijzm,1,lyndelljoe.bsky.social,spencito.bsky.social
did:plc:jdksg3ol7qnpqt4y5pggdtu6,did:plc:2fil3vrrymlpa5uspsfgo37i,1,wscottyj.bsky.social,justinanumudu.bsky.social
did:plc:jdms2kcghgso3oc7opzzw4tp,did:plc:6kv5inxd5x4tuydxlob27f36,1,lgiveup.bsky.social,angrydonkeynews.bsky.social
did:plc:jdwghlz7xad26vgx3p7wvnmv,did:plc:hpq4y7atdkkueazvucgtmrhl,1,cjbrinton.bsky.social,ssfcfoty13.bsky.social
did:plc:je2aoz6bsxsbc65qqe6eyyvx,did:plc:f7ccw2r3glt54leesure6daw,1,datninja23.bsky.social,pamsson.bsky.social
did:plc:jejayhqmafxen2dj5hloeusp,did:plc:3zdb4e6pwv4depwkzkavllwa,1,harperac.bsky.social,st-andromeda.bsky.social
did:plc:jel5t3hzcptk7wnw5corkdxg,did:plc:hf7ezrajxadu7v3tzcyij424,1,otherbert.bsky.social,parkermolloy.com
did:plc:jelzngcikm2q6rdp3e4avurk,did:plc:fzy5psbwt7myclvmno7nfrt6,1,wallofsoundvapid.bsky.social,drewhamm5.bsky.social
did:plc:jeoqxrdbp2h2h4qyrj4wmqpk,did:plc:hzywjirsko3s4bgnvwbchbvr,1,larryfleisher.bsky.social,taoofstieb.bsky.social
did:plc:jexgvbq2beean4lmn64dd6c5,did:plc:b2kutgxqlltwc6lhs724cfwr,1,mselliott85.bsky.social,theathletic.com
did:plc:jf2xolu5llzmv62luabmpfxe,did:plc:qc3s7mv2uttvwicehhillz2u,1,islesbuzz.com,zmanisles.bsky.social
did:plc:jf6q7mri2qiy7mlwcyfx3wtq,did:plc:yecurhb3o7soofp7k3aczs2l,1,donyey.bsky.social,slwpkrazriguez.bsky.social
did:plc:jf73xk7epypwspoejlrmsoev,did:plc:6s4z242xnhpsgj5ankmzv5mm,1,joeyjaguar.bsky.social,steviehowlin.com
did:plc:jfo7jhkvetw4fsgkepny4hei,did:plc:wrj744bitpnvqf23qimex7eo,1,daflyguy.bsky.social,0ffthebench.bsky.social
did:plc:jfqiicamwlirlpp4nu6lspcu,did:plc:pgrqrtjyigyi3h4ygzkhxwkj,2,downrightsports.bsky.social,mikevorkunov.bsky.social
did:plc:jfvspog5j2lhl6iohcrg3mnl,did:plc:wveidvmniob6egctikkiu4hv,6,troyponce.bsky.social,mentoch.bsky.social
did:plc:jfymgpxz2kajcfkpcewcx2lo,did:plc:f6y6ml6cdcinvx3oi2eo7im2,1,chrjon21.bsky.social,rayndeigh.bsky.social
did:plc:jghi2ays6yyitxa3xvwbccbn,did:plc:tb2bwzxom5qv4542ru3zqcgu,1,nataliek.bsky.social,jakemgrumbach.bsky.social
did:plc:jgj6m6c3gi6stm7khebesv7v,did:plc:s42iw2fbfmgsgh7hdtvvoaao,1,jayemdubbyaavfc.bsky.social,hoopinformatics.bsky.social
did:plc:jgj6m6c3gi6stm7khebesv7v,did:plc:sa73fbx3vxzh2fw5pu5wmief,2,jayemdubbyaavfc.bsky.social,shamsbot.bsky.social
did:plc:jgj6m6c3gi6stm7khebesv7v,did:plc:zazcjahlcb3jfrhcriq7xpn7,1,jayemdubbyaavfc.bsky.social,tsnofficial.bsky.social
did:plc:jgmxlsqaj6inwjqx3eowix6i,did:plc:6pwillzvfm5qyte6yiz5ryxj,1,snowden.st,davidvonstroh.bsky.social
did:plc:jgmxlsqaj6inwjqx3eowix6i,did:plc:i2qjmv35ws3iyc64pm44ecjf,2,snowden.st,lessweirdjack.bsky.social
did:plc:jgmxlsqaj6inwjqx3eowix6i,did:plc:li6dvu2rdl3v45zjtinw6uhr,1,snowden.st,rlawrencem.bsky.social
did:plc:jgmxlsqaj6inwjqx3eowix6i,did:plc:z7jtkk5rzn77glcijjhdgcas,1,snowden.st,mrbuick.bsky.social
did:plc:jgpszavkbbmug7q6hkda6uvm,did:plc:x4qyokjtdzgl7gmqhsw4ajqj,1,zkindt.bsky.social,bencollins.bsky.social
did:plc:jgu3jkn7fvucmziiphrdksbc,did:plc:pac3yyffe2s6udlooifg2dyl,1,kings-br.bsky.social,thekingsherald.bsky.social
did:plc:jgu3jkn7fvucmziiphrdksbc,did:plc:tlf5hilbsn7vlw3rzunbzvw3,1,kings-br.bsky.social,fredsmith.bsky.social
did:plc:jh6ci2y37qaocgdwuttiljrb,did:plc:6jpqgc6d4tplxcioxuh7khmr,1,gregkunstman.bsky.social,jimowczarski.bsky.social
did:plc:jh6pf33qn5lhqox4zbchfmxy,did:plc:kvf6pnfrtgek6jqlkpqhgacv,1,blackmr.bsky.social,yossigozlan.bsky.social
did:plc:jh6pf33qn5lhqox4zbchfmxy,did:plc:maqxe4oag6x7caxpmk65iilo,1,blackmr.bsky.social,otsumamiboy.bsky.social
did:plc:jhdrg6xmzfc5n56fdzubjiop,did:plc:paff3cjzjn7joojvedjg6vgm,2,pmgameflows.bsky.social,tiboss300.bsky.social
did:plc:jhkg2m2py37lkmgbowt4ppg4,did:plc:7dlhmih6zwcpsu3e54yykpvp,1,steeplecoach.bsky.social,kofie.bsky.social
did:plc:jhkg2m2py37lkmgbowt4ppg4,did:plc:7xcmvkawxqwarqmgcshdxh3c,1,steeplecoach.bsky.social,masonginsberg.bsky.social
did:plc:jhkg2m2py37lkmgbowt4ppg4,did:plc:dgivipsubywryd3pjggdyawm,1,steeplecoach.bsky.social,markrussellpereira.bsky.social
did:plc:jhkg2m2py37lkmgbowt4ppg4,did:plc:e7fdktkwv37ws6rljgnoljfz,1,steeplecoach.bsky.social,jbeede.bsky.social
did:plc:jhkg2m2py37lkmgbowt4ppg4,did:plc:fdw3hkjrul22w75bdw5pcsn3,1,steeplecoach.bsky.social,tomorsborn.bsky.social
did:plc:jhkg2m2py37lkmgbowt4ppg4,did:plc:ll77pcnrmfk53cwzacdircyp,1,steeplecoach.bsky.social,patrickfenelon.bsky.social
did:plc:jhkg2m2py37lkmgbowt4ppg4,did:plc:luofuy2uw7g4vsd2vbwidtel,1,steeplecoach.bsky.social,keithsmithnba.bsky.social
did:plc:jhkg2m2py37lkmgbowt4ppg4,did:plc:yvxgr32ufo75afd5qyoouxfc,1,steeplecoach.bsky.social,shredberg.bsky.social
did:plc:jhkg2m2py37lkmgbowt4ppg4,did:plc:zkgbnj6gmpdnumdt53plwp6h,2,steeplecoach.bsky.social,basedpistons.bsky.social
did:plc:jho3nxdeed2b2sfzkgfopxcq,did:plc:b73iobklvxy5uzcramusvi5t,1,ibefrankyg.bsky.social,azam92.bsky.social
did:plc:jhqb3zo6rlrg4wc4xdp7i3yj,did:plc:tsqgedpnxpdajtveutfdm2m4,1,phishsonian.bsky.social,lickmeimacid.bsky.social
did:plc:jhzknzmzilaq4hn64t37da5b,did:plc:boyt62trviscbrcvwqwul362,1,matthewjohnson.bsky.social,bskysocialfomo.bsky.social
did:plc:jibx3jgedf6wdrijyk64oru3,did:plc:gt3unljcqhimumy5zgosk3gv,1,lashanasshi.bsky.social,davidbix.bsky.social
did:plc:jihfmtjctp3yjz65d3o3e3lx,did:plc:t4i3a4fawuzge3dsw2i2h2fw,1,rrdemocracy.bsky.social,markjacob.bsky.social
did:plc:jihlu2clysj7vvtcptfcn4ik,did:plc:sa73fbx3vxzh2fw5pu5wmief,1,lumity2catradora.bsky.social,shamsbot.bsky.social
did:plc:jij24gzd6hbbewosfbc34ekg,did:plc:43wzlomgv777pnpn7oijqvqw,1,nicju.blacksky.app,saucypeeps.bsky.social
did:plc:jikmijrgosd2wsnbutosz7a4,did:plc:nk756gkpj52ryc6gaorkvctp,1,typicalmob.bsky.social,nbacobwebs.bsky.social
did:plc:jikmijrgosd2wsnbutosz7a4,did:plc:shbrsjbjrqrsnjxwniprp6s6,1,typicalmob.bsky.social,rickyodonn.bsky.social
did:plc:jj2epiyx6gmsv2hbbo4pj36j,did:plc:pbfycf22tepb4c7impxu6gqy,1,niceguygreatguy.bsky.social,augetoffmygold.bsky.social
did:plc:jj4k6zlwmpdezuojgcoqwdf5,did:plc:fonqdedl5wikwzryndlagokm,1,frankiefrank.bsky.social,westcoaststeve.bsky.social
did:plc:jj7tq42j6go443k2s5rwig7j,did:plc:mcb6n67plnrlx4lg35natk2b,1,coconutlizard.bsky.social,nowbreezing.ntw.app
did:plc:jjcd4m3awphmc2vhfd3f4hfd,did:plc:e62gb2ushvtvjvqcbrxeaw2n,1,superdesai.bsky.social,chrislhayes.bsky.social
did:plc:jjcd4m3awphmc2vhfd3f4hfd,did:plc:uou2m57cuqqxhl4fdajkovco,1,superdesai.bsky.social,milanasanovic.bsky.social
did:plc:jjhzoj5h6z3iybq7khu73byh,did:plc:bmurxe6wwewrrrckzcrnnkmr,1,leftoflenin.com,blaww.bsky.social
did:plc:jjlyanwd7chz3q5atj7ad5me,did:plc:f7i33cd3b5n6en2iunk2mwkp,1,musicattheclose.bsky.social,billdifilippo.bsky.social
did:plc:jjniibt2qopeyj6xlt5zzscs,did:plc:zy6sn6tkic24e6p52g2yh4zn,1,hahaha.bsky.social,rajandelman.bsky.social
did:plc:jjulc2xe26k6dkfct2ebr7vb,did:plc:rrh5me656wmncolysevqhc4y,1,daug.bsky.social,adamaaronson.bsky.social
did:plc:jjyafrvsqtmx76agyi4376ci,did:plc:qqdqgzpqwyho4cxzso62m54q,1,mattcabel.bsky.social,juliedicaro.bsky.social
did:plc:jjzr7hzu2ccxguxb6o6hrchw,did:plc:6kv5inxd5x4tuydxlob27f36,3,j-amon-picado.bsky.social,angrydonkeynews.bsky.social
did:plc:jk5ivcverfo6dg6unfxedbhw,did:plc:b2kutgxqlltwc6lhs724cfwr,1,jsatz.bsky.social,theathletic.com
did:plc:jk7ppxa3cgo6lbkjfgblepbn,did:plc:44id3u6iwertwywmpvy5u4fh,1,humblecore.bsky.social,skeskali.ca
did:plc:jk7ppxa3cgo6lbkjfgblepbn,did:plc:dyly547ydwxtu32cyxmpsjuu,1,humblecore.bsky.social,oneirodynia.bsky.social
did:plc:jk7ppxa3cgo6lbkjfgblepbn,did:plc:gxx7xoc6nkciavo2cb4lead6,4,humblecore.bsky.social,thinkmooinc.bsky.social
did:plc:jkhclrrjxyxi777a5pxcnjnm,did:plc:fgpyya4en5thfmi6usrr3kvv,1,trashtakes.bsky.social,jasonkirk.fyi
did:plc:jkl6yzgcua6alfygjmahr5cp,did:plc:jszy2fvtipwprnjhe7pxytfv,1,midwestmondo.bsky.social,chicagotribune.com
did:plc:jkptk3adwyckhlfgbylsfveq,did:plc:b2kutgxqlltwc6lhs724cfwr,1,marybwag.bsky.social,theathletic.com
did:plc:jkvkzcj56dcka5e5tofwv3ba,did:plc:22fudzaxnal4ddodzv2o6mwk,1,pokeratlstyle.bsky.social,jmcdonaldsa.bsky.social
did:plc:jl5xwwm7vkaxkg5z4ehpmne6,did:plc:b2kutgxqlltwc6lhs724cfwr,2,jukesgrrl.bsky.social,theathletic.com
did:plc:jlgkz4ly6nbxewtvimqiryme,did:plc:sa73fbx3vxzh2fw5pu5wmief,1,hereforsports.bsky.social,shamsbot.bsky.social
did:plc:jlh7vgcxi5joydywqldvpjfa,did:plc:jgmxlsqaj6inwjqx3eowix6i,1,mrbtx.bsky.social,snowden.st
did:plc:jlhe524cv6fo3toiwud676uu,did:plc:mapwqr6ssjhz74yxxhdej5hh,1,peacehopeanddubs.bsky.social,12trose.bsky.social
did:plc:jlloe75k2eegbd555bpr4miz,did:plc:4md3rkqkr6m6ifmggsbz6nde,1,gabeburgess.bsky.social,nbabeau.bsky.social
did:plc:jlloe75k2eegbd555bpr4miz,did:plc:5zjsypujraz2kbwegjev4cd2,1,gabeburgess.bsky.social,pdr-mrgl23.bsky.social
did:plc:jlloe75k2eegbd555bpr4miz,did:plc:mlenp7cyz6fl7klychp6hsma,1,gabeburgess.bsky.social,sjdco-xblows.bsky.social
did:plc:jlloe75k2eegbd555bpr4miz,did:plc:tvlmqqpqdahozj6ismw4f646,3,gabeburgess.bsky.social,cascadetommy.bsky.social
did:plc:jlloe75k2eegbd555bpr4miz,did:plc:wbpjhdry2la6ozeiqrdmpmms,1,gabeburgess.bsky.social,kpelton.bsky.social
did:plc:jmf3nnom4tzj67pkntmuiqqa,did:plc:54fsrhhs2337rhhkr7cgtzm6,1,streetlightlily.horntforgood.com,imryan.bsky.social
did:plc:jmqee5yt4vwc45mleqpf7rdi,did:plc:j3ht2ibsrx3v5ef57uqpa6ax,1,csmcgowan.bsky.social,toriimacdaddy.bsky.social
did:plc:jmyx2ye3gwqerrqijlix7wgw,did:plc:kieme6lsxzsbmcizqr4snp7b,2,edcrisostomo.bsky.social,animeiscool.bsky.social
did:plc:jnf4fqcqqrshcl5ef6qfxa5h,did:plc:6435lftcmpvxasbkrtsw22i7,1,malmeida.bsky.social,mcnees.bsky.social
did:plc:jnv72zwzuxtfmdc54ryy52cl,did:plc:b2kutgxqlltwc6lhs724cfwr,1,j-martinez.bsky.social,theathletic.com
did:plc:jnwdt7hj4fb5wz7f555zs2cn,did:plc:vpbernhkthlhzdybhar225b2,1,rosewig.bsky.social,scottstrivia.bsky.social
did:plc:jnwmkn2wjrm5mqg2mmyfpv4r,did:plc:6aifpf2xnhxtzqhgergp4732,1,davek81683.bsky.social,jessespector.com
did:plc:jnwmkn2wjrm5mqg2mmyfpv4r,did:plc:bpx5ab47lqy7zgxu222b4n2z,1,davek81683.bsky.social,mayorofoakland.bsky.social
did:plc:jozhpdmnzdn3cn6g4adsajxu,did:plc:uoumz6fjlsral6odboplm2sd,1,tvbrain.bsky.social,susieb.bsky.social
did:plc:jp5zbc3o6innlkewp3jxgbo4,did:plc:stnds3lpe36fa2nb4msw42rg,1,bobpickering.bsky.social,honestlarry.bsky.social
did:plc:jpanr2tg23m7xejmtsuug6fm,did:plc:gt3unljcqhimumy5zgosk3gv,1,metalyger.bsky.social,davidbix.bsky.social
did:plc:jpjjia7g3emboedg5aummtfw,did:plc:oy4kdfr45ndkpijtzmgtivke,1,servantand.bsky.social,writernatswift.bsky.social
did:plc:jpnthlnrxuvpq6shn6yxleaa,did:plc:c3nhpdtyydxcyu5empwuotmo,2,mebartl8.bsky.social,gjsquared.bsky.social
did:plc:jpnthlnrxuvpq6shn6yxleaa,did:plc:chzaktosfz5uwviz5cjiwg5f,1,mebartl8.bsky.social,jskrenes.bsky.social
did:plc:jpnthlnrxuvpq6shn6yxleaa,did:plc:glmxe4fbzv5zu4vblv7hnh4b,1,mebartl8.bsky.social,marlaef.bsky.social
did:plc:jpnthlnrxuvpq6shn6yxleaa,did:plc:pz6qkctym7ferlcwtppu2cps,1,mebartl8.bsky.social,farns.bsky.social
did:plc:jpnthlnrxuvpq6shn6yxleaa,did:plc:uk7rsmsirq2xt3yguez3s4go,1,mebartl8.bsky.social,bangoladderdunk.bsky.social
did:plc:jpnthlnrxuvpq6shn6yxleaa,did:plc:wkbysllyarm4b3kxrj3mfxau,4,mebartl8.bsky.social,stpaulite.bsky.social
did:plc:jpqhdn2ludsdoxmfyvsosypr,did:plc:hf7ezrajxadu7v3tzcyij424,1,smellsfischy.bsky.social,parkermolloy.com
did:plc:jpzqe7uoibqmgsrgnhg27acl,did:plc:26375peygwnrijoepmy2fdcs,1,macd123.bsky.social,washingtonstatestandard.com
did:plc:jq7ha2n4rs4bctt77sktiunp,did:plc:axf7uxxvhvbfu773t6j3zkty,1,zaow.bsky.social,k1maws.bsky.social
did:plc:jqgozqry43c63fpik2uac4nb,did:plc:zettk4izv62rx4ln37ukaqfw,1,howdytimbo.bsky.social,thebstardsback.bsky.social
did:plc:jqxl2y7zrfqpdvbgzx43fwsh,did:plc:6yq6bvsze6hgcovvenk2rug2,1,sleepingmonkey.bsky.social,bullmastiffla.bsky.social
did:plc:jr4dpbwruxi6aykya7iohrdk,did:plc:2vx7moe4gf6qh3x5s4pokkie,1,reverendmakelove.bsky.social,ashleysays.bsky.social
did:plc:jrpwkpac6iln5fvva4fq5twa,did:plc:aybotarrzwf3by4mhvtzyk5b,2,carloapostoli.ft.com,benschleuss.bsky.social
did:plc:jrpwkpac6iln5fvva4fq5twa,did:plc:uqqjc2t5jdz6osnsay4n6m6s,1,carloapostoli.ft.com,gengaara.bsky.social
did:plc:jrrm6kc2i4lmvpbw7hgnz3xs,did:plc:iknpxutwz7gy6r7adz25i35v,1,sethanikeem.bsky.social,mcgonagallcat.bsky.social
did:plc:jrwvkf7hcced2q3g2mkdqihr,did:plc:yj436z2s2v37rvaw33lc4ryq,1,pedroyokes.bsky.social,mbkplus.bsky.social
did:plc:jshuufonodougqkxnrxn3mo5,did:plc:uq4rl5ozgfkyujw4ejela3l7,1,clubantietam.bsky.social,kerithburke.bsky.social
did:plc:jsmgbe3bmfsogmseyxc2ynrr,did:plc:47nbp4fr2ypqx4s33qh2og34,1,sportlover.bsky.social,edanderson27.bsky.social
did:plc:jsmgbe3bmfsogmseyxc2ynrr,did:plc:f757g3nzbf5wky2hzim27zom,1,sportlover.bsky.social,nycsteeler.bsky.social
did:plc:jsmgbe3bmfsogmseyxc2ynrr,did:plc:uwunrc4me5vby6eef4xymwbh,1,sportlover.bsky.social,wildstreet.bsky.social
did:plc:jsqfxwjorxqkr3azmjfqaf2p,did:plc:udj5sty2gbhfb4yisnkxd3aq,1,henchman1.bsky.social,russohockey.bsky.social
did:plc:jsuimmxyqxb2gyajljv6acu4,did:plc:uot2muy7bgn6ju7lj23ztk3i,1,aarondproctor.bsky.social,mellyinchains.bsky.social
did:plc:jucp2iafowzylutajjbsfjko,did:plc:btbyqeyeodud4mdiff2dkrxa,1,simulation.bsky.social,jessichords.bsky.social
did:plc:juhfcp2mifnlqvcp6i5t7v3s,did:plc:pipocglsuzkd4qa4bxjsj6ub,1,thediscfan.bsky.social,unknown-smoke.bsky.social
did:plc:juminc7tmx2q6qkujkrdrf5z,did:plc:hf7ezrajxadu7v3tzcyij424,1,yumoj.bsky.social,parkermolloy.com
did:plc:jumzrq6ex7yox2ej4i2qbr7x,did:plc:jwud2x6ofpyowabq7d4cpdqb,1,billgbbmt.bsky.social,pakaflocka.bsky.social
did:plc:jumzrq6ex7yox2ej4i2qbr7x,did:plc:lyrhzsfcnpthqs3t5ks6pqzv,1,billgbbmt.bsky.social,marcjspears.bsky.social
did:plc:jumzrq6ex7yox2ej4i2qbr7x,did:plc:sa73fbx3vxzh2fw5pu5wmief,1,billgbbmt.bsky.social,shamsbot.bsky.social
did:plc:jumzrq6ex7yox2ej4i2qbr7x,did:plc:sijg6fcx3czfj7xh556g5z7d,1,billgbbmt.bsky.social,deepfriedcouch.bsky.social
did:plc:jvlxxl3mrl6ggcua7htiqkf2,did:plc:2mxadfg4ck5lwlur64dsvan7,1,bixtram.bsky.social,brenda2026.bsky.social
did:plc:jvma5mntqzaptazcoh3343ps,did:plc:4md3rkqkr6m6ifmggsbz6nde,1,transitfossil.bsky.social,nbabeau.bsky.social
did:plc:jvma5mntqzaptazcoh3343ps,did:plc:6kv5inxd5x4tuydxlob27f36,1,transitfossil.bsky.social,angrydonkeynews.bsky.social
did:plc:jvmzfxxtt3mqdtqpw24yvfia,did:plc:cwoisadsh554flcux7i5szar,1,eddiestats.bsky.social,dartadams.bsky.social
did:plc:jw5yv2y6yrr3vl255rnf4t3d,did:plc:sa73fbx3vxzh2fw5pu5wmief,1,jgately.bsky.social,shamsbot.bsky.social
did:plc:jwcju5if7oh5z52jto6qik5z,did:plc:gpfh2unm6jlr6qevxpq45tjd,1,edgarallandoh.bsky.social,vilissathompson.bsky.social
did:plc:jwfsfv54si6vvazun5x24hpc,did:plc:sa73fbx3vxzh2fw5pu5wmief,1,packersnstuff.bsky.social,shamsbot.bsky.social
did:plc:jwisx2ht7rps76hht4hj4ney,did:plc:luofuy2uw7g4vsd2vbwidtel,1,maxximista.bsky.social,keithsmithnba.bsky.social
did:plc:jwisx2ht7rps76hht4hj4ney,did:plc:mfmr2gsrnzgtwofkkbybyk74,3,maxximista.bsky.social,sullivanjeff.bsky.social
did:plc:jwisx2ht7rps76hht4hj4ney,did:plc:sxqmtj2mpdmurwyb7gohwdgb,4,maxximista.bsky.social,withmorewit.bsky.social
did:plc:jwn7pegvudlpdqfqivy67bqt,did:plc:6jpqgc6d4tplxcioxuh7khmr,1,pmr001.bsky.social,jimowczarski.bsky.social
did:plc:jwrjsiwwh2akgz37gk2fwpf6,did:plc:sa73fbx3vxzh2fw5pu5wmief,1,marvinrando.bsky.social,shamsbot.bsky.social
did:plc:jwud2x6ofpyowabq7d4cpdqb,did:plc:jumzrq6ex7yox2ej4i2qbr7x,1,pakaflocka.bsky.social,billgbbmt.bsky.social
did:plc:jxddrz5waf2agh6tehgv3n5g,did:plc:7sfnardo5xxznxc6esxc5ooe,2,bambam350.bsky.social,nba.com
did:plc:jxddrz5waf2agh6tehgv3n5g,did:plc:kdvkohfy7btmsdkg5mwuzjbw,1,bambam350.bsky.social,nuggets.bsky.social
did:plc:jxeww66t2k5vwuvmxkjydrka,did:plc:fpoxw6nugpogfmb5pdheb4qc,3,wovenantelope.bsky.social,smellmymule.bsky.social
did:plc:jxk4v653kxqxixswujukgd6e,did:plc:pqvivgo4qboo6x33tctwqaw6,1,catenaccio1893.bsky.social,stuttgart1893.bsky.social
did:plc:jxr3rg4xieybiezq376kellz,did:plc:35lktqpeh5klf77fjululglh,2,alainawiens.bsky.social,mitchnobis.bsky.social
did:plc:jxr3rg4xieybiezq376kellz,did:plc:b6ifksscllmlnu43f3znvnw2,1,alainawiens.bsky.social,oobh.bsky.social
did:plc:jxr3rg4xieybiezq376kellz,did:plc:zkgbnj6gmpdnumdt53plwp6h,3,alainawiens.bsky.social,basedpistons.bsky.social
did:plc:jy3fnwxcbea25dhlyrtjfwh6,did:plc:qcqrdzuykk5jfmubenks3uml,1,ckstevenson.bsky.social,insidemdsports.bsky.social
did:plc:jy5ncgzhaepujh27q77jqi2y,did:plc:rrh5me656wmncolysevqhc4y,1,khanstipated.bsky.social,adamaaronson.bsky.social
did:plc:jy67y7xqvqeywa6bqztv2lbt,did:plc:2emupgm6taztttxwrjk4qk22,1,bl-pat.bsky.social,1robgunther.bsky.social
did:plc:jyed6pi6pwbwqfoengw4ote7,did:plc:26375peygwnrijoepmy2fdcs,1,rechenberger34.bsky.social,washingtonstatestandard.com
did:plc:jyrvhctufcsnk5wt7lwm72it,did:plc:6al54dzp7ltouzyyfeqhjnze,1,chocotaco.bsky.social,brobroma.bsky.social
did:plc:jyy73fcyqkvsrt72vmi4rjrl,did:plc:6cmhsudhfdknx7qgyjzhcz3c,1,tinytrashmarten.bsky.social,furry-hater.bsky.social
did:plc:jz6wo2cl4k5xntn7jcbdubkq,did:plc:k3wjxgr3ywq4qzrwpxqtqa3t,2,vonhung.bsky.social,gnocken.se
did:plc:jzg53eojiuq53dqvamxeivw4,did:plc:m2m5pha3au5lvk6orjyftrhr,2,scoreboardpage.bsky.social,foxtelken.bsky.social
did:plc:jzr5ls5laoyfmraosqohugte,did:plc:igwnnfvmgtrxmgumffgkjfpa,1,dajbro.bsky.social,thesteinline.bsky.social
did:plc:jzr5ls5laoyfmraosqohugte,did:plc:ne344shcm2jowdwh5whzkgfn,2,dajbro.bsky.social,faignews.bsky.social
did:plc:jzuc7vicjh46p5sfiglmcycf,did:plc:2ufp6rz3xoexzw7s3dgfnbbt,1,sunrises.bsky.social,meninblazers.bsky.social
did:plc:jzyzcegntkgc7a3bgnikg7eb,did:plc:4xpj3xjxsxxcuh3ghaulzdqu,1,harsh70117.bsky.social,yourmandevine.bsky.social
did:plc:k25wlfzpwwg72varcwx6cxfc,did:plc:liijgvp2r2mpjz2olrdfe75m,1,aissathinks.bsky.social,theboredshow.bsky.social
did:plc:k27dvzbnxmhwzbwvsdqshe7o,did:plc:e3ktrbooe3mildj4hhwhsvtc,1,romberglab.bsky.social,mikeascotto.bsky.social
did:plc:k27pquplhcjgjwvsv5ypvf27,did:plc:2emupgm6taztttxwrjk4qk22,1,msdianan.bsky.social,1robgunther.bsky.social
did:plc:k2o76v34hznwptzu2jc5u7e4,did:plc:gfrhewodxo6pdcmekgweejtc,1,randell.bsky.social,roberttroyross.bsky.social
did:plc:k2oaljj32g4no3xibycofgaj,did:plc:hieewdiuoxinwjvnejkmbimd,1,lameguy76.bsky.social,snotboogie.bsky.social
did:plc:k2qvkfou3p4mjup5yt35sle4,did:plc:wqd6thuftjwpzgosbl3tkp2e,1,wiseposter.bsky.social,danclyne.bsky.social
did:plc:k375tygfkgc2cisor6zmfivj,did:plc:j24jtz7xkt5ttdsk32mmpkvn,1,fabsrubio.bsky.social,johnhollinger.bsky.social
did:plc:k37ousn7t2cc4mslvdhbgobi,did:plc:7qy4twkz4qvbp5gr3veacewu,2,will-jones.bsky.social,ashtony97.bsky.social
did:plc:k37ousn7t2cc4mslvdhbgobi,did:plc:bs2cajroxw6g4b3a4t3pnyz5,1,will-jones.bsky.social,sportsballitics.bsky.social
did:plc:k37ousn7t2cc4mslvdhbgobi,did:plc:mjlwscaq6objpocqcwyhx6ag,1,will-jones.bsky.social,stormaciousd.bsky.social
did:plc:k37ousn7t2cc4mslvdhbgobi,did:plc:v3rvpshtirgoxscnmcjr7q2c,1,will-jones.bsky.social,adamjst.bsky.social
did:plc:k3c4dh46tanx4uho52g7ptbc,did:plc:ank6pz6hhgvrtmwg7rmmw4fo,1,dallin-h-hoax.bsky.social,sltrib.com
did:plc:k3i3d2xfibssxz2lbm45x54o,did:plc:c6k2ozisr2bbitsafwwyistf,1,joshgondelman.bsky.social,ruemcclammyhand.bsky.social
did:plc:k3srwxbpuliwhboqnmpcnel6,did:plc:2py26y2vffajxu6uexbfbyg4,1,curdgirl.bsky.social,mitchellnba.bsky.social
did:plc:k3wjxgr3ywq4qzrwpxqtqa3t,did:plc:jz6wo2cl4k5xntn7jcbdubkq,2,gnocken.se,vonhung.bsky.social
did:plc:k4axkgngkwvjbbm5jyihnqkn,did:plc:3bskuhu5fv2azw6cmf7xf64q,1,bogyankee.bsky.social,brgulker.bsky.social
did:plc:k4fpni725uq2pm75c24wyneu,did:plc:e62gb2ushvtvjvqcbrxeaw2n,1,busyxb.bsky.social,chrislhayes.bsky.social
did:plc:k4xlpih55nbsrs3taia4zviu,did:plc:fqsmj7o5mbb7n7oav2kkjuid,1,surferboypizza.bsky.social,nbastat.bsky.social
did:plc:k5kxsix7n32s6vrdyjos6du6,did:plc:fkpnckg4eqizwxmgrxrgwyxo,1,bearthebull.bsky.social,philiprr.bsky.social
did:plc:k5lyjihcu624v3p5p2pw3yql,did:plc:e62gb2ushvtvjvqcbrxeaw2n,1,pelzkomet.bsky.social,chrislhayes.bsky.social
did:plc:k5oarlgovtczzmce7peut22b,did:plc:fdw3hkjrul22w75bdw5pcsn3,1,michaelolivares.bsky.social,tomorsborn.bsky.social
did:plc:k6dttcbfdx4xwhvpfqylyl34,did:plc:vlok63tvtdztzfhj4tgk6y3j,2,theflyersprism.bsky.social,charlieoconn.bsky.social
did:plc:k6jgbx7wc657rq2tzziyxhti,did:plc:3h4rdvjkdpqazd4wqsaf66kq,1,tediosa-miss.bsky.social,kalima-monzonica.bsky.social
did:plc:k6jgbx7wc657rq2tzziyxhti,did:plc:5u52hag2dioduklzkdwzhetu,1,tediosa-miss.bsky.social,natsun3k0.bsky.social
did:plc:k6jgbx7wc657rq2tzziyxhti,did:plc:ab5acy542geu4r5beg2e4iuc,3,tediosa-miss.bsky.social,jomateix18.bsky.social
did:plc:k6jgbx7wc657rq2tzziyxhti,did:plc:c4iu3jfajcqruf5ddwzx7lsq,1,tediosa-miss.bsky.social,uveeme.bsky.social
did:plc:k6jgbx7wc657rq2tzziyxhti,did:plc:ekqcakaxps5qyff7ucfogfe3,1,tediosa-miss.bsky.social,donarfonzo.bsky.social
did:plc:k6jgbx7wc657rq2tzziyxhti,did:plc:fk3z274ne4tq5onzusdaytc7,2,tediosa-miss.bsky.social,netoverflow.eurosky.social
did:plc:k6jgbx7wc657rq2tzziyxhti,did:plc:gbpa4qdhjuyqnjw47qrqtjd4,1,tediosa-miss.bsky.social,mrivasalvarez.bsky.social
did:plc:k6jgbx7wc657rq2tzziyxhti,did:plc:i2cuwkzeuwfymhbvdgtslvwg,4,tediosa-miss.bsky.social,dafniseye.bsky.social
did:plc:k6jgbx7wc657rq2tzziyxhti,did:plc:i5mkq5rxhd54hbhd5vvwgekb,1,tediosa-miss.bsky.social,cuprazo.bsky.social
did:plc:k6jgbx7wc657rq2tzziyxhti,did:plc:khqjtzrjp5hd2mtjzupdby3q,1,tediosa-miss.bsky.social,agentesmint.bsky.social
did:plc:k6jgbx7wc657rq2tzziyxhti,did:plc:l3dcn4u4ryih2hhdpsrpll4x,1,tediosa-miss.bsky.social,edgarkent.bsky.social
did:plc:k6jgbx7wc657rq2tzziyxhti,did:plc:mscr6szm73igjwu3vrr4q4p2,1,tediosa-miss.bsky.social,pozik.org
did:plc:k6jgbx7wc657rq2tzziyxhti,did:plc:mzkapwhuki7wfrgtfexma6f3,1,tediosa-miss.bsky.social,palocortao.eurosky.social
did:plc:k6jgbx7wc657rq2tzziyxhti,did:plc:nk3xxstiv7k6rj4j6ovaozhg,1,tediosa-miss.bsky.social,pedrinpapelin.bsky.social
did:plc:k6jgbx7wc657rq2tzziyxhti,did:plc:rxv2ivhy5ny2qt567wrpbtz2,1,tediosa-miss.bsky.social,carlos.alocen.com
did:plc:k6jgbx7wc657rq2tzziyxhti,did:plc:t23vdgskwp7pjycectjykh3u,1,tediosa-miss.bsky.social,muerdemetu.bsky.social
did:plc:k6jgbx7wc657rq2tzziyxhti,did:plc:ucemecsf3q4nypk55dtzniy3,1,tediosa-miss.bsky.social,barbatang.eurosky.social
did:plc:k6jgbx7wc657rq2tzziyxhti,did:plc:udatgjhmkbekordkaqln3qiv,2,tediosa-miss.bsky.social,drzoidbergreal.bsky.social
did:plc:k6jgbx7wc657rq2tzziyxhti,did:plc:xsf56k35iycs5z7gr64g6uya,2,tediosa-miss.bsky.social,dedoxys.bsky.social
did:plc:k6l3jy54yyx33kkds4keh4tq,did:plc:hph3zayduzdz756ngzb6qhix,3,totallypaula.bsky.social,machiavelli-311.bsky.social
did:plc:k72kggkfw4jhpdyu742uo4qa,did:plc:luofuy2uw7g4vsd2vbwidtel,2,heyhoody.bsky.social,keithsmithnba.bsky.social
did:plc:k72kggkfw4jhpdyu742uo4qa,did:plc:pg3zlnog4fdtsy4yu6nh46fi,1,heyhoody.bsky.social,chrisherrington.bsky.social
did:plc:k72kggkfw4jhpdyu742uo4qa,did:plc:sa73fbx3vxzh2fw5pu5wmief,1,heyhoody.bsky.social,shamsbot.bsky.social
did:plc:k72kggkfw4jhpdyu742uo4qa,did:plc:wbpjhdry2la6ozeiqrdmpmms,1,heyhoody.bsky.social,kpelton.bsky.social
did:plc:k77if5kfdhshbodwowsi3uk2,did:plc:bumu6s332o24fppobse7j3ms,1,greggjlevine.bsky.social,matttomic.bsky.social
did:plc:k77if5kfdhshbodwowsi3uk2,did:plc:ubrix7bxox72zs7bb3zpcqj2,1,greggjlevine.bsky.social,airedmania.bsky.social
did:plc:k7nwkgdtztad7fzd4co6oymb,did:plc:6cmhsudhfdknx7qgyjzhcz3c,1,aggronvation.bsky.social,furry-hater.bsky.social
did:plc:k7rp7kovvbohb4vp5cgi774m,did:plc:sskboyevrvghclhrrgpttls5,2,timruckle.bsky.social,ericapricot.bsky.social
did:plc:k7tqnohoj76oyyfolyszsunw,did:plc:uot2muy7bgn6ju7lj23ztk3i,1,flynnjeux.bsky.social,mellyinchains.bsky.social
did:plc:kahoqx3dsa2g4amr5mhrjzzy,did:plc:nk756gkpj52ryc6gaorkvctp,1,sportsmoviesbooks.bsky.social,nbacobwebs.bsky.social
did:plc:kazgwkgrncckkstazuh3odek,did:plc:sa73fbx3vxzh2fw5pu5wmief,2,quadoooo.bsky.social,shamsbot.bsky.social
did:plc:kazgwkgrncckkstazuh3odek,did:plc:tuezgllkro3n37ymvm6f3gta,4,quadoooo.bsky.social,moonbar.bsky.social
did:plc:kb2iy5shsren7rwjotpiov4c,did:plc:dz7swnlgzjnxehyud3654vqd,1,ucchoi01.bsky.social,janecoaston.bsky.social
did:plc:kb7vf3q4gimg7rtwwnfbc5a5,did:plc:e62gb2ushvtvjvqcbrxeaw2n,1,peggyonthepier.bsky.social,chrislhayes.bsky.social
did:plc:kbbjml2lbzrleyxihcneiik2,did:plc:cyflytcyyyhawlrnnwiv25nd,1,eugenebwhitaker.bsky.social,btoporek.bsky.social
did:plc:kbbjml2lbzrleyxihcneiik2,did:plc:g2aq2tld5ukrbi7txlusrfel,1,eugenebwhitaker.bsky.social,johngonzalez.bsky.social
did:plc:kbkn2wz2znozfitjwz3ijjxc,did:plc:vl7xfk75ufxgmolpoect47ez,1,sirnemo.bsky.social,thuginator.bsky.social
did:plc:kbrdglnzbvzulakgcckscgvr,did:plc:b2kutgxqlltwc6lhs724cfwr,1,dbasaulgoodman.bsky.social,theathletic.com
did:plc:kbvjxk3j6ho53pcjgbqpnsh3,did:plc:nztbvvo2gl4227zuxjf7gog3,1,ericwilltrek.bsky.social,ddayen.bsky.social
did:plc:kbzad5k7ettnd47pv4wljh74,did:plc:a67zdrt4nl2tv2qojpngogbq,1,markc-289.bsky.social,apnews.com
did:plc:kcajfrlgh5r5df7hdcmsbrpl,did:plc:kogy6c4zp7xsxvesdb4o2ldl,2,seltzerism.bsky.social,zomfie.bsky.social
did:plc:kcgowquw5fcjbzwnqwdt5rck,did:plc:4kgda5cgziaxtlbpxjg5ttj5,1,cris1k99.bsky.social,jdub9911.bsky.social
did:plc:kcgybfbfspnsi4oxrstgf6gy,did:plc:7a2rqwgyo3dchqffvdtcdicm,1,johnnyburke.bsky.social,adamcarrico.bsky.social
did:plc:kcgybfbfspnsi4oxrstgf6gy,did:plc:ov7yyu2taf5uzitjznhc2rto,1,johnnyburke.bsky.social,modakhilnba.bsky.social
did:plc:kcnfefeaqi3twvfxycjo3lp2,did:plc:eh3ofa4kdipbpiitmarzgud5,1,erikgunderson.bsky.social,pdxlawyerdad.bsky.social
did:plc:kcwsn6momiof2c2pyfjv45nb,did:plc:6jpqgc6d4tplxcioxuh7khmr,1,rastapackermon.bsky.social,jimowczarski.bsky.social
did:plc:kd47dtpn6srbab2tcgfgrryw,did:plc:crcybmshorvvegmbkp5rvgjv,1,dariorivero.bsky.social,nbcswarriors.bsky.social
did:plc:kdg7ushjldnlknytqytf4bii,did:plc:l4ujp6ilccoopgthm62tvfy7,5,westcoastspurs.bsky.social,brooklyn1882.bsky.social
did:plc:kdg7ushjldnlknytqytf4bii,did:plc:rsmvjpualofdjzd7vcxnocii,1,westcoastspurs.bsky.social,dyllima37.bsky.social
did:plc:kdkbmoze3rehwvbwezudraj5,did:plc:qvoqbrrn4gxkskr7vqd45rdq,2,chaoskat.bsky.social,ericstephen.bsky.social
did:plc:ke37sojlsehzjq54ud6dhaq3,did:plc:bjiy5c7ixldsfsov2rzoxb7k,1,pjfoss.bsky.social,sjsharks-news.bsky.social
did:plc:ke4hki3el2vwoyrlgyaicr6c,did:plc:7flmq4g2ytgtdm3pfycot3wg,1,urbanaudacity.blacksky.app,viewtifulo.com
did:plc:ke4hki3el2vwoyrlgyaicr6c,did:plc:eem77qezjkladieawzuscq6w,1,urbanaudacity.blacksky.app,whatyeahokay.blacksky.app
did:plc:kegsrqitw7qm75mc44yeqww6,did:plc:6232ziigdajlosxomjlwlcra,2,march649.bsky.social,yamisome.bsky.social
did:plc:kei4pmbul4bd5xv65wmjinbh,did:plc:gnmf3uwcvxsnagqp2tiupvxl,1,brucerey3.bsky.social,sometradesjack.bsky.social
did:plc:kexbdbjku73nwhv7s4hde64w,did:plc:sa73fbx3vxzh2fw5pu5wmief,2,5tephenk.bsky.social,shamsbot.bsky.social
did:plc:key6is4vyioxvb4lakwqnybj,did:plc:eclio37ymobqex2ncko63h4r,1,fuenteovejuno.bsky.social,nytimes.com
did:plc:kf3gljnj4tnevcscol6lo6zu,did:plc:bdacp2cmuuyawx553cv2spdy,1,jeremybiff.bsky.social,grubb.wtf
did:plc:kf7tthmox6y3pk3t3wb3dvyu,did:plc:6jpqgc6d4tplxcioxuh7khmr,1,sobiesk2.bsky.social,jimowczarski.bsky.social
did:plc:kf7uf5mckggknauxs7jjfz5l,did:plc:t4i3a4fawuzge3dsw2i2h2fw,1,alicethewonderdog.bsky.social,markjacob.bsky.social
did:plc:kfehek62o655ms3sbe3zrfqd,did:plc:35uepw63tghwbewxhzyemxfx,1,paddygurks.bsky.social,gourmetspud.bsky.social
did:plc:kfesovmokjyyccqbt7pgw6a5,did:plc:qirafn4ixijht46fh2mvtwid,1,nordicweaselgames.bsky.social,milpool.bsky.social
did:plc:kfhvz5tuvxr4iqs4yi7odx6c,did:plc:itppvytc7nxhz63shipp2q26,2,paulmontgomery.bsky.social,fmi.bsky.social
did:plc:kfs7jzwvi7fdopvoq74dmwta,did:plc:odfqrlx5qtjfl5troxykqd5c,1,williamadler78.bsky.social,dwillis.bsky.social
did:plc:kfs7jzwvi7fdopvoq74dmwta,did:plc:t5ovs2s26h5wsypd6s7h5kga,1,williamadler78.bsky.social,marcmalon2.bsky.social
did:plc:kfwwoiuw2mc7gfgy55hpk5ck,did:plc:dwh7s6b4hspjezg2wi5rtp45,2,giromide.online,scholvin.com
did:plc:kgkarl5c2srnmxqsq6y3trnj,did:plc:inqsf2vb3fk6hj2x5r2xd72j,1,crb1079.bsky.social,kdonhoops.com
did:plc:kgkarl5c2srnmxqsq6y3trnj,did:plc:kvf6pnfrtgek6jqlkpqhgacv,1,crb1079.bsky.social,yossigozlan.bsky.social
did:plc:kgkarl5c2srnmxqsq6y3trnj,did:plc:s42iw2fbfmgsgh7hdtvvoaao,1,crb1079.bsky.social,hoopinformatics.bsky.social
did:plc:kgkarl5c2srnmxqsq6y3trnj,did:plc:shbrsjbjrqrsnjxwniprp6s6,1,crb1079.bsky.social,rickyodonn.bsky.social
did:plc:kgkarl5c2srnmxqsq6y3trnj,did:plc:w4ldll4djkh36vk2bsj37l2x,1,crb1079.bsky.social,nrarmour.bsky.social
did:plc:kgkesdsdg2gpfw35e3hoq7cq,did:plc:6hkr3ivkbqplmhkzrbvk44bq,1,johmccu.bsky.social,natepentz.bsky.social
did:plc:kgo45g7krpb5chiqyarhaxwv,did:plc:sa73fbx3vxzh2fw5pu5wmief,1,medicineclam.bsky.social,shamsbot.bsky.social
did:plc:kgo45g7krpb5chiqyarhaxwv,did:plc:wmqeyoxhxyod73wcot4sqhe7,2,medicineclam.bsky.social,jonhamm.bsky.social
did:plc:kh3yx2swgm3ofzudkxqoofaz,did:plc:5h4oxakd7hgfv56usa7rldjb,1,jbralston.bsky.social,fergusmckee.bsky.social
did:plc:khdywag5hn33z3wogkw7nin2,did:plc:ll23rgrkk7tvdjey3kflygoq,1,swojack.bsky.social,anthonyvslater.bsky.social
did:plc:khfzuw4cubjn7rclbanc4kqb,did:plc:adxzhuin5dy6hr65hhkdoyab,1,gateshawk.bsky.social,rigamarock.bsky.social
did:plc:khfzuw4cubjn7rclbanc4kqb,did:plc:d5vcfslnbof6iscg6bkioloa,1,gateshawk.bsky.social,puddleofbrain.bsky.social
did:plc:khfzuw4cubjn7rclbanc4kqb,did:plc:iunx5vwylsklglrg2gim6izb,1,gateshawk.bsky.social,damonagnos.bsky.social
did:plc:khikarghalvq6w62vhrehv24,did:plc:4xaad7thmc4uqdhefbq6vizm,1,agattegno.bsky.social,johnbull.wtf
did:plc:khikarghalvq6w62vhrehv24,did:plc:bwg4fwxwfz4cy3cj4hxsikxw,1,agattegno.bsky.social,illfaded.bsky.social
did:plc:khkkkhl5yezvfymz4g4tnukt,did:plc:33yuttg43domt6gyddetilkn,1,johnschuhmann.bsky.social,nodunks.com
did:plc:khkkkhl5yezvfymz4g4tnukt,did:plc:s2ibun2lfcftexxcqsr4ryce,1,johnschuhmann.bsky.social,michaelvpina.bsky.social
did:plc:khqjtzrjp5hd2mtjzupdby3q,did:plc:k6jgbx7wc657rq2tzziyxhti,1,agentesmint.bsky.social,tediosa-miss.bsky.social
did:plc:ki2mxoyzkfggahrxdffeidjs,did:plc:zcifiaokjuznmkasf6zn347d,1,johncastiglione.bsky.social,flybyknite.bsky.social
did:plc:kiat4zv6n6ty5iklrmjppusm,did:plc:b2kutgxqlltwc6lhs724cfwr,1,dweber0099.bsky.social,theathletic.com
did:plc:kieme6lsxzsbmcizqr4snp7b,did:plc:4xaad7thmc4uqdhefbq6vizm,6,animeiscool.bsky.social,johnbull.wtf
did:plc:kieme6lsxzsbmcizqr4snp7b,did:plc:6aruq2to5dssyoqwmt5v3rvu,3,animeiscool.bsky.social,courtneyfox1.bsky.social
did:plc:kieme6lsxzsbmcizqr4snp7b,did:plc:6t6vdkdtsu2ktffzdydkymey,1,animeiscool.bsky.social,goodifitgoes.bsky.social
did:plc:kieme6lsxzsbmcizqr4snp7b,did:plc:eu4mhbymwbenkogsr7sdz63d,4,animeiscool.bsky.social,definitelyjustbob.bsky.social
did:plc:kieme6lsxzsbmcizqr4snp7b,did:plc:jmyx2ye3gwqerrqijlix7wgw,2,animeiscool.bsky.social,edcrisostomo.bsky.social
did:plc:kieme6lsxzsbmcizqr4snp7b,did:plc:uoumz6fjlsral6odboplm2sd,5,animeiscool.bsky.social,susieb.bsky.social
did:plc:kieme6lsxzsbmcizqr4snp7b,did:plc:uqtnb34oh7coqgyvk3ghtqcv,2,animeiscool.bsky.social,kinefresh.bsky.social
did:plc:kieme6lsxzsbmcizqr4snp7b,did:plc:vu5swjxgbdpcsrhthj37lsju,2,animeiscool.bsky.social,dr-thompson.bsky.social
did:plc:kinc2thzw6zs4ismamzgbv3d,did:plc:ukx6re2jdkh53xnirut6tr6k,1,amandasadiehistory.bsky.social,criminallyvu1gar.bsky.social
did:plc:kiqjcwhoc6a7uujm3ik7cb7h,did:plc:g3fvb2cxn4yxcq3rjd2llqv5,1,aussiedog.bsky.social,davidaldridgedc.bsky.social
did:plc:kiywz4ojawfkbmufk3ioe6ui,did:plc:b2kutgxqlltwc6lhs724cfwr,1,ldhy.bsky.social,theathletic.com
did:plc:kj2coj4ay67njna2khgr4r5q,did:plc:bams4eymjogqariinhmsbneg,1,nnanpei.bsky.social,llamsoyd.bsky.social
did:plc:kj34h3ao5cgupjwcpe22uv2b,did:plc:pgrqrtjyigyi3h4ygzkhxwkj,1,moheezy.bsky.social,mikevorkunov.bsky.social
did:plc:kj4ff6jl5e3g3udg6nempxbf,did:plc:oz6bkpnskcieebyvfstd4asb,1,mattwinkelman.bsky.social,baumann.bsky.social
did:plc:kjqvarh4g3geoe4cl3p3c7yt,did:plc:b66xfipaapa3kikbac5prwd5,1,aguilar46.github.io,benshoops.bsky.social
did:plc:kjqvarh4g3geoe4cl3p3c7yt,did:plc:x4gxcq7uospumk5ewsitfvse,1,aguilar46.github.io,getsit.bsky.social
did:plc:kkf6il33qzyomqvsk4m6hozb,did:plc:rkpzrwxex34r36ypejhew7ml,1,openapostrophe.bsky.social,howardbeck.bsky.social
did:plc:kkfzs3hwaelifgoajirxdzap,did:plc:wbfhe5tgv3seo3e27kycxliq,1,miketan.bsky.social,yaronweitzman.bsky.social
did:plc:kkhbaopwzo27d6xugplpsqc2,did:plc:jcgsmdp3ljkdlwma6nxxj5xh,2,hillrat.bsky.social,nerditry.bsky.social
did:plc:kkhbaopwzo27d6xugplpsqc2,did:plc:rclrz5cbgceazsjy2drh2lwg,1,hillrat.bsky.social,timdc.bsky.social
did:plc:kkhivd4hu5hhwl7kky4iamcl,did:plc:7vnaslmocusfll2e33k4jdhm,1,jp1m.bsky.social,joeviraynba.bsky.social
did:plc:kkouvcq42injlnkclcdag52i,did:plc:lldgxx4auj7zsd2fp4hbory3,1,nickspraguefutbol.bsky.social,markjonesespn.bsky.social
did:plc:kkrqtljfbaauqbet3fm3ex5q,did:plc:yr2fiqw4yxl2o6svlcjco7g3,1,erikbeimfohr.bsky.social,andywaters.bsky.social
did:plc:kl7kcl3zpcocmimjtvnew7oe,did:plc:kvf6pnfrtgek6jqlkpqhgacv,1,sdean.bsky.social,yossigozlan.bsky.social
did:plc:kl7kcl3zpcocmimjtvnew7oe,did:plc:shbrsjbjrqrsnjxwniprp6s6,1,sdean.bsky.social,rickyodonn.bsky.social
did:plc:kl7kcl3zpcocmimjtvnew7oe,did:plc:wzpgt6z5dcqldirvcapkpm6w,1,sdean.bsky.social,zenakeita.bsky.social
did:plc:kllxrudvkgmdiqmc3joo5koi,did:plc:gt3unljcqhimumy5zgosk3gv,1,aew.one,davidbix.bsky.social
did:plc:klrwefbt77b2e42sc7c672ju,did:plc:sa73fbx3vxzh2fw5pu5wmief,1,iapunk.bsky.social,shamsbot.bsky.social
did:plc:klxrfdfgw46owgd4lbeezssm,did:plc:xojxhkdoymy4ts2sohhtawgo,1,chrisfumo.bsky.social,rjsizzle.bsky.social
did:plc:km5cwxlsqvecskokvkd7v3g5,did:plc:t4i3a4fawuzge3dsw2i2h2fw,1,awolfesister.bsky.social,markjacob.bsky.social
did:plc:km6c2ioh4da5qealhdkgqcgw,did:plc:jc2esfpivqfxblobg5b5plov,1,heelintheirfeels.bsky.social,1234567.bsky.social
did:plc:kmbli3fkbrbxegoo7v6f6ymp,did:plc:sgqlb2os5537waze4wjtfprl,1,garykramer.bsky.social,sarahspain.com
did:plc:kmgdbkm7cxnvytprlfhss3qr,did:plc:dwt2qbqzkfrhootj6ax62fpw,1,16kts.bsky.social,johncorn.bsky.social
did:plc:knb2b6jbk6vug6onnx6kmadb,did:plc:7dlhmih6zwcpsu3e54yykpvp,1,brebb.bsky.social,kofie.bsky.social
did:plc:knjswyyqw7mx4kmochyj4tne,did:plc:4xpj3xjxsxxcuh3ghaulzdqu,1,jonahkaufman.bsky.social,yourmandevine.bsky.social
did:plc:knt6uzaa3se6e5yrdle4ihuw,did:plc:ytgguhxzb2hab3cpbzkiymss,1,eazyent.com,medcrisis.bsky.social
did:plc:kogy6c4zp7xsxvesdb4o2ldl,did:plc:kcajfrlgh5r5df7hdcmsbrpl,2,zomfie.bsky.social,seltzerism.bsky.social
did:plc:kogz34hpsvznw4qdrv525qqq,did:plc:mnfrg3uranmquicq6zz7gdij,1,jefffromsyracuse.bsky.social,thefarmerjones.bsky.social
did:plc:kp2at43pfcf4z4qkan2xwexo,did:plc:6xavmse54akxck7wlul3k5d5,1,effth1s.bsky.social,fiveburger.bsky.social
did:plc:kpau5dsqg5f6iptnu6dsairx,did:plc:7sfnardo5xxznxc6esxc5ooe,1,oscardee93.bsky.social,nba.com
did:plc:kpwhldfxutpxgrimsvs2vber,did:plc:shbrsjbjrqrsnjxwniprp6s6,2,michaelwaterloo.bsky.social,rickyodonn.bsky.social
did:plc:kqaro3khpx2yecxmnjjeuowd,did:plc:x5ws4443357brulpdp7zl2qt,1,ftc-c.bsky.social,mikefinger.bsky.social
did:plc:kqc3zkvh6vih2xxegxxdpgln,did:plc:s6jt6arsswpcgc7puughvikv,2,macvanavermaet.bsky.social,florrekt.bsky.social
did:plc:kqrsldmxrgqccl22j6rnwcux,did:plc:r4ubfvtnwl2inh3c3dmuiqck,1,bhaynes.bsky.social,thisiskashmir.com
did:plc:kqurkuiqsobglh7ojxdt3wgd,did:plc:maqxe4oag6x7caxpmk65iilo,1,frogtypegames.bsky.social,otsumamiboy.bsky.social
did:plc:kr4idrjhjzk7oxpkwdfirxdc,did:plc:ne344shcm2jowdwh5whzkgfn,1,tabsadvocate.bsky.social,faignews.bsky.social
did:plc:krbaizbhdphji5kaa3zvypfv,did:plc:luofuy2uw7g4vsd2vbwidtel,1,dannyr1.bsky.social,keithsmithnba.bsky.social
did:plc:krbaizbhdphji5kaa3zvypfv,did:plc:sa73fbx3vxzh2fw5pu5wmief,1,dannyr1.bsky.social,shamsbot.bsky.social
did:plc:kriqkh4qvl3wekn5qag747vi,did:plc:lyr2nmjy7wmxadcfqdewmh7j,1,bipolarpisces35.blacksky.app,dlchandler123.bsky.social
did:plc:ks7tk3c5weofvotvizhdtewx,did:plc:r75hy7lkaay466pi6tislogy,4,alexincommunity.bsky.social,brooklynbuckets.bsky.social
did:plc:ks7tk3c5weofvotvizhdtewx,did:plc:ulaexgv7hpnzfcxekjncw2yy,1,alexincommunity.bsky.social,erich-online.bsky.social
did:plc:ksuefxkhj2nmtq7545hp5m4z,did:plc:sljlev5heh62gat437crftdq,1,srysraduorock.bsky.social,pepebrasin.bsky.social
did:plc:ksv7h7ynainc7djerjud7wr4,did:plc:4xpj3xjxsxxcuh3ghaulzdqu,1,trilliemcginest.bsky.social,yourmandevine.bsky.social
did:plc:ksv7h7ynainc7djerjud7wr4,did:plc:nbfiullurhvckeeodsvj5h5z,2,trilliemcginest.bsky.social,boilerjacket.bsky.social
did:plc:kt6ks3hal2a3yu57pv5qyczv,did:plc:2jprfvpdny5oxnqyjs2jijzm,1,moosebilligans.bsky.social,spencito.bsky.social
did:plc:ktiiblrpfbet3ymlwodoc65g,did:plc:e62gb2ushvtvjvqcbrxeaw2n,1,urban.bsky.social,chrislhayes.bsky.social
did:plc:ktinr6kcuhf2qofrjl64bdqy,did:plc:5gj5khlp45ju7pi5oagklt4x,1,mrmeeeps.bsky.social,willholder.bsky.social
did:plc:ktinr6kcuhf2qofrjl64bdqy,did:plc:cegqm5o2fwtbt66gufrpigt5,1,mrmeeeps.bsky.social,stfu.dad
did:plc:ktumke5uysysckbhiyvhttdg,did:plc:26375peygwnrijoepmy2fdcs,1,schrodingersleft.bsky.social,washingtonstatestandard.com
did:plc:kuv2dxnb6hgkkuazauffo65t,did:plc:sgqlb2os5537waze4wjtfprl,1,kemgooner.bsky.social,sarahspain.com
did:plc:kuvf5qlxbv7d3lizbcyeyagi,did:plc:e3ktrbooe3mildj4hhwhsvtc,1,nbacausul.bsky.social,mikeascotto.bsky.social
did:plc:kuvf5qlxbv7d3lizbcyeyagi,did:plc:luofuy2uw7g4vsd2vbwidtel,1,nbacausul.bsky.social,keithsmithnba.bsky.social
did:plc:kuvf5qlxbv7d3lizbcyeyagi,did:plc:mtyaifw46xppbvcxeo6tl6wf,1,nbacausul.bsky.social,nateduncannba.bsky.social
did:plc:kuvf5qlxbv7d3lizbcyeyagi,did:plc:sa73fbx3vxzh2fw5pu5wmief,2,nbacausul.bsky.social,shamsbot.bsky.social
did:plc:kuvf5qlxbv7d3lizbcyeyagi,did:plc:sanjdnfszpuiencndclday4o,1,nbacausul.bsky.social,zachkram.bsky.social
did:plc:kuvnkcnt44wolt2qiibz5hsi,did:plc:odfqrlx5qtjfl5troxykqd5c,1,swellsort.bsky.social,dwillis.bsky.social
did:plc:kv3yy2orqd7r6vltqeavslfl,did:plc:pu475gkwzjapusiz2rrpie3a,1,christianfinnegan.bsky.social,chinajoeflynn.bsky.social
did:plc:kv75yj6fnlb3att4ssb7ppwn,did:plc:czqrw6bkeq2gsfqnpe3qhfws,1,smt79.bsky.social,biffthetick.bsky.social
did:plc:kvxwndgbgue4j66aw2z3nk2q,did:plc:lldgxx4auj7zsd2fp4hbory3,1,kevingan52.bsky.social,markjonesespn.bsky.social
did:plc:kwlvdsth3xvfq7rmtm22ch45,did:plc:2xfccxia4t234diuubuqqkkn,1,roguestardust.bsky.social,jasonlogic.bsky.social
did:plc:kwlvdsth3xvfq7rmtm22ch45,did:plc:6aruq2to5dssyoqwmt5v3rvu,2,roguestardust.bsky.social,courtneyfox1.bsky.social
did:plc:kwlvdsth3xvfq7rmtm22ch45,did:plc:b2kutgxqlltwc6lhs724cfwr,1,roguestardust.bsky.social,theathletic.com
did:plc:kwlvdsth3xvfq7rmtm22ch45,did:plc:f7udppgiezvt4kcvhe4xisvd,1,roguestardust.bsky.social,strap-tap.bsky.social
did:plc:kwlvdsth3xvfq7rmtm22ch45,did:plc:fqsmj7o5mbb7n7oav2kkjuid,1,roguestardust.bsky.social,nbastat.bsky.social
did:plc:kwlvdsth3xvfq7rmtm22ch45,did:plc:gj46s4jnba7kooldzpxoxjen,3,roguestardust.bsky.social,gabrielneises.bsky.social
did:plc:kwlvdsth3xvfq7rmtm22ch45,did:plc:nrzonytvdybfyy7t7b3jr6le,1,roguestardust.bsky.social,montepoole.bsky.social
did:plc:kwlvdsth3xvfq7rmtm22ch45,did:plc:sa73fbx3vxzh2fw5pu5wmief,1,roguestardust.bsky.social,shamsbot.bsky.social
did:plc:kwlvdsth3xvfq7rmtm22ch45,did:plc:sskboyevrvghclhrrgpttls5,1,roguestardust.bsky.social,ericapricot.bsky.social
did:plc:kwlvdsth3xvfq7rmtm22ch45,did:plc:uoumz6fjlsral6odboplm2sd,1,roguestardust.bsky.social,susieb.bsky.social
did:plc:kwlvdsth3xvfq7rmtm22ch45,did:plc:wbpjhdry2la6ozeiqrdmpmms,1,roguestardust.bsky.social,kpelton.bsky.social
did:plc:kx6tqyqtkuwq6nngbs5d6sxa,did:plc:ozrhqae34vzv6mso2hsym65i,1,whoases-malone.bsky.social,omarisankofa.bsky.social
did:plc:kxafdsz6j3jbhp63n4p7qz3x,did:plc:e62gb2ushvtvjvqcbrxeaw2n,1,mranswer.bsky.social,chrislhayes.bsky.social
did:plc:kxczhwygiiz7yfs5m5xa565k,did:plc:dcpqceixpnfbc3ui2lowisg5,1,davidterry.bsky.social,jc-himself.bsky.social
did:plc:kxjizrk2xa3rthavpvwaxj5q,did:plc:dlny5vvlgoi4eqs4g2nupnmm,1,lydiam.bsky.social,leela-after-dark.bsky.social
did:plc:kxjizrk2xa3rthavpvwaxj5q,did:plc:lvzgzxwrmhj43hsx5ur346tm,1,lydiam.bsky.social,blackpandacult.bsky.social
did:plc:kxqdedao6fggiu3hcjcxvczj,did:plc:4haiyncvn42gamwbgx6mixlm,2,theotherspeakman.bsky.social,humanremains.northsky.social
did:plc:kxqdedao6fggiu3hcjcxvczj,did:plc:fpfyc75kk67kcta3fubeavpv,1,theotherspeakman.bsky.social,nataliereed84.bsky.social
did:plc:ky4cvvpbgipzkgd7qbyuq6ab,did:plc:6wmoxyhidvjhnp2wawpn5gwm,1,johnmcclown.bsky.social,calamar666.bsky.social
did:plc:ky4cvvpbgipzkgd7qbyuq6ab,did:plc:auheb534vds5diviypi7drbi,1,johnmcclown.bsky.social,robbhaifisch.bsky.social
did:plc:ky4cvvpbgipzkgd7qbyuq6ab,did:plc:h2t5i2mvmchlkcfklitlvibv,3,johnmcclown.bsky.social,70977097sn.bsky.social
did:plc:ky4eqnt6nhgqksbz3uzxhzkt,did:plc:luofuy2uw7g4vsd2vbwidtel,1,heavyditisoul.bsky.social,keithsmithnba.bsky.social
did:plc:kyeahm7kgurf46gks4xnah4s,did:plc:zcifiaokjuznmkasf6zn347d,1,podge.bsky.social,flybyknite.bsky.social
did:plc:kyf7bdwe3pww3q5n6fj5jksi,did:plc:paf4vetn26bu7uggsie3vyrc,1,crsnod.bsky.social,lawmurraythenu.bsky.social
did:plc:kyfh3hpn3at6lix7p53s6nml,did:plc:xqkiycxt66ufxqftban3zup7,1,rednoodle.dev,basketghoul.bsky.social
did:plc:kyjcajocwguwumqkggc5ujfu,did:plc:7htpzfmklyhxabiei7wrm7ls,2,coxsportsohio.bsky.social,bwtrainer.bsky.social
did:plc:kyjcajocwguwumqkggc5ujfu,did:plc:7wmf7sypzf6y3kmxm4gfiroe,1,coxsportsohio.bsky.social,semicolonoverdrive.bsky.social
did:plc:kyjcajocwguwumqkggc5ujfu,did:plc:cmvhrwkvdp4teoiwa32tfccr,1,coxsportsohio.bsky.social,nblindberg.bsky.social
did:plc:kyqdhkgddidrlldokv5qungo,did:plc:sa73fbx3vxzh2fw5pu5wmief,1,miketrian.bsky.social,shamsbot.bsky.social
did:plc:kyqwjd7ka2z3osntym2yxv3n,did:plc:dz7swnlgzjnxehyud3654vqd,1,zneeley25.bsky.social,janecoaston.bsky.social
did:plc:kyssxk455wyqgeahpgqe4vqu,did:plc:ze36vdm45xtjfqh4gzh45xlb,1,502eire.lol,mondilator.bsky.social
did:plc:kywuts4p23rk5iab4seei3v5,did:plc:jxpcdjq45e4e3izvobsuoyl4,1,theanimationvoice.com,gibiz.bsky.social
did:plc:kz7ilbhjbuno3bkh6v5vyi77,did:plc:2m6fnqqirmfks5xakni7paqv,1,adrianelizabeth.bsky.social,gregpinelo.bsky.social
did:plc:kz7ilbhjbuno3bkh6v5vyi77,did:plc:35uepw63tghwbewxhzyemxfx,1,adrianelizabeth.bsky.social,gourmetspud.bsky.social
did:plc:kzobzzsatowcocz5yd7ttff4,did:plc:ozrhqae34vzv6mso2hsym65i,1,fortysixandblue.bsky.social,omarisankofa.bsky.social
did:plc:l264a5j6lo5qpy2plrgzbecv,did:plc:gsfdnz3zc2bgwjh6qcr2gnsh,1,950003.bsky.social,work2ski.bsky.social
did:plc:l2qg7v3bcg4d3batepxw342a,did:plc:ki2mxoyzkfggahrxdffeidjs,1,signorlupo.bsky.social,johncastiglione.bsky.social
did:plc:l2tmki65kzy2d6oytxm4xgtw,did:plc:g3fvb2cxn4yxcq3rjd2llqv5,1,eriquillo.bsky.social,davidaldridgedc.bsky.social
did:plc:l32rftojot3etfw3pfsssy5y,did:plc:bypthspyue5twygrcykx23rg,1,sextohombre.com,tvercetti.bsky.social
did:plc:l32rftojot3etfw3pfsssy5y,did:plc:ent7amfm43xhbvvdozui6hgv,1,sextohombre.com,llonsu.bsky.social
did:plc:l32rftojot3etfw3pfsssy5y,did:plc:gkxebxu677w7bi4cw3oymyrt,3,sextohombre.com,eugenioqf.bsky.social
did:plc:l32rftojot3etfw3pfsssy5y,did:plc:rr56hjvzmo3mgg6manii7z3l,2,sextohombre.com,blaurtopias.com
did:plc:l32rftojot3etfw3pfsssy5y,did:plc:rvze3orwxmlworrhidtfyve4,1,sextohombre.com,carballudo.bsky.social
did:plc:l35pvajgwmf764yoqqwrjrqc,did:plc:mtfh2f6nogyjegt6voaic35y,1,clareblackwood.bsky.social,frozen.bsky.social
did:plc:l3dcn4u4ryih2hhdpsrpll4x,did:plc:k6jgbx7wc657rq2tzziyxhti,1,edgarkent.bsky.social,tediosa-miss.bsky.social
did:plc:l3dxragh5ooowsllypi5spmp,did:plc:nztbvvo2gl4227zuxjf7gog3,1,alecperkins.me,ddayen.bsky.social
did:plc:l3ireufywvn6u2rf3sapmiyc,did:plc:mtyaifw46xppbvcxeo6tl6wf,2,facup2013.bsky.social,nateduncannba.bsky.social
did:plc:l3jmm3j35ivfh36im5jrbolp,did:plc:4md3rkqkr6m6ifmggsbz6nde,1,disfiguredmedia.bsky.social,nbabeau.bsky.social
did:plc:l3jmm3j35ivfh36im5jrbolp,did:plc:g7a6qji72odgptnddtrkdchy,1,disfiguredmedia.bsky.social,mrbuckbucknba.bsky.social
did:plc:l3rdla2bbocgtylcq2hblrfm,did:plc:zxxujz5cal2h6f2gkzrege42,1,labourlawrodgau.bsky.social,tm1860.bsky.social
did:plc:l4l3tzs2t7qrvgdqdvbrgzol,did:plc:73kvkzlenq3kkopdvnjfpdbb,1,blazersunitracker.bsky.social,fvehafric.bsky.social
did:plc:l4l3tzs2t7qrvgdqdvbrgzol,did:plc:7opg3qx6cn3gicxaknliogq7,1,blazersunitracker.bsky.social,palmquac.bsky.social
did:plc:l4l3tzs2t7qrvgdqdvbrgzol,did:plc:c3nhpdtyydxcyu5empwuotmo,1,blazersunitracker.bsky.social,gjsquared.bsky.social
did:plc:l4l3tzs2t7qrvgdqdvbrgzol,did:plc:luofuy2uw7g4vsd2vbwidtel,1,blazersunitracker.bsky.social,keithsmithnba.bsky.social
did:plc:l4l3tzs2t7qrvgdqdvbrgzol,did:plc:t6ir6tophcozpmz2d74slsx4,1,blazersunitracker.bsky.social,brandonmullen.bsky.social
did:plc:l4r3uzfvcr5y2g7tviyvxyzm,did:plc:7dlhmih6zwcpsu3e54yykpvp,1,codybrandt03.bsky.social,kofie.bsky.social
did:plc:l4r3uzfvcr5y2g7tviyvxyzm,did:plc:7sfnardo5xxznxc6esxc5ooe,1,codybrandt03.bsky.social,nba.com
did:plc:l4r3uzfvcr5y2g7tviyvxyzm,did:plc:bvn5oncrh2mie4nxuzbiqjmi,2,codybrandt03.bsky.social,juliapoe.bsky.social
did:plc:l4r3uzfvcr5y2g7tviyvxyzm,did:plc:sa73fbx3vxzh2fw5pu5wmief,7,codybrandt03.bsky.social,shamsbot.bsky.social
did:plc:l4r3uzfvcr5y2g7tviyvxyzm,did:plc:uou2m57cuqqxhl4fdajkovco,1,codybrandt03.bsky.social,milanasanovic.bsky.social
did:plc:l4ujp6ilccoopgthm62tvfy7,did:plc:exufczlmqdngshajon5onpzb,2,brooklyn1882.bsky.social,tg306.bsky.social
did:plc:l4ujp6ilccoopgthm62tvfy7,did:plc:kdg7ushjldnlknytqytf4bii,5,brooklyn1882.bsky.social,westcoastspurs.bsky.social
did:plc:l4yavyh246boe7uzo4cua2ns,did:plc:maqxe4oag6x7caxpmk65iilo,1,nowarbutclasswar.bsky.social,otsumamiboy.bsky.social
did:plc:l4ysuub5er5ubkhtrlyttnua,did:plc:cdptgcldnlax3nytf2uqvka6,1,aaronmehta.bsky.social,davidharper.bsky.social
did:plc:l4ysuub5er5ubkhtrlyttnua,did:plc:r2crokqdpuue57elb6gypng2,1,aaronmehta.bsky.social,brianrobb.bsky.social
did:plc:l4yx7ucvt5jmedhab3gtr4bq,did:plc:aax2d4gyu4vmlccwdtgci474,2,the3jsmom.blacksky.app,veryghetto.yaps.fyi
did:plc:l4yx7ucvt5jmedhab3gtr4bq,did:plc:z2vmhf6ol25qcsmmpo7fmlwf,6,the3jsmom.blacksky.app,debbiecakes.blacksky.app
did:plc:l52v2oenghuiwuvp26sh6nym,did:plc:traer34gkcgums7iiflbjiab,1,bexthebard.bsky.social,nickvanexit.bsky.social
did:plc:l5yosjhl2kt3owca5cqrcp5r,did:plc:en47afgisp5vwf5wd3nol3as,1,iheartthesports.bsky.social,pategan.bsky.social
did:plc:l64pmivnznf53suptbl6tkye,did:plc:hf7ezrajxadu7v3tzcyij424,1,bobromashko.bsky.social,parkermolloy.com
did:plc:l6hilictcve24ozsg7vgz7i3,did:plc:cwoisadsh554flcux7i5szar,1,paulfriedmann.bsky.social,dartadams.bsky.social
did:plc:l6swhtm7ykp4nhm5meo7pq7v,did:plc:7x7yfdhezrnrji5b4wyjhywf,1,aaroncommaj.bsky.social,alcreed.bsky.social
did:plc:l6xwbtxrxyd3evn5n5dqs4c3,did:plc:gxaubyxt27b6goeuytqxa7lg,2,hagito11.bsky.social,zeldeiro.bsky.social
did:plc:l6xwbtxrxyd3evn5n5dqs4c3,did:plc:xmhpcplzgwoswhfzlnezkn6q,2,hagito11.bsky.social,danimilkyart.bsky.social
did:plc:l6yxkp3kth6b6gmy4bzwacqv,did:plc:bu46wduerpjjpj4knunjqvcy,1,franspambot.bsky.social,lamegandalf.bsky.social
did:plc:l6yxkp3kth6b6gmy4bzwacqv,did:plc:qiqjxf65ixgut4xvb57fsigx,1,franspambot.bsky.social,cedichou.bsky.social
did:plc:l6yxkp3kth6b6gmy4bzwacqv,did:plc:sa73fbx3vxzh2fw5pu5wmief,1,franspambot.bsky.social,shamsbot.bsky.social
did:plc:l7qo3zp3helbzzblyggm27qw,did:plc:6bfobt7ssw6scat2h3uzvg25,1,sockart.bsky.social,badposter.lol
did:plc:l7wcayx4kpr6iv7ezmxrk4k2,did:plc:7sfnardo5xxznxc6esxc5ooe,1,gingersnacc.bsky.social,nba.com
did:plc:l7xzsehht4kpdd3otvcj3jm4,did:plc:idfozrgxosvj6clz5ssugc33,1,jdryan08.bsky.social,nateschenkkan.bsky.social
did:plc:l7zwg5onozdwgpgujxqbsina,did:plc:7zr725nebzoihkde2itthmcg,1,thefwordnb.bsky.social,the506.bsky.social
did:plc:lauezbqzum4uwso6wcaslbpd,did:plc:x4gxcq7uospumk5ewsitfvse,2,jakeofthemountains.bsky.social,getsit.bsky.social
did:plc:lav4so6snj7vzpwuomdtnjgj,did:plc:n3bnuj42x3rv3mv3yeoqz256,1,bridgetteblair.bsky.social,emmabailey.bsky.social
did:plc:lbeat7pmgpdwjqpf5gnlbaee,did:plc:26375peygwnrijoepmy2fdcs,1,kevin-means.bsky.social,washingtonstatestandard.com
did:plc:lcsvd5mnmocfvsxkqpcczyiw,did:plc:5yudaw4kdiukufltefyo4fsh,3,11mmyjohns.bsky.social,masmith78.bsky.social
did:plc:ld7wobf4xete2fe52ksl6442,did:plc:6md2o5aobb6i5rvbpx35g5yq,1,craiger02.bsky.social,wtevs.bsky.social
did:plc:ldma4xlvk5ztcwlakk4guqmh,did:plc:x4qyokjtdzgl7gmqhsw4ajqj,1,bradpatterson.bsky.social,bencollins.bsky.social
did:plc:ldovdzkg7n2g376hv2iztsoc,did:plc:gbqg6xdusjtodg2elugvvgd3,1,gjerdery.bsky.social,mikeferrin.bsky.social
did:plc:le7zxgr4w6idthdukebvt5hg,did:plc:3bskuhu5fv2azw6cmf7xf64q,1,sfmjm.bsky.social,brgulker.bsky.social
did:plc:lefu37qkscwkypwwejlqdorg,did:plc:4md3rkqkr6m6ifmggsbz6nde,3,saurpower.bsky.social,nbabeau.bsky.social
did:plc:leg5mx74iyu2jpjsg636a7zj,did:plc:ayjx2v7swhwigkl2p7mkb5uc,1,suburbanrelapse.yuri.agency,finitexs.bsky.social
did:plc:lejouxmoyxef36lm5pi3qvpu,did:plc:k3i3d2xfibssxz2lbm45x54o,1,luceid.bsky.social,joshgondelman.bsky.social
did:plc:lezy2ipafyzql7z46nizrtmc,did:plc:26375peygwnrijoepmy2fdcs,1,wh6785.bsky.social,washingtonstatestandard.com
did:plc:lezy2ipafyzql7z46nizrtmc,did:plc:5sjqcxcnbcbfd4xvklx46636,5,wh6785.bsky.social,original-the-perk.bsky.social
did:plc:lezy2ipafyzql7z46nizrtmc,did:plc:7m64bo3clfowow4uftush5hn,1,wh6785.bsky.social,clistervision.bsky.social
did:plc:lezy2ipafyzql7z46nizrtmc,did:plc:b2kutgxqlltwc6lhs724cfwr,1,wh6785.bsky.social,theathletic.com
did:plc:lezy2ipafyzql7z46nizrtmc,did:plc:b3fpnruce6ignme5jivyxepi,1,wh6785.bsky.social,tamarahebronwilson.bsky.social
did:plc:lezy2ipafyzql7z46nizrtmc,did:plc:d6l3oe7irif5qqsoatryx7yw,1,wh6785.bsky.social,possltho.bsky.social
did:plc:lezy2ipafyzql7z46nizrtmc,did:plc:dsscmgxuxcsmo7z4ijovobus,1,wh6785.bsky.social,andrewbloomberg.bsky.social
did:plc:lezy2ipafyzql7z46nizrtmc,did:plc:gtsjztpewt6ehslqzmoqwtz5,1,wh6785.bsky.social,alefyei.bsky.social
did:plc:lezy2ipafyzql7z46nizrtmc,did:plc:jszy2fvtipwprnjhe7pxytfv,1,wh6785.bsky.social,chicagotribune.com
did:plc:lezy2ipafyzql7z46nizrtmc,did:plc:sa73fbx3vxzh2fw5pu5wmief,1,wh6785.bsky.social,shamsbot.bsky.social
did:plc:lezy2ipafyzql7z46nizrtmc,did:plc:skqv3bxdmpwehd23abbu6mmh,2,wh6785.bsky.social,rosharkc.bsky.social
did:plc:lezy2ipafyzql7z46nizrtmc,did:plc:xlulqhjwqq6alvjkht57sbm5,2,wh6785.bsky.social,rawnba.bsky.social
did:plc:lezy2ipafyzql7z46nizrtmc,did:plc:y4hv2tilyrehwp2zfflzqt5x,1,wh6785.bsky.social,vatruthteller.bsky.social
did:plc:lfcqz23xitkpvh3oeuwfmd4r,did:plc:sa73fbx3vxzh2fw5pu5wmief,1,gregpat87.bsky.social,shamsbot.bsky.social
did:plc:lgaex6ipwgl6v5bmgkb2pwtk,did:plc:v2zuyw5hkrdxu4pgympy2s3y,2,hinterhofjargon.bsky.social,dogfather7.bsky.social
did:plc:lgbo5un6lo3k3vpq7jwjjeet,did:plc:zvgi4eon2fvlemnmaqnmayuk,1,djl71.bsky.social,johnkaralis.com
did:plc:lgc7y6amlpqnzi3vknzfxh7b,did:plc:fcfedums2jv4jfzvqogatc7i,1,guspowers.bsky.social,jesseltaylor.bsky.social
did:plc:lgh7itdwnplo2mbsqlizzsnq,did:plc:3q2bc4e3zxdq43xmtfwfiebs,1,carlosblanco7.bsky.social,juansintierra2666.bsky.social
did:plc:lgjojtelhad3pf4ubvb57mub,did:plc:cyflytcyyyhawlrnnwiv25nd,1,udkyle.bsky.social,btoporek.bsky.social
did:plc:lgjojtelhad3pf4ubvb57mub,did:plc:fqsmj7o5mbb7n7oav2kkjuid,1,udkyle.bsky.social,nbastat.bsky.social
did:plc:lgjojtelhad3pf4ubvb57mub,did:plc:pbfycf22tepb4c7impxu6gqy,1,udkyle.bsky.social,augetoffmygold.bsky.social
did:plc:lgwtv6xemrpm2tlilvxkraw4,did:plc:2m6fnqqirmfks5xakni7paqv,1,timcies.bsky.social,gregpinelo.bsky.social
did:plc:lh4lus25gxuxwuquzezzgi5h,did:plc:tb2bwzxom5qv4542ru3zqcgu,1,bakademic.bsky.social,jakemgrumbach.bsky.social
did:plc:lh4zxncknisvw5wkpzje7j63,did:plc:sgqlb2os5537waze4wjtfprl,1,sea-manders.bsky.social,sarahspain.com
did:plc:lh64i2yb4nyl4u7ztpmvpufv,did:plc:tl6ldv7wwu3a76gghdjwdaqc,1,drewpowell123.bsky.social,trappedinazorb.bsky.social
did:plc:lhowykthphkgjvqjh2jguv4e,did:plc:26375peygwnrijoepmy2fdcs,1,madpussy.bsky.social,washingtonstatestandard.com
did:plc:lhowykthphkgjvqjh2jguv4e,did:plc:6k7zfvrnus4vjjtnh6xl6hmb,1,madpussy.bsky.social,mikenordson.bsky.social
did:plc:lhowykthphkgjvqjh2jguv4e,did:plc:ybgk7b4wsacfnnfftxeq3kqc,1,madpussy.bsky.social,couponforpoupon.bsky.social
did:plc:lhsnxoeils6nhgy7ftchoy22,did:plc:jshqxd76jx7q4kiwit3agj2s,1,klaybourne.bsky.social,struggalo.bsky.social
did:plc:lhv2ofesgbffpojlsjw6f5df,did:plc:6y3zulpfknfey5qemwhc4frl,1,xr203j.bsky.social,jledwardsiii.bsky.social
did:plc:lhz3lxkutdsdmtamudj6ytfi,did:plc:ae234ixyu24wwzr66biougat,1,itisdz.bsky.social,1ifbyland2ifbysea.bsky.social
did:plc:lhz3lxkutdsdmtamudj6ytfi,did:plc:l6yxkp3kth6b6gmy4bzwacqv,1,itisdz.bsky.social,franspambot.bsky.social
did:plc:lhz3lxkutdsdmtamudj6ytfi,did:plc:pqjcxw3yphmvjaq7dzw2jnat,1,itisdz.bsky.social,richhomieflom.bsky.social
did:plc:lhz3lxkutdsdmtamudj6ytfi,did:plc:qqdilgtbxipva7e6bm5cgpws,5,itisdz.bsky.social,thirdmanmovies.bsky.social
did:plc:lhz3lxkutdsdmtamudj6ytfi,did:plc:tlf5hilbsn7vlw3rzunbzvw3,1,itisdz.bsky.social,fredsmith.bsky.social
did:plc:li6dvu2rdl3v45zjtinw6uhr,did:plc:jgmxlsqaj6inwjqx3eowix6i,2,rlawrencem.bsky.social,snowden.st
did:plc:liaewisbdf7qxdu3o75g52sa,did:plc:5jwjqc5zkxyi733feuols4ia,1,sailormichael.bsky.social,tjnagel.bsky.social
did:plc:liaewisbdf7qxdu3o75g52sa,did:plc:sa73fbx3vxzh2fw5pu5wmief,1,sailormichael.bsky.social,shamsbot.bsky.social
did:plc:liiigjdwx626xzsfenwlfccf,did:plc:bmvk3suczvuw6mszso6on6ss,1,guardiancrisis.bsky.social,ageqned.bsky.social
did:plc:lj2whtk7xz7jtp7gnuu47ban,did:plc:ckfshclyghehf5cm4akcdane,1,sdoubleo.bsky.social,danielfsmith.bsky.social
did:plc:lj4glhnmsfve7vxn3aj5xcds,did:plc:niws4datih6dforyd7y22km4,1,mafkr.bsky.social,sfchronicle.com
did:plc:ljcp6q5ykevf5yka2alkogvi,did:plc:shbrsjbjrqrsnjxwniprp6s6,1,skh80.bsky.social,rickyodonn.bsky.social
did:plc:ljkdjsfnhemesnn6lkvep4l3,did:plc:f5nizvbsj32trgskgm5rpu4t,1,rosedees.bsky.social,gamedestroyer112.bsky.social
did:plc:ljkdjsfnhemesnn6lkvep4l3,did:plc:othvwxznqtyic25uz6def2dw,1,rosedees.bsky.social,joshthefunkdoc.bsky.social
did:plc:ljy4hdc6feut7cyjqnh4iunl,did:plc:5ws5umb2qnymuj3h7sby52ee,1,nashdelirium.bsky.social,feelinfroggy.bsky.social
did:plc:ljy4hdc6feut7cyjqnh4iunl,did:plc:d6xgsl4vi64iqtwobopq7z2t,1,nashdelirium.bsky.social,uranasshole.bsky.social
did:plc:ljy4hdc6feut7cyjqnh4iunl,did:plc:oir27jlquvusmquareodsaci,1,nashdelirium.bsky.social,phillytradesman.bsky.social
did:plc:lk3ligc5pwx7nkv3a5amntsn,did:plc:cwqp26rx7z6h76g6lo2ykbjk,1,will-z-stats.bsky.social,gwiss.bsky.social
did:plc:lk3ligc5pwx7nkv3a5amntsn,did:plc:gkcy2jf4lzl7rhegsk5sgpdg,1,will-z-stats.bsky.social,j-kovacs.bsky.social
did:plc:lk3ligc5pwx7nkv3a5amntsn,did:plc:zyvktpsl6ljrooqjaiihlr3t,1,will-z-stats.bsky.social,needthe3.bsky.social
did:plc:lk6drln7d24g5akxeo77acyl,did:plc:o5d7zrst4uuv7f45byscx3hc,1,lenonn.bsky.social,dillonnba.bsky.social
did:plc:lkb7jivx7ahvl6xr3j45gunr,did:plc:c5vruxgkdki6sn77mpsyoxm2,1,ebadofsky.bsky.social,msmilack75.bsky.social
did:plc:lkgewtqlamb7rogtjymy7zye,did:plc:26375peygwnrijoepmy2fdcs,1,franklinpatrick.bsky.social,washingtonstatestandard.com
did:plc:lkifil37lvczmpeudyg66bvc,did:plc:q7pwjl2sswyfisomiaqfywwn,1,johncharet.bsky.social,mireia-nadal.bsky.social
did:plc:lkkpyfms5nccn6fkm2loufln,did:plc:hmhvklptsptn7sgelzrp5srg,1,wrongopinionman.bsky.social,eol.bsky.social
did:plc:lkkpyfms5nccn6fkm2loufln,did:plc:yi5qjz6rrb6m3gd6u7oaefyb,2,wrongopinionman.bsky.social,jasoncheathawks.bsky.social
did:plc:lkoaj7ocxq7kd34cwh7hhrkr,did:plc:cyflytcyyyhawlrnnwiv25nd,1,nbacouchside.bsky.social,btoporek.bsky.social
did:plc:lkpeg6tpzogluh3m5nulctg6,did:plc:kvf6pnfrtgek6jqlkpqhgacv,1,smartgirl07.bsky.social,yossigozlan.bsky.social
did:plc:lkpeg6tpzogluh3m5nulctg6,did:plc:luofuy2uw7g4vsd2vbwidtel,1,smartgirl07.bsky.social,keithsmithnba.bsky.social
did:plc:lkul42b3ay6jsnzbxa2klluy,did:plc:ercfqa4ix7awg2iemtkym4y4,1,drazgoth.bsky.social,foxyfloof.bsky.social
did:plc:lkwwzo27ibfk5icgofsqbnmk,did:plc:2emupgm6taztttxwrjk4qk22,1,occidentalop.bsky.social,1robgunther.bsky.social
did:plc:ll77pcnrmfk53cwzacdircyp,did:plc:bhdhzcuvh7hbvrhgfjzxcxqu,2,patrickfenelon.bsky.social,bendowsett.bsky.social
did:plc:llcfr37jm4iizmjanwnchvwa,did:plc:g7a6qji72odgptnddtrkdchy,1,thematrix06.bsky.social,mrbuckbucknba.bsky.social
did:plc:lldgxx4auj7zsd2fp4hbory3,did:plc:6z5ukven6blrpxpqda4az7wq,1,markjonesespn.bsky.social,tallskinnyben.bsky.social
did:plc:lldgxx4auj7zsd2fp4hbory3,did:plc:atxq524k4qk7mui7nmehlsls,1,markjonesespn.bsky.social,mattbohmbach.bsky.social
did:plc:lldgxx4auj7zsd2fp4hbory3,did:plc:gubyasv4s5mlq22j43okr3wb,1,markjonesespn.bsky.social,imsokb24.bsky.social
did:plc:llelvvmftdmz7st3a2zkvhr7,did:plc:gt3unljcqhimumy5zgosk3gv,1,realbigkriscfromaz.bsky.social,davidbix.bsky.social
did:plc:llhdsnwln6epk52yoeyolcib,did:plc:t4i3a4fawuzge3dsw2i2h2fw,1,ericodinn.bsky.social,markjacob.bsky.social
did:plc:llwqnhljls4eho6g44gqrpgz,did:plc:35uepw63tghwbewxhzyemxfx,1,justdobby.bsky.social,gourmetspud.bsky.social
did:plc:llwqnhljls4eho6g44gqrpgz,did:plc:sa73fbx3vxzh2fw5pu5wmief,1,justdobby.bsky.social,shamsbot.bsky.social
did:plc:lm2xl46bbxdkg7zv6wd3iee2,did:plc:sa73fbx3vxzh2fw5pu5wmief,1,svorie.bsky.social,shamsbot.bsky.social
did:plc:lm4tq5cjr5y7zu75dl57dcwn,did:plc:t4i3a4fawuzge3dsw2i2h2fw,1,ericw94.bsky.social,markjacob.bsky.social
did:plc:lmg4zwmvn4fz4yg5aezncc57,did:plc:vlok63tvtdztzfhj4tgk6y3j,1,whosjer.bsky.social,charlieoconn.bsky.social
did:plc:lmk4diq42idvw2w42ncbidri,did:plc:b2kutgxqlltwc6lhs724cfwr,1,turnupdac.bsky.social,theathletic.com
did:plc:lmu2dko7emh26xfqoucpu2jo,did:plc:7ksdv5tdc5pgtzjdc3mm6r2g,1,manelso.bsky.social,diario.red
did:plc:lnhgoabvlwmlsm6srp3d3aes,did:plc:l32rftojot3etfw3pfsssy5y,1,josemicch.bsky.social,sextohombre.com
did:plc:lnpvrdxah45pmww2zgemzr4g,did:plc:cvgfgkowwcxwpcrr5o6dq4lg,1,ryanday.bsky.social,mattbrown.bsky.social
did:plc:lnuv3nwlrqevfz7abtz7s3te,did:plc:oz6bkpnskcieebyvfstd4asb,1,jon-becker.com,baumann.bsky.social
did:plc:lo5msgxln7dcos22wtw5kfaa,did:plc:soavqzdngz77gr7zerunusbm,1,fightbackbetter.bsky.social,badger-in-mn.bsky.social
did:plc:lomvzpxqrg3gep6vcppbbm6x,did:plc:6jpqgc6d4tplxcioxuh7khmr,3,oregonfan.bsky.social,jimowczarski.bsky.social
did:plc:lomvzpxqrg3gep6vcppbbm6x,did:plc:sa73fbx3vxzh2fw5pu5wmief,1,oregonfan.bsky.social,shamsbot.bsky.social
did:plc:lp3bloahtpj6zdo5lv3gi7it,did:plc:yrjc2d3svduz2emcm3b3leme,2,danithinks.bsky.social,scottadamson1960.bsky.social
did:plc:lpqse75dzwhwqzgj6pf2zf3p,did:plc:kdvkohfy7btmsdkg5mwuzjbw,1,netpal.bsky.social,nuggets.bsky.social
did:plc:lq544ikeojhawyhsxe2yddno,did:plc:aauzlzzvsle7whfbf5pdfemk,2,stacy.is.relentlessly.online,coyotegirl.online
did:plc:lqh7woblugjx5cs3l4hylrxp,did:plc:7sfnardo5xxznxc6esxc5ooe,1,chrisabides.com,nba.com
did:plc:lqmjce46qoqa7ifg5ru5bxho,did:plc:rdeeofov3jpqnkgtqg2j7jc3,1,hoopsandgrooves.bsky.social,nyctaper.bsky.social
did:plc:lqovqhaaa3d6ioswsgc5gwfb,did:plc:lldgxx4auj7zsd2fp4hbory3,1,qcsports.bsky.social,markjonesespn.bsky.social
did:plc:lrl4hcxfrukvgbekhrias3qu,did:plc:ygbqtljgsckncvplofglqlqa,2,dcorkery.bsky.social,arifish.bsky.social
did:plc:lrmuvtkmu2akavw6uajidkrb,did:plc:ygjhabmppi5jwwyn3dkjyct6,1,heather94.bsky.social,adamnyeary44.bsky.social
did:plc:ls6gcxx6bjg224t7qrhsvwqy,did:plc:lmpsrhr4uqujljodp5ibb37g,1,godeep.bsky.social,nbaskythreads.bsky.social
did:plc:lsvlkbp4isoxc442e2ix425t,did:plc:gsmeir2mmmj2fvbxzsqxxd5a,1,slimreaper3.bsky.social,jay-baller-reborn.bsky.social
did:plc:lsvlkbp4isoxc442e2ix425t,did:plc:zszhodstsfd52kapkjnaen5m,1,slimreaper3.bsky.social,londonbjohnson.bsky.social
did:plc:lsxjwibmdg6vrfggpmfzz7eq,did:plc:odgxwakrg5r2zjetnrkxuh5c,1,another.rodeo,ronbronson.com
did:plc:lsxjzt35uhhitvsr77th3fem,did:plc:e62gb2ushvtvjvqcbrxeaw2n,1,crazysenior.bsky.social,chrislhayes.bsky.social
did:plc:lt5np5oagpvpalany6emcfzi,did:plc:6jpqgc6d4tplxcioxuh7khmr,1,linchawkfan.bsky.social,jimowczarski.bsky.social
did:plc:lt5np5oagpvpalany6emcfzi,did:plc:b2kutgxqlltwc6lhs724cfwr,1,linchawkfan.bsky.social,theathletic.com
did:plc:ltqfqc7re3qtz4ot4ioyro6e,did:plc:22fudzaxnal4ddodzv2o6mwk,1,slickster0353.bsky.social,jmcdonaldsa.bsky.social
did:plc:ltqfqc7re3qtz4ot4ioyro6e,did:plc:2jprfvpdny5oxnqyjs2jijzm,1,slickster0353.bsky.social,spencito.bsky.social
did:plc:ltqnqj344lsu3dlk5gwk3e64,did:plc:nztbvvo2gl4227zuxjf7gog3,2,coldwindandsnow.bsky.social,ddayen.bsky.social
did:plc:lukrta5u6raglczkoubw74qn,did:plc:2jwxoziacifmtqa5felhqms6,1,jeffreylinback.bsky.social,semafor.com
did:plc:luoavhbgnzdjngb6nah6kjch,did:plc:6beluo5xgn65lmsf6x6xqq6x,1,ianrmcdonald.bsky.social,billoram.bsky.social
did:plc:luofuy2uw7g4vsd2vbwidtel,did:plc:2cbh55kengmttvorltbhimfb,1,keithsmithnba.bsky.social,therealseanmoyn.bsky.social
did:plc:luofuy2uw7g4vsd2vbwidtel,did:plc:5363qm2upyn3bmgxrykbgt7m,1,keithsmithnba.bsky.social,stetsonbanks.com
did:plc:luofuy2uw7g4vsd2vbwidtel,did:plc:5b3wgs4ngdd6c5lpak65qxwx,1,keithsmithnba.bsky.social,walkerp.bsky.social
did:plc:luofuy2uw7g4vsd2vbwidtel,did:plc:7gwakj6lun4y6ucvhbcaf3vw,1,keithsmithnba.bsky.social,daveprovo.st
did:plc:luofuy2uw7g4vsd2vbwidtel,did:plc:b6ifksscllmlnu43f3znvnw2,1,keithsmithnba.bsky.social,oobh.bsky.social
did:plc:luofuy2uw7g4vsd2vbwidtel,did:plc:bl4jfmqcvokkzdkzapbrq7ho,1,keithsmithnba.bsky.social,jobesz44.bsky.social
did:plc:luofuy2uw7g4vsd2vbwidtel,did:plc:eu4l6bqsg4k3iecv4wx5xjwu,1,keithsmithnba.bsky.social,ikesourus.bsky.social
did:plc:luofuy2uw7g4vsd2vbwidtel,did:plc:fojtg2lajnuuhljaoogoy2za,1,keithsmithnba.bsky.social,robpollard45.bsky.social
did:plc:luofuy2uw7g4vsd2vbwidtel,did:plc:fx5nrakvwjalvhihtirvnsw5,1,keithsmithnba.bsky.social,jaspnes.bsky.social
did:plc:luofuy2uw7g4vsd2vbwidtel,did:plc:gb3wkwzlzobqcrss3l2hi4lk,1,keithsmithnba.bsky.social,zdh87.bsky.social
did:plc:luofuy2uw7g4vsd2vbwidtel,did:plc:habzvkjqgvnw7a3xv6s5qvsu,1,keithsmithnba.bsky.social,dmmgetc.bsky.social
did:plc:luofuy2uw7g4vsd2vbwidtel,did:plc:igtvvybzej6jgcyialyp5dni,1,keithsmithnba.bsky.social,marlow.bsky.social
did:plc:luofuy2uw7g4vsd2vbwidtel,did:plc:ky4eqnt6nhgqksbz3uzxhzkt,1,keithsmithnba.bsky.social,heavyditisoul.bsky.social
did:plc:luofuy2uw7g4vsd2vbwidtel,did:plc:m74t5iobxonwi4ve7xt2malu,1,keithsmithnba.bsky.social,buckrawheat.bsky.social
did:plc:luofuy2uw7g4vsd2vbwidtel,did:plc:rkpzrwxex34r36ypejhew7ml,1,keithsmithnba.bsky.social,howardbeck.bsky.social
did:plc:luofuy2uw7g4vsd2vbwidtel,did:plc:rofaxfpvsmk4obrui6343556,1,keithsmithnba.bsky.social,malachiconstant.bsky.social
did:plc:luofuy2uw7g4vsd2vbwidtel,did:plc:ty7oqfzxt7ouio6oagdktdyj,2,keithsmithnba.bsky.social,ramays.bsky.social
did:plc:luofuy2uw7g4vsd2vbwidtel,did:plc:vnqy25nt5jqtskfieukwmzbm,3,keithsmithnba.bsky.social,dloitz.bsky.social
did:plc:luofuy2uw7g4vsd2vbwidtel,did:plc:vvusi4gbo5oiihgdgxdepbcp,1,keithsmithnba.bsky.social,sjkamin.bsky.social
did:plc:luofuy2uw7g4vsd2vbwidtel,did:plc:zzilxqve6xvnklnx7fmhz4s2,1,keithsmithnba.bsky.social,milesdavismorales.bsky.social
did:plc:lutxyirbiexsuupez25wnfs7,did:plc:zvgnw2sx5gvuskf442p4f27o,2,crystalli0.bsky.social,bloghawk.bsky.social
did:plc:lv4um3aptlsvoka4tbgdykm7,did:plc:cwqp26rx7z6h76g6lo2ykbjk,1,rmj.bsky.social,gwiss.bsky.social
did:plc:lv4um3aptlsvoka4tbgdykm7,did:plc:nk756gkpj52ryc6gaorkvctp,1,rmj.bsky.social,nbacobwebs.bsky.social
did:plc:lv4um3aptlsvoka4tbgdykm7,did:plc:wbpjhdry2la6ozeiqrdmpmms,1,rmj.bsky.social,kpelton.bsky.social
did:plc:lvanac4zuka5z6bq2y3nkuoo,did:plc:nrzonytvdybfyy7t7b3jr6le,1,alanroselius5.bsky.social,montepoole.bsky.social
did:plc:lvgfjwqynyy3r5yktzukexm2,did:plc:bbytzt5k3g2ilkqoqcoqiyrn,1,jasonmquist.bsky.social,doey.bsky.social
did:plc:lvglyu7zbigx3xoovg65qrad,did:plc:pafykfryhjyyhnvzzbygjcjf,1,fjerome.bsky.social,c0urtney-danvers.bsky.social
did:plc:lvsl3bmloemi2hikdoo27jht,did:plc:sa73fbx3vxzh2fw5pu5wmief,1,gearcinco.bsky.social,shamsbot.bsky.social
did:plc:lvu7ubefdri3he2lkomhyeg3,did:plc:o6cth76j3zioxlpcs5ae4tvv,1,kantwistaye.bsky.social,tomasverde.bsky.social
did:plc:lvw3bdmjhh2mh5qhuapmlv26,did:plc:x5fthldzy2f7mmd7bhitk6qc,1,kevinsmithaf.bsky.social,fraserramon.bsky.social
did:plc:lvzgzxwrmhj43hsx5ur346tm,did:plc:kxjizrk2xa3rthavpvwaxj5q,2,blackpandacult.bsky.social,lydiam.bsky.social
did:plc:lwoss6ypgm2l24u7uarq7c33,did:plc:fqsmj7o5mbb7n7oav2kkjuid,1,jayhallphotos.bsky.social,nbastat.bsky.social
did:plc:lwprwr2qvjnq7tta2tn5sesl,did:plc:yvy5ax23zpmoearxn6xsgqzf,1,forsure68.bsky.social,btrowland.bsky.social
did:plc:lwwretz3thj6pq6vpsabtgds,did:plc:v6xd7qcm4tsgb4ndo547vh4n,1,mistergna.bsky.social,jeskeets.bsky.social
did:plc:lx4t3d5zslulemkjbud6s4jb,did:plc:3bskuhu5fv2azw6cmf7xf64q,1,seancorp.bsky.social,brgulker.bsky.social
did:plc:lx4t3d5zslulemkjbud6s4jb,did:plc:zkgbnj6gmpdnumdt53plwp6h,2,seancorp.bsky.social,basedpistons.bsky.social
did:plc:lx6ohgi7om4pdegezzqxn5bq,did:plc:e3ktrbooe3mildj4hhwhsvtc,1,johntmitchell.bsky.social,mikeascotto.bsky.social
did:plc:lx6ohgi7om4pdegezzqxn5bq,did:plc:pgrqrtjyigyi3h4ygzkhxwkj,1,johntmitchell.bsky.social,mikevorkunov.bsky.social
did:plc:lxicgzndy5flqlp6wlutv4u5,did:plc:nvcouvygtvcb7irnkvx4qypn,1,oldkingsfan.bsky.social,gnaps.bsky.social
did:plc:lxicgzndy5flqlp6wlutv4u5,did:plc:tceporr2hgnsph6ea3veqnp5,2,oldkingsfan.bsky.social,llcoolray.bsky.social
did:plc:lxicgzndy5flqlp6wlutv4u5,did:plc:urtzlgohgpyod45hftk3tzne,8,oldkingsfan.bsky.social,lotusprime.bsky.social
did:plc:lxjketqcpl6kk4rd4iaacgif,did:plc:for72tiy5r7qmr4yq44372dd,1,joe2000.bsky.social,basketball-reference.com
did:plc:lxnac467effvxs44tx5iqq5h,did:plc:75ywphuamkbx76cq6efue5y5,1,marley60.bsky.social,jlewenberg.bsky.social
did:plc:lxnac467effvxs44tx5iqq5h,did:plc:7sfnardo5xxznxc6esxc5ooe,1,marley60.bsky.social,nba.com
did:plc:lxnac467effvxs44tx5iqq5h,did:plc:m74t5iobxonwi4ve7xt2malu,1,marley60.bsky.social,buckrawheat.bsky.social
did:plc:lxnac467effvxs44tx5iqq5h,did:plc:sa73fbx3vxzh2fw5pu5wmief,1,marley60.bsky.social,shamsbot.bsky.social
did:plc:lxwsskmpbdofkuwozafhlrzh,did:plc:2xydl7c2xj6j5xsabwwj4par,1,jsallen.bsky.social,jonnyauping.bsky.social
did:plc:lydpmbuyethpzjta6jeya6m6,did:plc:nlfrqivdspcq2gviy4mh45bq,1,claudiiigrl.bsky.social,vintage.dubstep.wtf
did:plc:lyfxox7xp33qb23lav6ehmrq,did:plc:hf7ezrajxadu7v3tzcyij424,1,suzl4.bsky.social,parkermolloy.com
did:plc:lymzh2dxwzgjibwhgvwxhwla,did:plc:75fudvceqwzcnuhmuhxop6hx,1,shapalicious.bsky.social,rogower.bsky.social
did:plc:lymzh2dxwzgjibwhgvwxhwla,did:plc:mlenp7cyz6fl7klychp6hsma,1,shapalicious.bsky.social,sjdco-xblows.bsky.social
did:plc:lyr2nmjy7wmxadcfqdewmh7j,did:plc:kriqkh4qvl3wekn5qag747vi,1,dlchandler123.bsky.social,bipolarpisces35.blacksky.app
did:plc:lyvztfv2xp5su33ype2ddqgk,did:plc:bpx5ab47lqy7zgxu222b4n2z,1,bibliophile99.bsky.social,mayorofoakland.bsky.social
did:plc:lyvztfv2xp5su33ype2ddqgk,did:plc:vwxutee6gopkcochlvzuafki,2,bibliophile99.bsky.social,raquelnyc1990.bsky.social
did:plc:lzcffpfkt3hddkk73teu3us6,did:plc:a5bfs3hwb35ipz3nckorox76,1,jeepinben.bsky.social,cinquinho.bsky.social
did:plc:lzmfz6jdaim3v7bq7b5xel7u,did:plc:t4i3a4fawuzge3dsw2i2h2fw,1,spezaled.bsky.social,markjacob.bsky.social
did:plc:lzqfqce6ibgfczyw5ljgijro,did:plc:ank6pz6hhgvrtmwg7rmmw4fo,1,howlingbluewolf.bsky.social,sltrib.com
did:plc:m26spbicnrlfveidoes5r55z,did:plc:6cuqboowqvkewzxpimn4xdh5,2,ahfaustinomd.bsky.social,itspbtwo.bsky.social
did:plc:m2eg7gxwud5mwmsc7yg3ue54,did:plc:cvgfgkowwcxwpcrr5o6dq4lg,1,nonotjeffallen.bsky.social,mattbrown.bsky.social
did:plc:m2hslw7vzqln7idvgmuggr2r,did:plc:2emupgm6taztttxwrjk4qk22,1,weedshouldbelegal.bsky.social,1robgunther.bsky.social
did:plc:m2hslw7vzqln7idvgmuggr2r,did:plc:7dykpqj6m7nvarp64l3a4rg7,2,weedshouldbelegal.bsky.social,longscope.bsky.social
did:plc:m2m5pha3au5lvk6orjyftrhr,did:plc:22fudzaxnal4ddodzv2o6mwk,1,foxtelken.bsky.social,jmcdonaldsa.bsky.social
did:plc:m2m5pha3au5lvk6orjyftrhr,did:plc:b2kutgxqlltwc6lhs724cfwr,1,foxtelken.bsky.social,theathletic.com
did:plc:m2m5pha3au5lvk6orjyftrhr,did:plc:zwgszo4ivnszs2sitaakccbb,1,foxtelken.bsky.social,samvecenie.bsky.social
did:plc:m2t3b7dnhndfznceoqpjhp26,did:plc:wdrdm5zsrad2abdfmobhl36f,1,darinchristensen.bsky.social,twesq.bsky.social
did:plc:m2tdiw6yphtre6p6m6skgzo6,did:plc:5uzdxdikpnrvzychn75hajcz,2,cdgoldstein.baseballprospectus.com,sammillerbb.bsky.social
did:plc:m32hjglgj5sgnt7yggakddty,did:plc:v47ye4fkfuxfs2cjxeo4zgi7,1,mystakak.bsky.social,bubba0077.bsky.social
did:plc:m3eplksvn34kvyzujjzrunmm,did:plc:7sfnardo5xxznxc6esxc5ooe,1,lyxaraetoille.bsky.social,nba.com
did:plc:m3sunxdapqa7zvfzqfehvrzj,did:plc:e62gb2ushvtvjvqcbrxeaw2n,1,cervantesx.bsky.social,chrislhayes.bsky.social
did:plc:m3swzp65y6wf54tjrpn2hnmj,did:plc:6jpqgc6d4tplxcioxuh7khmr,1,paulschmitz1.bsky.social,jimowczarski.bsky.social
did:plc:m4cf73mf6sl2uulxdzhcfiuh,did:plc:t4i3a4fawuzge3dsw2i2h2fw,1,freethinker65.bsky.social,markjacob.bsky.social
did:plc:m4mccs7vpjzfljxkjum75h4b,did:plc:tyesvyzo24cqtyifcyihqxkk,1,dbauer09.bsky.social,killakow.bsky.social
did:plc:m4mccs7vpjzfljxkjum75h4b,did:plc:vvusi4gbo5oiihgdgxdepbcp,1,dbauer09.bsky.social,sjkamin.bsky.social
did:plc:m4mccs7vpjzfljxkjum75h4b,did:plc:waoj7sifbp6n2josefuxhcod,1,dbauer09.bsky.social,matrueblood.bsky.social
did:plc:m4nuyp3xhta7bl6k5f5b7o5c,did:plc:nze65mr7kto3u6qu3vk3bkcj,1,brau5e.bsky.social,febrazink.bsky.social
did:plc:m5cpkz5qisytczpm3h6zf677,did:plc:kblt3t4tznu5vie3ssflmleh,1,joeymcallister.com,motownrabbi.bsky.social
did:plc:m6btmipgvnjsjcumrtzzjv6h,did:plc:7sfnardo5xxznxc6esxc5ooe,1,doomfan1.bsky.social,nba.com
did:plc:m6l5sf7iopal5apcdzw4patq,did:plc:b5rqxnp34cngyql5dtvtm3g3,1,robfromva.bsky.social,christullbane.bsky.social
did:plc:m6l5sf7iopal5apcdzw4patq,did:plc:clmspumrq5dgv5wnjsfro3ih,1,robfromva.bsky.social,frumiousm.bsky.social
did:plc:m6l5sf7iopal5apcdzw4patq,did:plc:ibpqq5aemtuhcn3c3xowdl2v,1,robfromva.bsky.social,oatsdad.bsky.social
did:plc:m6l5sf7iopal5apcdzw4patq,did:plc:niqcji5vbkdnw4krfqzyuped,1,robfromva.bsky.social,number1hurtsfan.bsky.social
did:plc:m6l5sf7iopal5apcdzw4patq,did:plc:rdeeofov3jpqnkgtqg2j7jc3,1,robfromva.bsky.social,nyctaper.bsky.social
did:plc:m6l5sf7iopal5apcdzw4patq,did:plc:wveidvmniob6egctikkiu4hv,1,robfromva.bsky.social,mentoch.bsky.social
did:plc:m6ua2ujxp7r3ytsnp33dzjeq,did:plc:jbcaolptthevvq5ceocxzhzu,1,jmakula87.bsky.social,jdssportschat.bsky.social
did:plc:m74t5iobxonwi4ve7xt2malu,did:plc:fdw3hkjrul22w75bdw5pcsn3,1,buckrawheat.bsky.social,tomorsborn.bsky.social
did:plc:m74t5iobxonwi4ve7xt2malu,did:plc:g7a6qji72odgptnddtrkdchy,1,buckrawheat.bsky.social,mrbuckbucknba.bsky.social
did:plc:m74t5iobxonwi4ve7xt2malu,did:plc:i4yqih65sftboupjwcnegqea,1,buckrawheat.bsky.social,bartsmith.bsky.social
did:plc:m74t5iobxonwi4ve7xt2malu,did:plc:j24jtz7xkt5ttdsk32mmpkvn,1,buckrawheat.bsky.social,johnhollinger.bsky.social
did:plc:m74t5iobxonwi4ve7xt2malu,did:plc:luofuy2uw7g4vsd2vbwidtel,1,buckrawheat.bsky.social,keithsmithnba.bsky.social
did:plc:m74t5iobxonwi4ve7xt2malu,did:plc:lydpmbuyethpzjta6jeya6m6,2,buckrawheat.bsky.social,claudiiigrl.bsky.social
did:plc:m74t5iobxonwi4ve7xt2malu,did:plc:mx4nzus45ho7dciimoyozkjp,1,buckrawheat.bsky.social,rvbdrm.com
did:plc:m74t5iobxonwi4ve7xt2malu,did:plc:paf4vetn26bu7uggsie3vyrc,1,buckrawheat.bsky.social,lawmurraythenu.bsky.social
did:plc:m74t5iobxonwi4ve7xt2malu,did:plc:pu475gkwzjapusiz2rrpie3a,2,buckrawheat.bsky.social,chinajoeflynn.bsky.social
did:plc:m7acxgztuqgbfkcpejjp46db,did:plc:22fudzaxnal4ddodzv2o6mwk,1,thecheethah.bsky.social,jmcdonaldsa.bsky.social
did:plc:m7acxgztuqgbfkcpejjp46db,did:plc:ckfshclyghehf5cm4akcdane,1,thecheethah.bsky.social,danielfsmith.bsky.social
did:plc:m7acxgztuqgbfkcpejjp46db,did:plc:m2m5pha3au5lvk6orjyftrhr,1,thecheethah.bsky.social,foxtelken.bsky.social
did:plc:m7cza327s4zp7qbdi6buyrf5,did:plc:kvf6pnfrtgek6jqlkpqhgacv,1,randsimon.bsky.social,yossigozlan.bsky.social
did:plc:m7cza327s4zp7qbdi6buyrf5,did:plc:zwgszo4ivnszs2sitaakccbb,1,randsimon.bsky.social,samvecenie.bsky.social
did:plc:m7kndhend6oqbzekjnghqwnz,did:plc:tuezgllkro3n37ymvm6f3gta,1,incognito420.bsky.social,moonbar.bsky.social
did:plc:maeunwoilxjfnquvef6qirah,did:plc:fkpnckg4eqizwxmgrxrgwyxo,1,theshelledone.bsky.social,philiprr.bsky.social
did:plc:maeunwoilxjfnquvef6qirah,did:plc:luofuy2uw7g4vsd2vbwidtel,1,theshelledone.bsky.social,keithsmithnba.bsky.social
did:plc:magnmhusmonaykllkwvpmt7t,did:plc:vaevyimmc6eat2rqyupxarhy,1,tjc05.bsky.social,midwestache.bsky.social
did:plc:maldz2avjwc65hpb3lmmo7ai,did:plc:3uuqepzcthwvmamvlr3zw7rc,1,tommyvon.bsky.social,jacksimone.bsky.social
did:plc:maldz2avjwc65hpb3lmmo7ai,did:plc:f5vknjyo6v6ctlf7hernwc3q,1,tommyvon.bsky.social,mrsceltics.bsky.social
did:plc:maldz2avjwc65hpb3lmmo7ai,did:plc:ov3ixpbcdxxd4ueau3slthet,1,tommyvon.bsky.social,joelvideo.producer.blue
did:plc:maldz2avjwc65hpb3lmmo7ai,did:plc:x5hsg7jg4ae6kry76niuxyzd,1,tommyvon.bsky.social,giojrivera.bsky.social
did:plc:mapwqr6ssjhz74yxxhdej5hh,did:plc:sa73fbx3vxzh2fw5pu5wmief,2,12trose.bsky.social,shamsbot.bsky.social
did:plc:maum6oxkdasx4mvt3inraoy6,did:plc:7ns5ynpm4g6q62wgx6ikcrys,1,thecodemonkey.bsky.social,rawcharge.com
did:plc:mbcm7pztmq3ladvqdfcswwam,did:plc:tb2bwzxom5qv4542ru3zqcgu,1,am-mccarthy.bsky.social,jakemgrumbach.bsky.social
did:plc:mblrblk2fph5dfnmmgz3zyul,did:plc:vaevyimmc6eat2rqyupxarhy,1,tksobi.bsky.social,midwestache.bsky.social
did:plc:mblubtsspej544ujitakqyor,did:plc:mtfaxzqle5h6stf7y6tmuxf7,1,purplefigment.bsky.social,sichrismannix.bsky.social
did:plc:mbsrkhek66y2evmm6bvyxdr3,did:plc:4erl2vqjvz35s5yh3zqsxvlv,2,somecleverthing.bsky.social,clarityrestoration.bsky.social
did:plc:mc43453zi7yhazgouijukhw6,did:plc:qqdqgzpqwyho4cxzso62m54q,1,bac5665.bsky.social,juliedicaro.bsky.social
did:plc:mcrugaqqf3pebcd2fbjz5cc7,did:plc:l4l3tzs2t7qrvgdqdvbrgzol,1,geeheeb.bsky.social,blazersunitracker.bsky.social
did:plc:mcy3zgsxfxmti32d3yusc5ji,did:plc:n3mr2ncepa2srs3ek5zai3fg,1,marcasg.bsky.social,shawnfoss.bsky.social
did:plc:mcy3zgsxfxmti32d3yusc5ji,did:plc:p7oa53h3ubyeth663q6lpvqj,1,marcasg.bsky.social,ktompkinsii.bsky.social
did:plc:md2xkdm43foqg4a7phqm54lo,did:plc:fmt54dvz6rrcpou4o3ivhfmp,2,janejanajuno.bsky.social,thelivingblues.bsky.social
did:plc:md6tagpsc67fliqqmdbzx4bn,did:plc:hxpkf2ff66wkjset3g3qj74y,1,maniccage.bsky.social,mxwinifred.bsky.social
did:plc:mddauau75dm7dnxyyl52pzqm,did:plc:7vnaslmocusfll2e33k4jdhm,1,iamnotchjohnson.bsky.social,joeviraynba.bsky.social
did:plc:mdeo5r7h3xrnnbhtm7n7sa5j,did:plc:uq4rl5ozgfkyujw4ejela3l7,2,akred.bsky.social,kerithburke.bsky.social
did:plc:mdhvp63ntsvmp2skghjekaec,did:plc:bdacp2cmuuyawx553cv2spdy,1,ydross.bsky.social,grubb.wtf
did:plc:mdmym5pcopjsuhsscuhqx36o,did:plc:55f556gizq63ibchaqwkgtjd,2,moretrev.bsky.social,pdawkins.bsky.social
did:plc:mdmym5pcopjsuhsscuhqx36o,did:plc:dgivipsubywryd3pjggdyawm,1,moretrev.bsky.social,markrussellpereira.bsky.social
did:plc:mdmym5pcopjsuhsscuhqx36o,did:plc:fr2fclp263vg3b5yjzamvjkp,1,moretrev.bsky.social,richt1.bsky.social
did:plc:mdmym5pcopjsuhsscuhqx36o,did:plc:hhv67ydqswmrizaz5dqlz336,1,moretrev.bsky.social,ipacers.bsky.social
did:plc:me2fkbp4f2gjobubkiszhmdt,did:plc:wp6oep3l55j76cnpvn5uased,1,noobsbt.bsky.social,lindseyadler.bsky.social
did:plc:me3opzj3zw272lmza3hiyabx,did:plc:2emupgm6taztttxwrjk4qk22,1,mrteamster.bsky.social,1robgunther.bsky.social
did:plc:me3ryachjofqzaxsfmu5zov5,did:plc:qqdqgzpqwyho4cxzso62m54q,1,archvillain.bsky.social,juliedicaro.bsky.social
did:plc:me7udh7ryneri3mtwuez43d3,did:plc:rxyiusciuniq4bcggehjmxvg,1,cascadian1.bsky.social,omarzahran.bsky.social
did:plc:me7udh7ryneri3mtwuez43d3,did:plc:ufl6gjngflv246zn4vf6yjyq,1,cascadian1.bsky.social,johnreecer.bsky.social
did:plc:meag766ddxfdkyjx4xiy7b3b,did:plc:sa73fbx3vxzh2fw5pu5wmief,1,krawensoul.bsky.social,shamsbot.bsky.social
did:plc:mencpxk4spd3xn3qotwkyyqf,did:plc:7sfnardo5xxznxc6esxc5ooe,1,alexip718.com,nba.com
did:plc:mencpxk4spd3xn3qotwkyyqf,did:plc:g7a6qji72odgptnddtrkdchy,1,alexip718.com,mrbuckbucknba.bsky.social
did:plc:mencpxk4spd3xn3qotwkyyqf,did:plc:mm73uzxfmpfkvveqytbrrzai,1,alexip718.com,itsamia.bsky.social
did:plc:mencpxk4spd3xn3qotwkyyqf,did:plc:zunweygjhrb2zknpcs2ke5rw,1,alexip718.com,dreyesceron.bsky.social
did:plc:merzqmt2xbmv3ujwqqyiotqm,did:plc:b2kutgxqlltwc6lhs724cfwr,1,swissrammer.bsky.social,theathletic.com
did:plc:mf43gem6g7ixsuramenlwd36,did:plc:2yyvxfpy4s63ars26dzlpbf2,1,yakineko22.bsky.social,usatodaysports.usatoday.com
did:plc:mf43gem6g7ixsuramenlwd36,did:plc:bswnoplhcm34xgpiu6v5w67j,1,yakineko22.bsky.social,dustyabs.bsky.social
did:plc:mf6w4ozezsjlpej6pslhn7dg,did:plc:2vhiaboxueyycu2rgjolu4a2,1,moveablebeast.bsky.social,ben9311.bsky.social
did:plc:mfenukdwobycb6nrwm35k4ze,did:plc:bpx5ab47lqy7zgxu222b4n2z,1,jothursday.bsky.social,mayorofoakland.bsky.social
did:plc:mfifnbo7j7dseoghz4cmcmhj,did:plc:4md3rkqkr6m6ifmggsbz6nde,1,chopeski.bsky.social,nbabeau.bsky.social
did:plc:mfmr2gsrnzgtwofkkbybyk74,did:plc:jwisx2ht7rps76hht4hj4ney,2,sullivanjeff.bsky.social,maxximista.bsky.social
did:plc:mfu44l7cislpmexvgftq75fb,did:plc:r6qbn7irjsndanfv5v3mdydo,3,coleskiiiiii.bsky.social,sarahjp81.bsky.social
did:plc:mfzzjidjfgzmbpwvym5azhmc,did:plc:5ehplizoyxc7edbvzcdw62z5,1,painesvillain.bsky.social,fauxwren.bsky.social
did:plc:mgbh5hy7lwwurcdy3jmgcpod,did:plc:2emupgm6taztttxwrjk4qk22,1,robertjeff57-58.bsky.social,1robgunther.bsky.social
did:plc:mglr3cnajrjt7uw6dnspb232,did:plc:kvf6pnfrtgek6jqlkpqhgacv,1,rls0012.bsky.social,yossigozlan.bsky.social
did:plc:mglr3cnajrjt7uw6dnspb232,did:plc:natglytz2yjptlzsrl7r656m,2,rls0012.bsky.social,tomwesterholm.bsky.social
did:plc:mglr3cnajrjt7uw6dnspb232,did:plc:nzt4zxtfvfqfw3mkk2357pgq,3,rls0012.bsky.social,hardbap.bsky.social
did:plc:mglr3cnajrjt7uw6dnspb232,did:plc:ov3ixpbcdxxd4ueau3slthet,2,rls0012.bsky.social,joelvideo.producer.blue
did:plc:mglr3cnajrjt7uw6dnspb232,did:plc:zvgi4eon2fvlemnmaqnmayuk,1,rls0012.bsky.social,johnkaralis.com
did:plc:mglr3cnajrjt7uw6dnspb232,did:plc:zwgszo4ivnszs2sitaakccbb,1,rls0012.bsky.social,samvecenie.bsky.social
did:plc:mh2ppg7rtvnbesr4gyjjkgem,did:plc:5qdnrwtr5ktuaevjyg7ufcra,1,megalu.bsky.social,mmwritesmore.bsky.social
did:plc:mh2ppg7rtvnbesr4gyjjkgem,did:plc:dgivipsubywryd3pjggdyawm,1,megalu.bsky.social,markrussellpereira.bsky.social
did:plc:mh2ppg7rtvnbesr4gyjjkgem,did:plc:e3ktrbooe3mildj4hhwhsvtc,1,megalu.bsky.social,mikeascotto.bsky.social
did:plc:mh2ppg7rtvnbesr4gyjjkgem,did:plc:f3p4t6axzxztgniq3nkm37wo,1,megalu.bsky.social,rikleen.bsky.social
did:plc:mh2ppg7rtvnbesr4gyjjkgem,did:plc:lk3ligc5pwx7nkv3a5amntsn,2,megalu.bsky.social,will-z-stats.bsky.social
did:plc:mh2ppg7rtvnbesr4gyjjkgem,did:plc:pac3yyffe2s6udlooifg2dyl,1,megalu.bsky.social,thekingsherald.bsky.social
did:plc:mh2ppg7rtvnbesr4gyjjkgem,did:plc:qxzivh5uhnv2ztr242wd4jnk,1,megalu.bsky.social,fcartoscelli3.bsky.social
did:plc:mh2ppg7rtvnbesr4gyjjkgem,did:plc:ugoqmdaxl4utnj4csujswwlj,1,megalu.bsky.social,athlonsports.bsky.social
did:plc:mh2ppg7rtvnbesr4gyjjkgem,did:plc:yvxgr32ufo75afd5qyoouxfc,1,megalu.bsky.social,shredberg.bsky.social
did:plc:mh45fctn3kx6wyyz5lqxorfj,did:plc:fgpyya4en5thfmi6usrr3kvv,1,psychprof85.bsky.social,jasonkirk.fyi
did:plc:mh7gfvwaoqbn2zomtxasynm6,did:plc:wseth24is2z4p7qqqs5rfhe6,1,ceereespeaks.bsky.social,lepetitereboot.bsky.social
did:plc:mhjapefifvx6tc6kndw6yi3q,did:plc:cvgfgkowwcxwpcrr5o6dq4lg,1,osgoodasitgets.bsky.social,mattbrown.bsky.social
did:plc:mhjtiosl5m4pn4uszu4jeqwj,did:plc:6aruq2to5dssyoqwmt5v3rvu,3,ko-alla.bsky.social,courtneyfox1.bsky.social
did:plc:mho5kgcpsy7f3uxfjoclnwn4,did:plc:4xaad7thmc4uqdhefbq6vizm,3,thereal1actionpat.bsky.social,johnbull.wtf
did:plc:mho5kgcpsy7f3uxfjoclnwn4,did:plc:b2kutgxqlltwc6lhs724cfwr,1,thereal1actionpat.bsky.social,theathletic.com
did:plc:mho5kgcpsy7f3uxfjoclnwn4,did:plc:pac3yyffe2s6udlooifg2dyl,1,thereal1actionpat.bsky.social,thekingsherald.bsky.social
did:plc:mi2dl6adm4xeosfzlxqam5m7,did:plc:pac3yyffe2s6udlooifg2dyl,1,vflowers84.bsky.social,thekingsherald.bsky.social
did:plc:mitmhq7tc35hdhnvv6mqcgii,did:plc:e62gb2ushvtvjvqcbrxeaw2n,1,foxux.bsky.social,chrislhayes.bsky.social
did:plc:mj4x6midcgtwrwkvmgffzuqq,did:plc:cvne4fdbpqyu6qced7whinxn,1,andytobo.bsky.social,chadstanton.blacksky.app
did:plc:mj4x6midcgtwrwkvmgffzuqq,did:plc:cyflytcyyyhawlrnnwiv25nd,3,andytobo.bsky.social,btoporek.bsky.social
did:plc:mj4x6midcgtwrwkvmgffzuqq,did:plc:g5rkanay5oauifbbpx6omj4s,1,andytobo.bsky.social,cebriggs.bsky.social
did:plc:mj4x6midcgtwrwkvmgffzuqq,did:plc:xf3h25ri37ki23voz4cnz3my,1,andytobo.bsky.social,drewmckevitt.bsky.social
did:plc:mj5mge44c6qgihkszdbs6sdw,did:plc:6aruq2to5dssyoqwmt5v3rvu,1,saramontourlewis.com,courtneyfox1.bsky.social
did:plc:mj5mge44c6qgihkszdbs6sdw,did:plc:uoumz6fjlsral6odboplm2sd,1,saramontourlewis.com,susieb.bsky.social
did:plc:mj5mge44c6qgihkszdbs6sdw,did:plc:utagao6hdvzub6jcnbpba56u,1,saramontourlewis.com,foglandia.bsky.social
did:plc:mjlwscaq6objpocqcwyhx6ag,did:plc:k37ousn7t2cc4mslvdhbgobi,1,stormaciousd.bsky.social,will-jones.bsky.social
did:plc:mjq5jcxr6ppjlimlt4pu3fys,did:plc:26375peygwnrijoepmy2fdcs,1,damntam.bsky.social,washingtonstatestandard.com
did:plc:mjqv5o66umn24opperjyk52y,did:plc:6beluo5xgn65lmsf6x6xqq6x,1,chrisrifer.bsky.social,billoram.bsky.social
did:plc:mk3yzsmyicqza7fdz3ywdxdg,did:plc:v2zlrgechuolpeiuh3pkz623,1,cecilthewormie.bsky.social,nrxia.bsky.social
did:plc:mkrx6rpomdqe2qx56zm2si4q,did:plc:b6ifksscllmlnu43f3znvnw2,3,marlfrick.bsky.social,oobh.bsky.social
did:plc:mkua4smnz3lb5gjlwxljhaso,did:plc:eclio37ymobqex2ncko63h4r,1,tbonelee.bsky.social,nytimes.com
did:plc:ml7jaq5xrzjp7wekbetnd2nb,did:plc:5qdnrwtr5ktuaevjyg7ufcra,1,benjaminabaya.com,mmwritesmore.bsky.social
did:plc:ml7jaq5xrzjp7wekbetnd2nb,did:plc:vgng6gg2uxdlqc2e4hnwiahp,1,benjaminabaya.com,jeddadiah-tomas.bsky.social
did:plc:mlewrofl5onfliap2wetvmjq,did:plc:e62gb2ushvtvjvqcbrxeaw2n,1,liberal57.bsky.social,chrislhayes.bsky.social
did:plc:mljkyag6hlz7qcocz6o5zxqt,did:plc:imulosiqm6ufokenircugvdd,1,prndheyya.bsky.social,mattb.cloud
did:plc:mltppn6idpvwxdrvyxvos556,did:plc:oehacvp76he4d5qjo262xoo2,1,therealmr-x.bsky.social,dre-withwithout.blacksky.app
did:plc:mlw42qbt3ruxyrewcrnltinu,did:plc:55rpfldzzqnigiot3l7bv65k,3,manuplanetario.bsky.social,julianguede.bsky.social
did:plc:mlw42qbt3ruxyrewcrnltinu,did:plc:rvze3orwxmlworrhidtfyve4,1,manuplanetario.bsky.social,carballudo.bsky.social
did:plc:mm4ikewcivn2754646agleng,did:plc:bstcak3kpul2ddmjks5i6tgu,1,honkifyouareantifa.bsky.social,starclusterr.bsky.social
did:plc:mm73uzxfmpfkvveqytbrrzai,did:plc:mencpxk4spd3xn3qotwkyyqf,1,itsamia.bsky.social,alexip718.com
did:plc:mmkcztrdngjvvuj5yeylsjfm,did:plc:sa73fbx3vxzh2fw5pu5wmief,1,kudimel.bsky.social,shamsbot.bsky.social
did:plc:mmljgmbapvopwddvnhs6zoxz,did:plc:65q24x7jododkc3mam5udbd6,1,cheeon.bsky.social,seehesh.bsky.social
did:plc:mn56wh64fiau54v5hod3dv3l,did:plc:4i6r6klutnvoov3tfr3wzdxl,1,revdjesq.bsky.social,byctom.bsky.social
did:plc:mn5fh2t6cbjyugpbigpwksfc,did:plc:e62gb2ushvtvjvqcbrxeaw2n,1,briankc.bsky.social,chrislhayes.bsky.social
did:plc:mnfrg3uranmquicq6zz7gdij,did:plc:3p2a6mkhk5fsodsgwt76lb7y,1,thefarmerjones.bsky.social,clydebscro.bsky.social
did:plc:mnfrg3uranmquicq6zz7gdij,did:plc:6xtss352bsq4rcyr356apu24,1,thefarmerjones.bsky.social,dunks.bsky.social
did:plc:mnfrg3uranmquicq6zz7gdij,did:plc:uj3zyf2nlre7t5orkcukexi4,1,thefarmerjones.bsky.social,playest.bsky.social
did:plc:mnfrg3uranmquicq6zz7gdij,did:plc:zolzm34tkmgh2sntr2bqadx7,1,thefarmerjones.bsky.social,bwalla.bsky.social
did:plc:mnvjmjzhrh4cl4rqlrfl4ynh,did:plc:t4i3a4fawuzge3dsw2i2h2fw,1,nvandenhouten.bsky.social,markjacob.bsky.social
did:plc:mo3mlncxk5g6g4zwziymrawe,did:plc:f5ixamgvyn3eohd4tperkyrv,1,notkaspeck.bsky.social,ambientheat.bsky.social
did:plc:moejpt72sm743idbk3xc46mx,did:plc:bx45f3a3rd6kwc2f2heufvzn,1,jesspish.bsky.social,danforth.bsky.social
did:plc:moejpt72sm743idbk3xc46mx,did:plc:cvne4fdbpqyu6qced7whinxn,2,jesspish.bsky.social,chadstanton.blacksky.app
did:plc:mok2wbtsd6r4ls5cvo3avomx,did:plc:pgpdotz5ap2u6bde5zkhpc3w,1,docbenway.bsky.social,doobie-howitzer.bsky.social
did:plc:mok2wbtsd6r4ls5cvo3avomx,did:plc:xatjkmbxwbdd34mop6dbrhin,2,docbenway.bsky.social,hamms716.bsky.social
did:plc:morcnwi6bnqshmhlb5qwk5rp,did:plc:e62gb2ushvtvjvqcbrxeaw2n,1,kylebirling.bsky.social,chrislhayes.bsky.social
did:plc:morcnwi6bnqshmhlb5qwk5rp,did:plc:jpnthlnrxuvpq6shn6yxleaa,1,kylebirling.bsky.social,mebartl8.bsky.social
did:plc:morcnwi6bnqshmhlb5qwk5rp,did:plc:wkbysllyarm4b3kxrj3mfxau,2,kylebirling.bsky.social,stpaulite.bsky.social
did:plc:morcnwi6bnqshmhlb5qwk5rp,did:plc:yuqa2tjvuc2aykl4juq2mtyc,1,kylebirling.bsky.social,slcpios50.bsky.social
did:plc:mpcu5u4h234ym4umca662lso,did:plc:e62gb2ushvtvjvqcbrxeaw2n,1,murray2.bsky.social,chrislhayes.bsky.social
did:plc:mpdfd3nklibx6l25geoxhnwz,did:plc:b2kutgxqlltwc6lhs724cfwr,1,vvernerherz0g.bsky.social,theathletic.com
did:plc:mpdfd3nklibx6l25geoxhnwz,did:plc:paf4vetn26bu7uggsie3vyrc,1,vvernerherz0g.bsky.social,lawmurraythenu.bsky.social
did:plc:mpdfd3nklibx6l25geoxhnwz,did:plc:pqjcxw3yphmvjaq7dzw2jnat,1,vvernerherz0g.bsky.social,richhomieflom.bsky.social
did:plc:mpdfd3nklibx6l25geoxhnwz,did:plc:zcifiaokjuznmkasf6zn347d,1,vvernerherz0g.bsky.social,flybyknite.bsky.social
did:plc:mpx7kwgab635vwa5qidzvy42,did:plc:nv5lrvuwzc3svt2ktbotwxnx,4,beardedbetts.bsky.social,michaelboulerice.com
did:plc:mq6lvo3hua26il73wdfjwg2l,did:plc:t6x6ac5jmyjivyg6oy3mxp3w,1,thechefniko.bsky.social,adampapageorgiou.bsky.social
did:plc:mqc5cxztbsm5t6x4ukhttc5e,did:plc:sa73fbx3vxzh2fw5pu5wmief,1,estegins.bsky.social,shamsbot.bsky.social
did:plc:mqcoyqjbkmd37qzlz3i6jgim,did:plc:shbrsjbjrqrsnjxwniprp6s6,1,yinkadoubledare.bsky.social,rickyodonn.bsky.social
did:plc:mqedajpvnh22o4qulndpfevf,did:plc:kq5obb3xiadd6jum34eeif4u,1,usafla.bsky.social,irawinderman.bsky.social
did:plc:mqfefnkbgcxm7d4xuawoqhjh,did:plc:dz7swnlgzjnxehyud3654vqd,1,azpenguin.bsky.social,janecoaston.bsky.social
did:plc:mqonn2jva7oynmnxixwnh3io,did:plc:wbpjhdry2la6ozeiqrdmpmms,1,zjwhitman.bsky.social,kpelton.bsky.social
did:plc:mqpgygz2umnuw4nr6auwe2io,did:plc:4kgda5cgziaxtlbpxjg5ttj5,1,texaskrusty.bsky.social,jdub9911.bsky.social
did:plc:mqpgygz2umnuw4nr6auwe2io,did:plc:mnfrg3uranmquicq6zz7gdij,1,texaskrusty.bsky.social,thefarmerjones.bsky.social
did:plc:mqpgygz2umnuw4nr6auwe2io,did:plc:t4i3a4fawuzge3dsw2i2h2fw,1,texaskrusty.bsky.social,markjacob.bsky.social
did:plc:mqpgygz2umnuw4nr6auwe2io,did:plc:x4qyokjtdzgl7gmqhsw4ajqj,1,texaskrusty.bsky.social,bencollins.bsky.social
did:plc:mqqgru65bpyklrwsusn24kvf,did:plc:62jnlcsohnkrvhybxe53gfux,1,markskog.bsky.social,itstcg.bsky.social
did:plc:mqudiarrsody3hkxvjmxd4in,did:plc:rkpzrwxex34r36ypejhew7ml,1,happilybearded.bsky.social,howardbeck.bsky.social
did:plc:mqypa3ybp67bdslnb3npon3j,did:plc:4xpj3xjxsxxcuh3ghaulzdqu,1,cu11en.bsky.social,yourmandevine.bsky.social
did:plc:mra7l4et7gfnhsiqauynjlqb,did:plc:izehxvvqo37nfna3245hhtt3,1,trexsauce.bsky.social,stephnoh.bsky.social
did:plc:mrah4ih53pzakfcmh5ce6gfp,did:plc:izehxvvqo37nfna3245hhtt3,1,ratemyleague.com,stephnoh.bsky.social
did:plc:mrd6oexdu6sjxcjxbn5txo4g,did:plc:f757g3nzbf5wky2hzim27zom,2,sharonsf.bsky.social,nycsteeler.bsky.social
did:plc:mrsj6tnybkfxu6cejdlabrc5,did:plc:6jpqgc6d4tplxcioxuh7khmr,1,heartofollowjimo.bsky.social,jimowczarski.bsky.social
did:plc:mrtreswv377bdn7ow4ekunyy,did:plc:ent7amfm43xhbvvdozui6hgv,2,helenamerinavas.bsky.social,llonsu.bsky.social
did:plc:mrtreswv377bdn7ow4ekunyy,did:plc:rvze3orwxmlworrhidtfyve4,2,helenamerinavas.bsky.social,carballudo.bsky.social
did:plc:mruyjwth2aafgzcjvfbyzch3,did:plc:ngcogcc6vwdr75y26yn7rgl6,3,jlasoul.bsky.social,veghistory.bsky.social
did:plc:mruyjwth2aafgzcjvfbyzch3,did:plc:vgwy2b3rrcewfdazrkanjbg4,1,jlasoul.bsky.social,veryimportant.lawyer
did:plc:mryaxzsm6tkfidpzcrnmuizr,did:plc:2ojkadu4mysnct2ge5xkifjj,2,misterhouse.bsky.social,anticharisma.bsky.social
did:plc:mryaxzsm6tkfidpzcrnmuizr,did:plc:nuf4edydc6eean56hdyv6bmg,1,misterhouse.bsky.social,superbee.bsky.social
did:plc:ms333ugzad7gwby3gonpzn7q,did:plc:2fil3vrrymlpa5uspsfgo37i,1,copleyscott17.bsky.social,justinanumudu.bsky.social
did:plc:msauhqa34ckvoct4rsdoijsy,did:plc:s42iw2fbfmgsgh7hdtvvoaao,1,tft.io,hoopinformatics.bsky.social
did:plc:mscr6szm73igjwu3vrr4q4p2,did:plc:k6jgbx7wc657rq2tzziyxhti,1,pozik.org,tediosa-miss.bsky.social
did:plc:msdl65eakj32yep7ulddld2d,did:plc:uwunrc4me5vby6eef4xymwbh,1,laconicicon.bsky.social,wildstreet.bsky.social
did:plc:msfxgbmi7py5kypsybrobqyr,did:plc:da2tx34rkzcxkn7ttjojayfp,1,moesquare.bsky.social,davisjason.bsky.social
did:plc:msfxgbmi7py5kypsybrobqyr,did:plc:rj7zv7h367rk4vj7liwsqbrv,1,moesquare.bsky.social,kimischilling.bsky.social
did:plc:msfxgbmi7py5kypsybrobqyr,did:plc:wveidvmniob6egctikkiu4hv,3,moesquare.bsky.social,mentoch.bsky.social
did:plc:mshmpfyqdaafuwhh2ttemegp,did:plc:lyrhzsfcnpthqs3t5ks6pqzv,1,fakeplastictrees.bsky.social,marcjspears.bsky.social
did:plc:mshr33k64vknitscnsbbyzfn,did:plc:4xaad7thmc4uqdhefbq6vizm,1,drbrianmd.bsky.social,johnbull.wtf
did:plc:mshr33k64vknitscnsbbyzfn,did:plc:fk27hb7ntk272s3gpa3se2bb,1,drbrianmd.bsky.social,snacksonsnackz.bsky.social
did:plc:msq7tld3dmuw26fazckqm24l,did:plc:pldvtptg4zbrxq6ap2cgubbo,1,miguel-corti.bsky.social,teganoneil5000.bsky.social
did:plc:mswxkrqeqopbfegnmo4uhhjt,did:plc:3n6tlt4druahl6g5qwwj5hmh,4,grizzrhys.bsky.social,topherj.bsky.social
did:plc:msxparvwlhq4e6igss75sg4o,did:plc:lyrhzsfcnpthqs3t5ks6pqzv,1,anootie.bsky.social,marcjspears.bsky.social
did:plc:msxtfin2eriee67vgu4bzg2w,did:plc:qqdqgzpqwyho4cxzso62m54q,1,themistocleswall.bsky.social,juliedicaro.bsky.social
did:plc:mt7yv7flsjd2s5x5bz4tl7jm,did:plc:t4i3a4fawuzge3dsw2i2h2fw,1,charlie.griefer.com,markjacob.bsky.social
did:plc:mtfh2f6nogyjegt6voaic35y,did:plc:l35pvajgwmf764yoqqwrjrqc,1,frozen.bsky.social,clareblackwood.bsky.social
did:plc:mtjussencom43hjibp7qz265,did:plc:e3ktrbooe3mildj4hhwhsvtc,1,drrtyd.bsky.social,mikeascotto.bsky.social
did:plc:mtjussencom43hjibp7qz265,did:plc:g7a6qji72odgptnddtrkdchy,3,drrtyd.bsky.social,mrbuckbucknba.bsky.social
did:plc:mtjussencom43hjibp7qz265,did:plc:nkizcyo6jb23jihrk2x6lyef,1,drrtyd.bsky.social,brentimus.bsky.social
did:plc:mtjussencom43hjibp7qz265,did:plc:yaednivr2bwik2fux27l6sgm,1,drrtyd.bsky.social,velodus.bsky.social
did:plc:mtyaifw46xppbvcxeo6tl6wf,did:plc:l3ireufywvn6u2rf3sapmiyc,1,nateduncannba.bsky.social,facup2013.bsky.social
did:plc:mtzkcgitsxzhs7j3juczlcjh,did:plc:s2ibun2lfcftexxcqsr4ryce,1,westinjay.bsky.social,michaelvpina.bsky.social
did:plc:mualqymqn7fnwovomue3l3mw,did:plc:zvgi4eon2fvlemnmaqnmayuk,1,mjbellantoni.bsky.social,johnkaralis.com
did:plc:muhg4jvd7ufv6ginxkj7d5lh,did:plc:vqtakzi5bityrtbjj4cfan4l,1,jcech.bsky.social,bubbaprog.xyz
did:plc:mvmyedk2ajyxzhkrb3d5l32l,did:plc:5ehplizoyxc7edbvzcdw62z5,1,sterlingsmith.bsky.social,fauxwren.bsky.social
did:plc:mvowdz3jg5yopr5u24xzur7q,did:plc:gyqkmuwdxmdtogtqdbnz6gwp,1,buttersbc.bsky.social,gfunksupreme.bsky.social
did:plc:mvowdz3jg5yopr5u24xzur7q,did:plc:rx7uqfmtwa4pof57ihc4yvka,1,buttersbc.bsky.social,roundballrock22.bsky.social
did:plc:mw3cwb6nr7qldk4mnjt4epsa,did:plc:fmt54dvz6rrcpou4o3ivhfmp,1,nameuser.bsky.social,thelivingblues.bsky.social
did:plc:mw6nvhi2ym6ysbnnrxpbkew6,did:plc:bo3cmrb4eajiwpjses4vmymu,2,fayeokay.bsky.social,wubbiq.bsky.social
did:plc:mwe4syowwbrsa3xhkehtahhq,did:plc:zvgnw2sx5gvuskf442p4f27o,1,lakergrrrl.bsky.social,bloghawk.bsky.social
did:plc:mwvedanqm5p36jq4rxt7upfz,did:plc:2xsjeksmt5podv6wmduiccbc,1,joeyd03.bsky.social,avi-wa.bsky.social
did:plc:mx4nzus45ho7dciimoyozkjp,did:plc:hf7ezrajxadu7v3tzcyij424,1,rvbdrm.com,parkermolloy.com
did:plc:mx523kacdocixixeeurdexjt,did:plc:zhut4cqffjxwyxb3d4hnp7l3,2,prettygenius.bsky.social,ortuttnauer.com
did:plc:mxi3eoqfkdewvnvk5iienhsq,did:plc:vqtakzi5bityrtbjj4cfan4l,1,wingador.bsky.social,bubbaprog.xyz
did:plc:mxj5z42227en4er556nsicoh,did:plc:zvgi4eon2fvlemnmaqnmayuk,1,creedreader.bsky.social,johnkaralis.com
did:plc:mxlpr53q4zmhgywxfjncjune,did:plc:fqsmj7o5mbb7n7oav2kkjuid,1,bwolfe6801.bsky.social,nbastat.bsky.social
did:plc:mxq3t6ub4mn4cylx5wtmmudv,did:plc:bnrvxigpgotzdtuz6c5wahcb,1,martingiannini.bsky.social,bugsysig.bsky.social
did:plc:mxq3t6ub4mn4cylx5wtmmudv,did:plc:ufl6gjngflv246zn4vf6yjyq,1,martingiannini.bsky.social,johnreecer.bsky.social
did:plc:my757iftvqeavcleke52rwcs,did:plc:2emupgm6taztttxwrjk4qk22,1,nberlin32.bsky.social,1robgunther.bsky.social
did:plc:mz3cnmyrh66wuxsgvrbsl7hl,did:plc:t4i3a4fawuzge3dsw2i2h2fw,1,gordong.bsky.social,markjacob.bsky.social
did:plc:mz656fvhydgtwgj5bpvoe6cy,did:plc:h6ju2yaiha3kohbqjyd2udjs,1,msfmd.bsky.social,us-tx-nb.bsky.social
did:plc:mz74zh37izdb3ezu5srawmxr,did:plc:2mxadfg4ck5lwlur64dsvan7,1,jcrawfy.bsky.social,brenda2026.bsky.social
did:plc:mz74zh37izdb3ezu5srawmxr,did:plc:6lloelaf7hkssb7lvp6pr7jh,1,jcrawfy.bsky.social,dmoscotia.bsky.social
did:plc:mzhefy4tpqx7twlk2sq46gom,did:plc:v3ibi4s72mwzzuwwy5tv77pq,1,manucleardevice.bsky.social,daynperry.bsky.social
did:plc:mzi7b3aeisal6utwd3ii4vsa,did:plc:vfhko53qbzz6k7soph4xadrj,1,sirduncaneltorpe.bsky.social,vilvoh.bsky.social
did:plc:mzkapwhuki7wfrgtfexma6f3,did:plc:k6jgbx7wc657rq2tzziyxhti,1,palocortao.eurosky.social,tediosa-miss.bsky.social
did:plc:mzpyicefyv6olrsxthlot7cb,did:plc:e62gb2ushvtvjvqcbrxeaw2n,1,flyingwalruss.bsky.social,chrislhayes.bsky.social
did:plc:mzpyicefyv6olrsxthlot7cb,did:plc:tsqgedpnxpdajtveutfdm2m4,1,flyingwalruss.bsky.social,lickmeimacid.bsky.social
did:plc:mzpyicefyv6olrsxthlot7cb,did:plc:zy6sn6tkic24e6p52g2yh4zn,1,flyingwalruss.bsky.social,rajandelman.bsky.social
did:plc:mzwghsjljvdy255c3w4glcmv,did:plc:6xavmse54akxck7wlul3k5d5,2,kennethbrandt.bsky.social,fiveburger.bsky.social
did:plc:n2bfcd4we2wvhljenpzglpq5,did:plc:7sfnardo5xxznxc6esxc5ooe,1,breakfastburrit0.bsky.social,nba.com
did:plc:n2bfcd4we2wvhljenpzglpq5,did:plc:l4l3tzs2t7qrvgdqdvbrgzol,1,breakfastburrit0.bsky.social,blazersunitracker.bsky.social
did:plc:n2bfcd4we2wvhljenpzglpq5,did:plc:luofuy2uw7g4vsd2vbwidtel,1,breakfastburrit0.bsky.social,keithsmithnba.bsky.social
did:plc:n2bfcd4we2wvhljenpzglpq5,did:plc:sa73fbx3vxzh2fw5pu5wmief,1,breakfastburrit0.bsky.social,shamsbot.bsky.social
did:plc:n2ccxzcm5wq5jeitphbszor5,did:plc:ephjuksxdn3u5ehhto6cixku,1,joecostin.bsky.social,chipete.bsky.social
did:plc:n2ccxzcm5wq5jeitphbszor5,did:plc:sa73fbx3vxzh2fw5pu5wmief,2,joecostin.bsky.social,shamsbot.bsky.social
did:plc:n34ejfqch4loc652cthi4ezz,did:plc:kdvkohfy7btmsdkg5mwuzjbw,1,arizzo.bsky.social,nuggets.bsky.social
did:plc:n34ejfqch4loc652cthi4ezz,did:plc:nlq6uv3pja3zg5y2cjfzl57c,1,arizzo.bsky.social,joelrushnba.bsky.social
did:plc:n3il5tzui2slajj2ssqpgt2a,did:plc:3stn7tt6yhp5aysjbfgfihxe,1,runtimeerror.blackskycomra.de,thesixthcourier.bsky.social
did:plc:n3mr2ncepa2srs3ek5zai3fg,did:plc:63z3qcqe2rifb6axewgah7bu,1,shawnfoss.bsky.social,johnbosch.bsky.social
did:plc:n3mr2ncepa2srs3ek5zai3fg,did:plc:7o235zoinswgbgfo7tyb3rek,1,shawnfoss.bsky.social,jacki.bsky.social
did:plc:n3mr2ncepa2srs3ek5zai3fg,did:plc:tb37uiavs7kjum4n4g5yvtjr,2,shawnfoss.bsky.social,rahulastrohl.bsky.social
did:plc:n3t4zwhu5e4gpodmgqwvaqpm,did:plc:sa73fbx3vxzh2fw5pu5wmief,1,bdw630.bsky.social,shamsbot.bsky.social
did:plc:n3ydwxdc4567z6sgu6iss222,did:plc:luofuy2uw7g4vsd2vbwidtel,1,kevinslastname.bsky.social,keithsmithnba.bsky.social
did:plc:n42bxazjhaju5wrpd5apjozy,did:plc:26375peygwnrijoepmy2fdcs,1,bchrezzygrl.bsky.social,washingtonstatestandard.com
did:plc:n43thy72w5jyn6jvottaqkv2,did:plc:32nzkhgaqts3uiwf734q63hx,1,dcaron28.bsky.social,mattprivratsky.bsky.social
did:plc:n4kdwcs2c3ytgmjngmrld7lp,did:plc:e62gb2ushvtvjvqcbrxeaw2n,1,raygina.bsky.social,chrislhayes.bsky.social
did:plc:n5cmylzjjykismbgq5k6jrfb,did:plc:um3mniz6h4ty3lg2e4aksgoj,1,dunots.voidsent.com,runningwaldo.bsky.social
did:plc:n5cmylzjjykismbgq5k6jrfb,did:plc:zzilxqve6xvnklnx7fmhz4s2,1,dunots.voidsent.com,milesdavismorales.bsky.social
did:plc:n5ldp6juk5x7ew5sa4zac56x,did:plc:ykqb2yhkbm4ngkn442k64zrc,1,habbyball.bsky.social,thehockeywriters.bsky.social
did:plc:n5lok3czchugw7r6rwrks4xe,did:plc:4md3rkqkr6m6ifmggsbz6nde,1,feder122.bsky.social,nbabeau.bsky.social
did:plc:n5vn7dakcsx467cznu3laszn,did:plc:nztbvvo2gl4227zuxjf7gog3,1,timfernholz.com,ddayen.bsky.social
did:plc:n5zvh56bwf6ktfcnmsvdc3fm,did:plc:wfhljp3cd3zlldavd5vo3viw,1,ramonvillalobos.bsky.social,bbburgerrr.bsky.social
did:plc:n6be7mrcu5moajwt7yypxgtd,did:plc:5hnhc5gto2qbhwfqumds23x4,1,jeremias77.bsky.social,jacoboleon.bsky.social
did:plc:n6cuzg7megk3o6x7le3wvejh,did:plc:k37ousn7t2cc4mslvdhbgobi,1,elimejia.bsky.social,will-jones.bsky.social
did:plc:n6nlzkvlkmdc7e2ow5sghcby,did:plc:b2kutgxqlltwc6lhs724cfwr,1,dav2u.bsky.social,theathletic.com
did:plc:n6rhynrnjqq3genc3cfbvyxb,did:plc:fgpyya4en5thfmi6usrr3kvv,1,malkieriking.bsky.social,jasonkirk.fyi
did:plc:n6tihxklrwn2gkajlqgla7ar,did:plc:if4n6vdin5rai4fswbx2727k,1,mylittlebloggie.bsky.social,brittrobson.bsky.social
did:plc:n6tihxklrwn2gkajlqgla7ar,did:plc:py7chfax4ftugpcpyj2binih,4,mylittlebloggie.bsky.social,christopherhine.bsky.social
did:plc:n6tihxklrwn2gkajlqgla7ar,did:plc:tb4afcezemqghwboih4vxlfb,1,mylittlebloggie.bsky.social,la-33.bsky.social
did:plc:n6tihxklrwn2gkajlqgla7ar,did:plc:whu2w6ztwn6miwkdtfset3zz,1,mylittlebloggie.bsky.social,ajm6792.bsky.social
did:plc:n6tihxklrwn2gkajlqgla7ar,did:plc:zo6iqlhkmuujbfgzlong7jox,1,mylittlebloggie.bsky.social,flattop100.bsky.social
did:plc:naetwnpziove2ahrdrg2ogvt,did:plc:6jpqgc6d4tplxcioxuh7khmr,1,brettgb.bsky.social,jimowczarski.bsky.social
did:plc:nampyfcyxub6yd7mmssl5vgo,did:plc:glmxe4fbzv5zu4vblv7hnh4b,2,airhorns4ever.bsky.social,marlaef.bsky.social
did:plc:napjuojpzqmzezmcqy542exx,did:plc:2emupgm6taztttxwrjk4qk22,1,tonymcfaddenwrites.bsky.social,1robgunther.bsky.social
did:plc:natglytz2yjptlzsrl7r656m,did:plc:mglr3cnajrjt7uw6dnspb232,1,tomwesterholm.bsky.social,rls0012.bsky.social
did:plc:natglytz2yjptlzsrl7r656m,did:plc:tl7zik52r2snt66gru24c4w5,2,tomwesterholm.bsky.social,budrohlfing.bsky.social
did:plc:natglytz2yjptlzsrl7r656m,did:plc:xl2kyscf3hwsme3bnsnnhmgd,1,tomwesterholm.bsky.social,coolhandnuke.bsky.social
did:plc:natglytz2yjptlzsrl7r656m,did:plc:zvgi4eon2fvlemnmaqnmayuk,1,tomwesterholm.bsky.social,johnkaralis.com
did:plc:nbblprjbkeomp4zzdlya2lyv,did:plc:rdx5tta272wdtvecvxhbblae,1,kingkongfundy.bsky.social,jaysretro.bsky.social
did:plc:nbfiullurhvckeeodsvj5h5z,did:plc:ksv7h7ynainc7djerjud7wr4,1,boilerjacket.bsky.social,trilliemcginest.bsky.social
did:plc:nbp47hekeeof55lesmx5jyqg,did:plc:jszy2fvtipwprnjhe7pxytfv,1,hagerfred.bsky.social,chicagotribune.com
did:plc:nbrssoteybuqpzarj3o3xfiy,did:plc:dlbppl2kdyccutor3t3jsuan,1,tuocodem.bsky.social,evanempdx.bsky.social
did:plc:nc42mvie7ss3hzb25lkrlv4l,did:plc:cwqp26rx7z6h76g6lo2ykbjk,1,jace2k.bsky.social,gwiss.bsky.social
did:plc:nc5zr2huieoqggjhvvxucn7e,did:plc:aax2d4gyu4vmlccwdtgci474,1,itstyishabitch.bsky.social,veryghetto.yaps.fyi
did:plc:ncgsgc5ymiksqivoycbr5mqx,did:plc:6r4tycruyvzbxgeczwrqbtma,1,earachemyeye.bsky.social,miclugo.bsky.social
did:plc:nclsvrcyqinwrs2263f6hwxe,did:plc:5jwjqc5zkxyi733feuols4ia,1,seangunn.bsky.social,tjnagel.bsky.social
did:plc:ncskjwzz4aqvn7pi46d7l6i4,did:plc:ptilbtx2nhrcmippqh7salyj,1,johnhollandoaktree.bsky.social,lzamparo.bsky.social
did:plc:ncskjwzz4aqvn7pi46d7l6i4,did:plc:ukq52bkuvbik3h5ehwa34ngx,1,johnhollandoaktree.bsky.social,joecannonlondon.bsky.social
did:plc:ncwmtmxj746jqwkxdpaedqsg,did:plc:xhrbyczjsuqacfjrfjwsabe7,1,g-sharp-major.bsky.social,normdeplume.bsky.social
did:plc:ncwyxh4iynifmvbm52fd3hhh,did:plc:y2kz4xr4bczkmd7v2xrothx4,1,paulee-k.bsky.social,woodsie111.bsky.social
did:plc:nd6b5kiasq3jkmytsb7y22xd,did:plc:26375peygwnrijoepmy2fdcs,1,seahawk007.bsky.social,washingtonstatestandard.com
did:plc:nde3o56ox53h5o5bucnbphpb,did:plc:cdptgcldnlax3nytf2uqvka6,1,zackquaintance.bsky.social,davidharper.bsky.social
did:plc:ndgjemzyw7xi5yf44xhxt5l5,did:plc:bhly5vionyd2owf642oomoze,1,sriramofnorwell.bsky.social,rutegar.bsky.social
did:plc:ndgjemzyw7xi5yf44xhxt5l5,did:plc:ggibrwvfmu7ehddn62m2lppu,1,sriramofnorwell.bsky.social,dangercart.bsky.social
did:plc:ndjifuxei3gbwqoyudx6j3u2,did:plc:fpsl6df7b36lbgvgk5w5m5nl,1,jdc2483.bsky.social,sarahloudandshort.bsky.social
did:plc:ne344shcm2jowdwh5whzkgfn,did:plc:bhdhzcuvh7hbvrhgfjzxcxqu,1,faignews.bsky.social,bendowsett.bsky.social
did:plc:ne344shcm2jowdwh5whzkgfn,did:plc:jzr5ls5laoyfmraosqohugte,1,faignews.bsky.social,dajbro.bsky.social
did:plc:nebsegpnhtddhsc2t37sswxx,did:plc:b2kutgxqlltwc6lhs724cfwr,1,torokrj.bsky.social,theathletic.com
did:plc:negtcazrmdmirlilapga2jl7,did:plc:npmz4kdp46tbhssixpctgfrr,1,anachron2.bsky.social,andrethetruth.bsky.social
did:plc:negtcazrmdmirlilapga2jl7,did:plc:qnebifoqvmylnambcl7admh3,1,anachron2.bsky.social,snackypanther.bsky.social
did:plc:nes5lhz7pgm24vm3cc2psusy,did:plc:22fudzaxnal4ddodzv2o6mwk,1,aniciaarredondo.bsky.social,jmcdonaldsa.bsky.social
did:plc:nfeniytiimaixhmr4johpqsl,did:plc:2ufp6rz3xoexzw7s3dgfnbbt,1,patov40.bsky.social,meninblazers.bsky.social
did:plc:nfkpexqb7uclz4q67pv4ka6b,did:plc:stnds3lpe36fa2nb4msw42rg,1,mclauchlin.bsky.social,honestlarry.bsky.social
did:plc:nftw7hltohx2togg7xhc3z4m,did:plc:xcmx5wy3wzhrqwnqhdzo6zd3,1,desertghosts.bsky.social,darthourobix.bsky.social
did:plc:nfwcb22ckmh2icdhubgc2tca,did:plc:7uahugigvixjvxd5s2hidpad,1,cincyzack.bsky.social,tonyreast.bsky.social
did:plc:nfwcb22ckmh2icdhubgc2tca,did:plc:dp4almqa43t6o6x5besyb6ej,2,cincyzack.bsky.social,mikebeight.bsky.social
did:plc:ng4gvm4bu7yzs72nfiwhagww,did:plc:sa73fbx3vxzh2fw5pu5wmief,1,christopherag.bsky.social,shamsbot.bsky.social
did:plc:ngcogcc6vwdr75y26yn7rgl6,did:plc:mruyjwth2aafgzcjvfbyzch3,2,veghistory.bsky.social,jlasoul.bsky.social
did:plc:ngpwe2kqqbvho7asf5yeuk2p,did:plc:eclio37ymobqex2ncko63h4r,1,aszesq.bsky.social,nytimes.com
did:plc:ngqde3jrhksmhu3rjlxcolkh,did:plc:oqud352jku6h7vmhrkv43vpw,1,forzabahab.bsky.social,maycontainnuts.bsky.social
did:plc:ngwq2sjqh4t7izn3wuwka7lb,did:plc:7dlhmih6zwcpsu3e54yykpvp,1,bosmarae.bsky.social,kofie.bsky.social
did:plc:ngxsvpxkoidgykidxoxmup34,did:plc:26375peygwnrijoepmy2fdcs,1,mosarah.bsky.social,washingtonstatestandard.com
did:plc:nhkjkwbibcbwwlqkmfdmjofd,did:plc:luofuy2uw7g4vsd2vbwidtel,1,mrdhee.bsky.social,keithsmithnba.bsky.social
did:plc:ni25t3gdpd24eeuqwdpzmzhz,did:plc:zihyscyydqe6zqsec2pfpz3h,1,clippersmx.bsky.social,mvp27.bsky.social
did:plc:nifdw6ouj3zpoco3f5kgmmuu,did:plc:b2kutgxqlltwc6lhs724cfwr,1,dunnowho.bsky.social,theathletic.com
did:plc:niqcji5vbkdnw4krfqzyuped,did:plc:dl7fz7krolw7poscns3i7xy3,1,number1hurtsfan.bsky.social,jdbatts79.bsky.social
did:plc:niqcji5vbkdnw4krfqzyuped,did:plc:noshg2tesu4hftn7edrmhfvy,1,number1hurtsfan.bsky.social,broadstreethockey.com
did:plc:niqcji5vbkdnw4krfqzyuped,did:plc:sa73fbx3vxzh2fw5pu5wmief,2,number1hurtsfan.bsky.social,shamsbot.bsky.social
did:plc:niupgkaq4mukoe63mxo3xm7r,did:plc:g7a6qji72odgptnddtrkdchy,2,37gene.bsky.social,mrbuckbucknba.bsky.social
did:plc:nj7iog6v4yov2e7tctmwq6n3,did:plc:w27fa5wqj4wuuzeyutxwgxxr,1,kimoco.bsky.social,subversivecomedy.bsky.social
did:plc:njetrvqxqqgvzalban235wkg,did:plc:fqsmj7o5mbb7n7oav2kkjuid,1,southerndandy.bsky.social,nbastat.bsky.social
did:plc:njhdk26zdoxrd6dztngazea7,did:plc:74nm4q3dst5xihzdwpq5p5jg,1,machminotaur.bsky.social,iiotenki.bsky.social
did:plc:njpr4fc5ibrcm3jac7igqmvg,did:plc:y45b7s4rwxbr7no7aa7c5qkt,2,shawnjohn.bsky.social,kirkwong.bsky.social
did:plc:nk3xxstiv7k6rj4j6ovaozhg,did:plc:k6jgbx7wc657rq2tzziyxhti,1,pedrinpapelin.bsky.social,tediosa-miss.bsky.social
did:plc:nkee2udfh3mazkqatimusiwm,did:plc:u57ugmveenw2uu3ns7pbcj4d,1,johnholbein1.bsky.social,rmkubinec.bsky.social
did:plc:nkee2udfh3mazkqatimusiwm,did:plc:zhut4cqffjxwyxb3d4hnp7l3,1,johnholbein1.bsky.social,ortuttnauer.com
did:plc:nkgx47rfpelmgitrt3opk7bm,did:plc:77xqr6w57x3xamigjynkcnfe,2,mbeller.bsky.social,davedufour.bsky.social
did:plc:nkizcyo6jb23jihrk2x6lyef,did:plc:75fudvceqwzcnuhmuhxop6hx,1,brentimus.bsky.social,rogower.bsky.social
did:plc:nkizcyo6jb23jihrk2x6lyef,did:plc:d3voroytsczggvxqgz4ixjeu,1,brentimus.bsky.social,httpreo.bsky.social
did:plc:nkizcyo6jb23jihrk2x6lyef,did:plc:f6fbiilymypwoezyvorxt653,1,brentimus.bsky.social,utm.bsky.social
did:plc:nkizcyo6jb23jihrk2x6lyef,did:plc:k37ousn7t2cc4mslvdhbgobi,1,brentimus.bsky.social,will-jones.bsky.social
did:plc:nkizcyo6jb23jihrk2x6lyef,did:plc:nyzcaasr7jvos2y7dl7t2xeg,1,brentimus.bsky.social,swimtoshorey.bsky.social
did:plc:nkizcyo6jb23jihrk2x6lyef,did:plc:svcld2gdfmsbnybhkjoyj6j5,2,brentimus.bsky.social,hbomatts.bsky.social
did:plc:nkizcyo6jb23jihrk2x6lyef,did:plc:u3ehlowkbpz7m6luyvyoshmd,2,brentimus.bsky.social,blindmanbaldwin.bsky.social
did:plc:nkizcyo6jb23jihrk2x6lyef,did:plc:wveidvmniob6egctikkiu4hv,7,brentimus.bsky.social,mentoch.bsky.social
did:plc:nkrma2qsuqcdxksvre2c6xvf,did:plc:y3caxnlaf3dzjx6u7e7a7y67,1,roxconn.bsky.social,hooverstreetrag.org
did:plc:nkujmj3e5qhla26pwg6ael7h,did:plc:5dxebmz3xy7cj5ngdmlu4zrs,1,professorburtch.bsky.social,carrarium.bsky.social
did:plc:nlaj47kuj7s53grrhhbp3lky,did:plc:fxoqrhuetri2zb3o3iu6obrc,1,tracymakris.bsky.social,samlv4.bsky.social
did:plc:nlfrqivdspcq2gviy4mh45bq,did:plc:lydpmbuyethpzjta6jeya6m6,1,vintage.dubstep.wtf,claudiiigrl.bsky.social
did:plc:nmaqa7cahviia3mtsr54guqe,did:plc:rwnic5ex3zdg4qoz5gtvhekr,1,jasonmca.bsky.social,reamessiah29.bsky.social
did:plc:nmm26ltnxjx4oskwzdue4xvq,did:plc:vc7f4oafdgxsihk4cry2xpze,1,cyaneyed.lol,jcsalterego.bsky.social
did:plc:no3z7ja36nwudki5jeyqpn5r,did:plc:e3ktrbooe3mildj4hhwhsvtc,1,kmaggs33.bsky.social,mikeascotto.bsky.social
did:plc:no3z7ja36nwudki5jeyqpn5r,did:plc:izehxvvqo37nfna3245hhtt3,1,kmaggs33.bsky.social,stephnoh.bsky.social
did:plc:no3z7ja36nwudki5jeyqpn5r,did:plc:sa73fbx3vxzh2fw5pu5wmief,1,kmaggs33.bsky.social,shamsbot.bsky.social
did:plc:no5p4tyjxxwfesqevjoi4xi7,did:plc:5hjosvutkjfudlaougquxlz3,2,arcticmadi.bsky.social,dannyfromparamore.bsky.social
did:plc:nogo4wg5o47xze5xtfbdzr6w,did:plc:jf2xolu5llzmv62luabmpfxe,1,isleofmisfittoys.bsky.social,islesbuzz.com
did:plc:np3g6ys3sbopzonwhsaewas7,did:plc:nxjtuslv3uvj6uym7ysu6cfa,2,j0seph08.bsky.social,mtzero.bsky.social
did:plc:np3g6ys3sbopzonwhsaewas7,did:plc:sa73fbx3vxzh2fw5pu5wmief,1,j0seph08.bsky.social,shamsbot.bsky.social
did:plc:npr2nboltgb5xyrlsfsgjhdw,did:plc:5jb2734ccyccx6a3hjjuzhrr,1,hopstache.bsky.social,kleinman.bsky.social
did:plc:npyata5hybs52xsqs3jhavqo,did:plc:b2kutgxqlltwc6lhs724cfwr,1,coughouse.bsky.social,theathletic.com
did:plc:npylsafmibfgnp5647c35g4j,did:plc:6ahv2jk7wea2fql74oiisng6,1,sfmayer.bsky.social,scottagness.bsky.social
did:plc:npz5szcw3xjg36uphfsvdvvb,did:plc:qcqrdzuykk5jfmubenks3uml,1,stodgyturtle.bsky.social,insidemdsports.bsky.social
did:plc:nq5cf44svexgs6lrihkqjlxh,did:plc:4fgb7z3jxofbrhrqixp3hu7t,1,if7ate9.bsky.social,nightowlcardz.bsky.social
did:plc:nqasts3y7blk55pur7yq6ego,did:plc:f5vknjyo6v6ctlf7hernwc3q,1,ghostoffrankdrebin.bsky.social,mrsceltics.bsky.social
did:plc:nqldnvpt6wqlgyns2wnsjkov,did:plc:3pntdwicww5rqhzwpvxiisn3,1,mondaynyquil.bsky.social,paulfischer.bsky.social
did:plc:nqz53sdx5ijyns53fcdqxsmi,did:plc:jf6q7mri2qiy7mlwcyfx3wtq,1,yelix.bsky.social,donyey.bsky.social
did:plc:nr2bbeoiof5r7ju6oog2alsn,did:plc:sa73fbx3vxzh2fw5pu5wmief,1,flempire.bsky.social,shamsbot.bsky.social
did:plc:nrbqwqvqkz54vubk5vwmvtgo,did:plc:ent7amfm43xhbvvdozui6hgv,4,antartica.bsky.social,llonsu.bsky.social
did:plc:nrbqwqvqkz54vubk5vwmvtgo,did:plc:nwvzgocpeurujdrvok5xj7b6,1,antartica.bsky.social,alaforca.bsky.social
did:plc:ns55pg4gyl2gto5bkchts7di,did:plc:z6ix2drlihjtprljiyzukcoz,1,emmaadella.bsky.social,ekingsbury.bsky.social
did:plc:nspqsv2dplvzqmxnpu5ysucy,did:plc:g3fvb2cxn4yxcq3rjd2llqv5,1,letsberational.bsky.social,davidaldridgedc.bsky.social
did:plc:nspqsv2dplvzqmxnpu5ysucy,did:plc:l4r3uzfvcr5y2g7tviyvxyzm,1,letsberational.bsky.social,codybrandt03.bsky.social
did:plc:nsttbhhihov4y5yejsri2zlr,did:plc:w27fa5wqj4wuuzeyutxwgxxr,1,nancylevinestearns.bsky.social,subversivecomedy.bsky.social
did:plc:nsvfrwctjwmn4mvukbgerh2y,did:plc:sa73fbx3vxzh2fw5pu5wmief,1,darth-vater.bsky.social,shamsbot.bsky.social
did:plc:nsxp2lvdhndkqeabfe36qniu,did:plc:jeb5puwe2trbthuqu4qnuctx,1,kianopoly.bsky.social,noadalzell.bsky.social
did:plc:ntlebufkxz4igzpmyc4cswmx,did:plc:74nm4q3dst5xihzdwpq5p5jg,1,invalidname.me,iiotenki.bsky.social
did:plc:ntmwqaedabirqrcf6j4zowhq,did:plc:luofuy2uw7g4vsd2vbwidtel,3,bbobysud588.bsky.social,keithsmithnba.bsky.social
did:plc:ntxzivbkm3n3r6gwm2xsl4av,did:plc:b2kutgxqlltwc6lhs724cfwr,1,ivychat.bsky.social,theathletic.com
did:plc:nu5ugkstpct76qneplvm26jf,did:plc:zfgzuqar2fbavcm7guqmsx7n,1,feel-the-fasc-tasy.bsky.social,funmandave.bsky.social
did:plc:nu6m2s63t4smlxj4ua7s4sff,did:plc:3ta3t2ky2v45qwn6ctn4iaxu,1,dangaurelien.bsky.social,dolorosasantos.bsky.social
did:plc:nuf4edydc6eean56hdyv6bmg,did:plc:mryaxzsm6tkfidpzcrnmuizr,1,superbee.bsky.social,misterhouse.bsky.social
did:plc:nuhanwpqqpfpx4wgjjfxzses,did:plc:b2kutgxqlltwc6lhs724cfwr,1,gamercat365.bsky.social,theathletic.com
did:plc:nuhanwpqqpfpx4wgjjfxzses,did:plc:bs2cajroxw6g4b3a4t3pnyz5,1,gamercat365.bsky.social,sportsballitics.bsky.social
did:plc:nujtu32lopfrk3a6r7zq2e6f,did:plc:mx62ni2prhriaagd7jfa65zk,1,crabphotographer.bsky.social,stevejones20.bsky.social
did:plc:nuodcc7fo4frlnmz6wb6atgh,did:plc:sa73fbx3vxzh2fw5pu5wmief,1,coltpogue.bsky.social,shamsbot.bsky.social
did:plc:nup4thkspuim2qanflxofbu4,did:plc:6jpqgc6d4tplxcioxuh7khmr,1,aurora8509.bsky.social,jimowczarski.bsky.social
did:plc:nur7rd3p7l7rmvf2gl5okmcg,did:plc:t4i3a4fawuzge3dsw2i2h2fw,1,sanitycheck99.bsky.social,markjacob.bsky.social
did:plc:nv3np6dxtucrv4tdx23wqubq,did:plc:e3ktrbooe3mildj4hhwhsvtc,1,verboseminimalist.bsky.social,mikeascotto.bsky.social
did:plc:nv3np6dxtucrv4tdx23wqubq,did:plc:uoumz6fjlsral6odboplm2sd,1,verboseminimalist.bsky.social,susieb.bsky.social
did:plc:nv3np6dxtucrv4tdx23wqubq,did:plc:zvgi4eon2fvlemnmaqnmayuk,1,verboseminimalist.bsky.social,johnkaralis.com
did:plc:nv5lrvuwzc3svt2ktbotwxnx,did:plc:mpx7kwgab635vwa5qidzvy42,3,michaelboulerice.com,beardedbetts.bsky.social
did:plc:nvcouvygtvcb7irnkvx4qypn,did:plc:fqsmj7o5mbb7n7oav2kkjuid,1,gnaps.bsky.social,nbastat.bsky.social
did:plc:nvcouvygtvcb7irnkvx4qypn,did:plc:ipi4gupvsgcqwav6idy5cfpz,1,gnaps.bsky.social,brucery.bsky.social
did:plc:nvcouvygtvcb7irnkvx4qypn,did:plc:lxicgzndy5flqlp6wlutv4u5,1,gnaps.bsky.social,oldkingsfan.bsky.social
did:plc:nvcouvygtvcb7irnkvx4qypn,did:plc:ml7jaq5xrzjp7wekbetnd2nb,1,gnaps.bsky.social,benjaminabaya.com
did:plc:nvcouvygtvcb7irnkvx4qypn,did:plc:urtzlgohgpyod45hftk3tzne,1,gnaps.bsky.social,lotusprime.bsky.social
did:plc:nvfvknxjyotipzooapwt7vwu,did:plc:2fil3vrrymlpa5uspsfgo37i,1,courtmouse.bsky.social,justinanumudu.bsky.social
did:plc:nvfvknxjyotipzooapwt7vwu,did:plc:6nm77glzlqusyqkjad3feirh,6,courtmouse.bsky.social,cynharp777.bsky.social
did:plc:nvk46qsh4f2q6m5wm4j3mdw3,did:plc:uvbiu76rlvpvtotv4vo6qr7i,1,basquiatball.bsky.social,thebenmiller.bsky.social
did:plc:nvk46qsh4f2q6m5wm4j3mdw3,did:plc:zcjj7vf2xqegs7wsfs6ucr63,1,basquiatball.bsky.social,problematicotter.bsky.social
did:plc:nwf2hr7bz3nulxpugrpjxhyx,did:plc:kfs7jzwvi7fdopvoq74dmwta,1,hempev.bsky.social,williamadler78.bsky.social
did:plc:nwfvuouejedbfgh2wbz5oy5q,did:plc:gt3unljcqhimumy5zgosk3gv,1,tempo1337.bsky.social,davidbix.bsky.social
did:plc:nwhtij3r5lxewmyakfl6ujkr,did:plc:e62gb2ushvtvjvqcbrxeaw2n,1,libbyzorden.bsky.social,chrislhayes.bsky.social
did:plc:nwvzgocpeurujdrvok5xj7b6,did:plc:ent7amfm43xhbvvdozui6hgv,1,alaforca.bsky.social,llonsu.bsky.social
did:plc:nx3ipmwwstt6cpquncnjvco6,did:plc:2h5oj7dfciesiknuazc3s3mo,1,cdanny17.bsky.social,usatoday.com
did:plc:nx3jg3cmhmarqplw2buuuxea,did:plc:2i2l6t4uh4y7vahpn7hiqx3f,1,direwolf54.bsky.social,iztokfranko.bsky.social
did:plc:nxbs3p7sn4i6i73tkw6xwhxz,did:plc:cnzvubkyyn4tnimuncdqqfvc,1,genxkelly.bsky.social,athoughtbytim.bsky.social
did:plc:nxbs3p7sn4i6i73tkw6xwhxz,did:plc:divfcfcvtbw7g62jrtynd7c2,1,genxkelly.bsky.social,mortscode.bsky.social
did:plc:nxbs3p7sn4i6i73tkw6xwhxz,did:plc:eafy3bofqxk77joghna7sgpt,1,genxkelly.bsky.social,shoozumoops.bsky.social
did:plc:nxbs3p7sn4i6i73tkw6xwhxz,did:plc:yaxysnurlgxh5uytadl66yvn,1,genxkelly.bsky.social,ripcitykeith.bsky.social
did:plc:nxcwzayd3vrer4ms3cefq3ns,did:plc:izxpomdyri45gzhppiiyattq,1,voodoo54.bsky.social,coachfinstock.bsky.social
did:plc:nxjtuslv3uvj6uym7ysu6cfa,did:plc:np3g6ys3sbopzonwhsaewas7,1,mtzero.bsky.social,j0seph08.bsky.social
did:plc:nxjtuslv3uvj6uym7ysu6cfa,did:plc:puemqg34cvrubh7esphva7oa,1,mtzero.bsky.social,ericmalcolm.bsky.social
did:plc:nxjtuslv3uvj6uym7ysu6cfa,did:plc:zmv5rkszn3ykfwwuzsuvbru2,1,mtzero.bsky.social,spungoldpub.bsky.social
did:plc:ny2gityaghxb7n4nhvqpkwmn,did:plc:vm3iepy54hjyq3tnrnc5xje4,1,rwsolinski.bsky.social,rogersparkman.bsky.social
did:plc:ny76g2dglzccy6bc5xemhyde,did:plc:54iaav2hbg4vbxqdzhw7lzn4,1,andypelzel.bsky.social,harrylylesjr.bsky.social
did:plc:nyfja3ter5dv2jos6ywkcske,did:plc:wyoitr5tfk5kexkh3csa6vxk,1,scandalous.bsky.social,jtabrys.bsky.social
did:plc:nyhnflzpiytm3ydacqbdqnqt,did:plc:bov6hsr7z3p6wz6y76fojiox,1,seanyyz.bsky.social,lukelebrun.ca
did:plc:nyjqrij2kphhkt3cmvi7ryyg,did:plc:7uahugigvixjvxd5s2hidpad,1,nolanhahn.bsky.social,tonyreast.bsky.social
did:plc:nyjqrij2kphhkt3cmvi7ryyg,did:plc:cvgfgkowwcxwpcrr5o6dq4lg,1,nolanhahn.bsky.social,mattbrown.bsky.social
did:plc:nyjqrij2kphhkt3cmvi7ryyg,did:plc:ilpzctn6tforvjyixc37smcg,1,nolanhahn.bsky.social,rickywlmsbong.bsky.social
did:plc:nym6mtt4sdfkfl7s5mwfwiec,did:plc:6jpqgc6d4tplxcioxuh7khmr,1,thetytimes.bsky.social,jimowczarski.bsky.social
did:plc:nyrkllkagx2uzjceufkk7d4w,did:plc:x2qyutkijed5ywmctucb4kqr,1,realgrizzmama1.bsky.social,memphisvserrrbody.bsky.social
did:plc:nysflsm7rfrqz5apns2mzkrz,did:plc:2mxadfg4ck5lwlur64dsvan7,2,brodiejstephens.bsky.social,brenda2026.bsky.social
did:plc:nysflsm7rfrqz5apns2mzkrz,did:plc:4jb5zqdmevltweh2xg6sp3vn,1,brodiejstephens.bsky.social,freejay.bsky.social
did:plc:nysflsm7rfrqz5apns2mzkrz,did:plc:5b3wgs4ngdd6c5lpak65qxwx,1,brodiejstephens.bsky.social,walkerp.bsky.social
did:plc:nysflsm7rfrqz5apns2mzkrz,did:plc:d4lr47qhkmumkyuvztsamuso,1,brodiejstephens.bsky.social,benpopovich.bsky.social
did:plc:nysflsm7rfrqz5apns2mzkrz,did:plc:fqsmj7o5mbb7n7oav2kkjuid,4,brodiejstephens.bsky.social,nbastat.bsky.social
did:plc:nysflsm7rfrqz5apns2mzkrz,did:plc:sa73fbx3vxzh2fw5pu5wmief,6,brodiejstephens.bsky.social,shamsbot.bsky.social
did:plc:nysflsm7rfrqz5apns2mzkrz,did:plc:zo7ppsdhdrry76iil7lwmflh,1,brodiejstephens.bsky.social,lovenba.bsky.social
did:plc:nysflsm7rfrqz5apns2mzkrz,did:plc:zwgszo4ivnszs2sitaakccbb,1,brodiejstephens.bsky.social,samvecenie.bsky.social
did:plc:nyzcaasr7jvos2y7dl7t2xeg,did:plc:d3voroytsczggvxqgz4ixjeu,1,swimtoshorey.bsky.social,httpreo.bsky.social
did:plc:nyzcaasr7jvos2y7dl7t2xeg,did:plc:nkizcyo6jb23jihrk2x6lyef,1,swimtoshorey.bsky.social,brentimus.bsky.social
did:plc:nze65mr7kto3u6qu3vk3bkcj,did:plc:4g7fgz3bdpleofssmifgx2ci,1,febrazink.bsky.social,jandzim.bsky.social
did:plc:nzt4zxtfvfqfw3mkk2357pgq,did:plc:3xe2iqlcmlpivu7hzddsgsl4,4,hardbap.bsky.social,swydan.bsky.social
did:plc:nzt4zxtfvfqfw3mkk2357pgq,did:plc:f5vknjyo6v6ctlf7hernwc3q,1,hardbap.bsky.social,mrsceltics.bsky.social
did:plc:nzt4zxtfvfqfw3mkk2357pgq,did:plc:f6fbiilymypwoezyvorxt653,1,hardbap.bsky.social,utm.bsky.social
did:plc:nzt4zxtfvfqfw3mkk2357pgq,did:plc:o5d7zrst4uuv7f45byscx3hc,1,hardbap.bsky.social,dillonnba.bsky.social
did:plc:nzt4zxtfvfqfw3mkk2357pgq,did:plc:ov3ixpbcdxxd4ueau3slthet,3,hardbap.bsky.social,joelvideo.producer.blue
did:plc:nzt4zxtfvfqfw3mkk2357pgq,did:plc:pafykfryhjyyhnvzzbygjcjf,3,hardbap.bsky.social,c0urtney-danvers.bsky.social
did:plc:nzt4zxtfvfqfw3mkk2357pgq,did:plc:qpid6iui7eh3pirw63j6ggt4,1,hardbap.bsky.social,jj617.bsky.social
did:plc:nzt4zxtfvfqfw3mkk2357pgq,did:plc:wajdvjtbxxz4b5tbhs7iixbs,2,hardbap.bsky.social,vasudevank.bsky.social
did:plc:nzt4zxtfvfqfw3mkk2357pgq,did:plc:yhuw4za5cbuqupk53ryhixmr,2,hardbap.bsky.social,redroundball.bsky.social
did:plc:nztbvvo2gl4227zuxjf7gog3,did:plc:42apfkqnbenrnp5efzj6bzkd,1,ddayen.bsky.social,criminalenterprise.bsky.social
did:plc:nztbvvo2gl4227zuxjf7gog3,did:plc:e62gb2ushvtvjvqcbrxeaw2n,1,ddayen.bsky.social,chrislhayes.bsky.social
did:plc:nztbvvo2gl4227zuxjf7gog3,did:plc:hjypvroqy64n3tnps3ojdmzm,1,ddayen.bsky.social,liminalgrind.bsky.social
did:plc:nztbvvo2gl4227zuxjf7gog3,did:plc:ltqnqj344lsu3dlk5gwk3e64,1,ddayen.bsky.social,coldwindandsnow.bsky.social
did:plc:o22kcn5vnrguqz5njofudtnw,did:plc:dg2jfgzonj4nlxuntxjuwdsj,1,liskeard1.bsky.social,timflood1966.bsky.social
did:plc:o22kcn5vnrguqz5njofudtnw,did:plc:r7cpxcwsr4f6hnalfo6oijjo,2,liskeard1.bsky.social,cutie1967.bsky.social
did:plc:o246wzflbtdk44t2jjz4jf7g,did:plc:g62tajye723r3fa4gqw7l7ql,1,stevieshoes.bsky.social,pattymo.com
did:plc:o24lk7l7ekyv2alwqp7oa3g7,did:plc:e3ktrbooe3mildj4hhwhsvtc,1,leefoltin.bsky.social,mikeascotto.bsky.social
did:plc:o24lk7l7ekyv2alwqp7oa3g7,did:plc:hf7ezrajxadu7v3tzcyij424,1,leefoltin.bsky.social,parkermolloy.com
did:plc:o24lk7l7ekyv2alwqp7oa3g7,did:plc:lyrhzsfcnpthqs3t5ks6pqzv,1,leefoltin.bsky.social,marcjspears.bsky.social
did:plc:o24lk7l7ekyv2alwqp7oa3g7,did:plc:mtfaxzqle5h6stf7y6tmuxf7,1,leefoltin.bsky.social,sichrismannix.bsky.social
did:plc:o24lk7l7ekyv2alwqp7oa3g7,did:plc:sa73fbx3vxzh2fw5pu5wmief,1,leefoltin.bsky.social,shamsbot.bsky.social
did:plc:o24lk7l7ekyv2alwqp7oa3g7,did:plc:xwa273u2xtoaab4lm5ybj2uy,1,leefoltin.bsky.social,fredkatz.bsky.social
did:plc:o2bulq3n3iuljobsnnmh756t,did:plc:b2kutgxqlltwc6lhs724cfwr,1,jonescurtisw.bsky.social,theathletic.com
did:plc:o2wehrl7azlxcuhgxc7pyjg2,did:plc:75ywphuamkbx76cq6efue5y5,1,andredarmanin.bsky.social,jlewenberg.bsky.social
did:plc:o2wehrl7azlxcuhgxc7pyjg2,did:plc:zgn2mtu5aynj7al5cfsih36j,1,andredarmanin.bsky.social,michaelgrangenba.bsky.social
did:plc:o2xuk3kmy2xwif2j5p5fe4vr,did:plc:aauzlzzvsle7whfbf5pdfemk,1,deadheadgirly.bsky.social,coyotegirl.online
did:plc:o3qnfkfqo4zbjdlo73xy4hxw,did:plc:pgrqrtjyigyi3h4ygzkhxwkj,1,chucktallent.bsky.social,mikevorkunov.bsky.social
did:plc:o44g3xneaa377jivwf5n5p36,did:plc:sxmtovmbnf5tfjiyq5ewqoex,4,gregburton.bsky.social,fzypchz.bsky.social
did:plc:o44iuwbot5fbtjjevgq54fif,did:plc:shbrsjbjrqrsnjxwniprp6s6,1,4imdrane.bsky.social,rickyodonn.bsky.social
did:plc:o4b5tr6p6zyejbhb7xxtllcb,did:plc:6o2fgbwzmc3ez6mftimnos2r,1,jeromeajohnson.bsky.social,shugnate.bsky.social
did:plc:o4bpcl3rbjur656t3nz5p6i2,did:plc:yvy5ax23zpmoearxn6xsgqzf,2,always70s.bsky.social,btrowland.bsky.social
did:plc:o4oa4ztooivt6qwdnqi4uuz7,did:plc:wwjzpnepddes4lh2gaghetui,1,mattdaddy.bsky.social,jasonperpoul.bsky.social
did:plc:o4qp7bilvrxuynjpn76yyds4,did:plc:6zpx4oaqtw6muwucqze25kdq,1,atlantaroots.bsky.social,batterypower.bsky.social
did:plc:o4rmk2eq33jhoz5og5icbfg3,did:plc:b6v54l7vnitivlnyqekh47xd,1,brew-crew.bsky.social,tiwindisch.gspn.info
did:plc:o4vczhnnbiu2azgrhyrju4hj,did:plc:5hnhc5gto2qbhwfqumds23x4,2,ionugutz.bsky.social,jacoboleon.bsky.social
did:plc:o4vczhnnbiu2azgrhyrju4hj,did:plc:aq7dgjilbxbc2lfnqakricnf,1,ionugutz.bsky.social,ozpintargaryen.bsky.social
did:plc:o4vczhnnbiu2azgrhyrju4hj,did:plc:luofuy2uw7g4vsd2vbwidtel,1,ionugutz.bsky.social,keithsmithnba.bsky.social
did:plc:o55e6xz3lwilxdq6trnlq3qh,did:plc:pezatpmjsh7geayoy6kf7mrs,1,mberns247.bsky.social,kupobeer.bsky.social
did:plc:o5d7zrst4uuv7f45byscx3hc,did:plc:6og4wz3ljh65rwhrspnr25ah,1,dillonnba.bsky.social,jazzazzin.bsky.social
did:plc:o5d7zrst4uuv7f45byscx3hc,did:plc:b2kutgxqlltwc6lhs724cfwr,1,dillonnba.bsky.social,theathletic.com
did:plc:o5d7zrst4uuv7f45byscx3hc,did:plc:dgivipsubywryd3pjggdyawm,1,dillonnba.bsky.social,markrussellpereira.bsky.social
did:plc:o5d7zrst4uuv7f45byscx3hc,did:plc:e3ktrbooe3mildj4hhwhsvtc,1,dillonnba.bsky.social,mikeascotto.bsky.social
did:plc:o5d7zrst4uuv7f45byscx3hc,did:plc:fg2gp6f3gp2znzhugonf4fk3,1,dillonnba.bsky.social,rgiss.bsky.social
did:plc:o5d7zrst4uuv7f45byscx3hc,did:plc:lk6drln7d24g5akxeo77acyl,1,dillonnba.bsky.social,lenonn.bsky.social
did:plc:o5d7zrst4uuv7f45byscx3hc,did:plc:nzt4zxtfvfqfw3mkk2357pgq,1,dillonnba.bsky.social,hardbap.bsky.social
did:plc:o5d7zrst4uuv7f45byscx3hc,did:plc:pjy44evqbyz2kpv6l5whtggl,1,dillonnba.bsky.social,ethosfantasynba.bsky.social
did:plc:o5d7zrst4uuv7f45byscx3hc,did:plc:sa73fbx3vxzh2fw5pu5wmief,1,dillonnba.bsky.social,shamsbot.bsky.social
did:plc:o5d7zrst4uuv7f45byscx3hc,did:plc:x4gxcq7uospumk5ewsitfvse,3,dillonnba.bsky.social,getsit.bsky.social
did:plc:o5d7zrst4uuv7f45byscx3hc,did:plc:xlulqhjwqq6alvjkht57sbm5,2,dillonnba.bsky.social,rawnba.bsky.social
did:plc:o5eoougcmfzuwshkcelwg47m,did:plc:glmxe4fbzv5zu4vblv7hnh4b,1,vkinwi.bsky.social,marlaef.bsky.social
did:plc:o5pwazhvy6h5ws7d6duqtyha,did:plc:4md3rkqkr6m6ifmggsbz6nde,1,robwarrior.bsky.social,nbabeau.bsky.social
did:plc:o5tdec5wp4574zdj4bucsd5f,did:plc:qzmhzpfhotvu4vdf6wgfs5dm,1,fishaah.bsky.social,mrch1valry.bsky.social
did:plc:o66ebu3ishwyarwfoorvxsyz,did:plc:dz7swnlgzjnxehyud3654vqd,1,mattbrickman.bsky.social,janecoaston.bsky.social
did:plc:o6an4oqqnvovaxbsm4qhyxkr,did:plc:xksan6ezeeojasw7dt7nuluv,2,opr71.bsky.social,pepowied.bsky.social
did:plc:o6cth76j3zioxlpcs5ae4tvv,did:plc:ivp3fax4npthatynw3aqtwrf,1,tomasverde.bsky.social,ahamm.bsky.social
did:plc:o6cth76j3zioxlpcs5ae4tvv,did:plc:sslxlbadjw5tekufubvtubn7,1,tomasverde.bsky.social,aaaaaallday.bsky.social
did:plc:o6dtzivw25ztqb2v5phy35b4,did:plc:eprxy4hatwl2u6ezmifehryn,1,jonvr.bsky.social,bradmilne79.bsky.social
did:plc:o6dtzivw25ztqb2v5phy35b4,did:plc:luofuy2uw7g4vsd2vbwidtel,2,jonvr.bsky.social,keithsmithnba.bsky.social
did:plc:o6dtzivw25ztqb2v5phy35b4,did:plc:sa73fbx3vxzh2fw5pu5wmief,1,jonvr.bsky.social,shamsbot.bsky.social
did:plc:o6dtzivw25ztqb2v5phy35b4,did:plc:tne6d463w7av3ruhurbjw2g4,1,jonvr.bsky.social,bostonianindc.bsky.social
did:plc:o6hl2z2eayiinctio4k3lkqz,did:plc:fqsmj7o5mbb7n7oav2kkjuid,1,high5jones.bsky.social,nbastat.bsky.social
did:plc:o6io5e4bipcldveagvdiopfa,did:plc:pa3jceitipxtdlvittz2pdgv,1,svennobln.bsky.social,thortschmann.bsky.social
did:plc:o6jc7e5loegnyjj3fmlil2vz,did:plc:hf7ezrajxadu7v3tzcyij424,1,randallsd.bsky.social,parkermolloy.com
did:plc:o7ad7grtfxrmybroqi6dzl3k,did:plc:rrh5me656wmncolysevqhc4y,1,anaphoristand.bsky.social,adamaaronson.bsky.social
did:plc:o7icpso6evs2j7jptkesplh2,did:plc:y435iv635b52twusagaoxktx,2,billygomila.bsky.social,jakenazar.bsky.social
did:plc:o7jc2pzff4hcrr2rjzhbmtmh,did:plc:e62gb2ushvtvjvqcbrxeaw2n,1,vicmanz.bsky.social,chrislhayes.bsky.social
did:plc:o7nvaeky6b42dplp2ssdudvw,did:plc:vu5swjxgbdpcsrhthj37lsju,1,ohnohedidnt24.bsky.social,dr-thompson.bsky.social
did:plc:o7tkncgfoqaa6k2iclb2x3kw,did:plc:p3otcpk3sgdhxdt5x57xzp76,1,shanethurston.bsky.social,mn-snow-show.bsky.social
did:plc:o7vf6svlej76yk3wfyj2b67c,did:plc:uoumz6fjlsral6odboplm2sd,1,hombrehambre.bsky.social,susieb.bsky.social
did:plc:oa2xc7qkdrfpemqiz2a672wp,did:plc:7sfnardo5xxznxc6esxc5ooe,1,jeeeeesh.bsky.social,nba.com
did:plc:oa5ob2kace2lqxxxhxz6qsfd,did:plc:aee6atrqipfqgobjkwob5mu7,1,brlynn.bsky.social,itspatrickpl.bsky.social
did:plc:oa5ob2kace2lqxxxhxz6qsfd,did:plc:yqb5qalz5dklm6vjipkgvvoa,2,brlynn.bsky.social,devfan4evr.bsky.social
did:plc:oad6oh7t4odigvrc67n2n7pz,did:plc:hf7ezrajxadu7v3tzcyij424,1,snarkysteff.bsky.social,parkermolloy.com
did:plc:oafrik4tx7nkmqysa4kpnuv5,did:plc:f47unotfhxdmxbw7uszcjwvp,1,hockeybear.space,alongcamepoly4thew.bsky.social
did:plc:oafswsuam3nnnl5j5eoqnisl,did:plc:3qk3uqajhwciw22xh7zlj3ui,1,augustburnsroy.bsky.social,fourthlinemagic.bsky.social
did:plc:oafswsuam3nnnl5j5eoqnisl,did:plc:46dsja6hx6465rasxtbpusdk,1,augustburnsroy.bsky.social,rifao.guru
did:plc:oah77hjpjowbxygit4jilshf,did:plc:6jpqgc6d4tplxcioxuh7khmr,1,slimshady7523.bsky.social,jimowczarski.bsky.social
did:plc:oahq257z7k3az5wrcn2u2epl,did:plc:fqsmj7o5mbb7n7oav2kkjuid,1,jpoe.bsky.social,nbastat.bsky.social
did:plc:oahq257z7k3az5wrcn2u2epl,did:plc:sa73fbx3vxzh2fw5pu5wmief,1,jpoe.bsky.social,shamsbot.bsky.social
did:plc:obk2c5h2isynhjvwo4d7dlii,did:plc:oxvv6tk25pzdlrqiiotqf2cn,2,zeitheist.bsky.social,marvinjapan.bsky.social
did:plc:obmk76myqimdya4cb6har2bs,did:plc:vq47dnnhpwl2jir45t2vd76i,1,junkiedinmke.bsky.social,jimmyfk.bsky.social
did:plc:oc4lzllazhxbei5d3nczlnol,did:plc:g7a6qji72odgptnddtrkdchy,2,jzfresh.bsky.social,mrbuckbucknba.bsky.social
did:plc:oc4tvrvwif2w3vivyvex2wn5,did:plc:b2kutgxqlltwc6lhs724cfwr,1,randyw1993.bsky.social,theathletic.com
did:plc:oc5l7eaanxdcxkcf7eccsb6l,did:plc:sa73fbx3vxzh2fw5pu5wmief,1,bozoberry.bsky.social,shamsbot.bsky.social
did:plc:oclue3e6ui6yomcljd6wltax,did:plc:f5f6nlzungthujhlwbcxckls,1,nowondvd.bsky.social,gentlemanlydrinker.bsky.social
did:plc:oclue3e6ui6yomcljd6wltax,did:plc:yi5qjz6rrb6m3gd6u7oaefyb,2,nowondvd.bsky.social,jasoncheathawks.bsky.social
did:plc:oclue3e6ui6yomcljd6wltax,did:plc:z3uh6dme22hydm4loftjktaj,1,nowondvd.bsky.social,unlox.bsky.social
did:plc:ocnjlyq7oe4if2mro2mlal5r,did:plc:wzpgt6z5dcqldirvcapkpm6w,1,doughy-joey.bsky.social,zenakeita.bsky.social
did:plc:ocqvobhff5ldztiqv6iylpp2,did:plc:e62gb2ushvtvjvqcbrxeaw2n,1,vanvelding.bsky.social,chrislhayes.bsky.social
did:plc:oct4wwykig3xsq2eso4rljdx,did:plc:3omcxrarbvi6fdnibxevxlpk,1,charlesmead.bsky.social,chrismuellerpgh.bsky.social
did:plc:odfqrlx5qtjfl5troxykqd5c,did:plc:kfs7jzwvi7fdopvoq74dmwta,1,dwillis.bsky.social,williamadler78.bsky.social
did:plc:odgxwakrg5r2zjetnrkxuh5c,did:plc:lsxjwibmdg6vrfggpmfzz7eq,1,ronbronson.com,another.rodeo
did:plc:odjefpnzzdyfqulsmsijmz2f,did:plc:hzywjirsko3s4bgnvwbchbvr,1,sleepysamaritan.bsky.social,taoofstieb.bsky.social
did:plc:odrm6vwb4hl6jqvz46ali4ll,did:plc:oj5blc3orcaoahohplfbaoz2,1,opinionatedwino.bsky.social,msjnba.bsky.social
did:plc:odsuwd5b4ner2kdtaljc5ein,did:plc:e62gb2ushvtvjvqcbrxeaw2n,1,sushicowgirl.bsky.social,chrislhayes.bsky.social
did:plc:oe7snswjdyydgyd3d6emkjib,did:plc:t4i3a4fawuzge3dsw2i2h2fw,1,gnarlygale.bsky.social,markjacob.bsky.social
did:plc:oelu3qzsdis2wmf3chicz5xu,did:plc:hb5s4bd5ctk6inznrn6gf6hx,1,ajlacey.bsky.social,basketballtalk.bsky.social
did:plc:oelu3qzsdis2wmf3chicz5xu,did:plc:ozrhqae34vzv6mso2hsym65i,1,ajlacey.bsky.social,omarisankofa.bsky.social
did:plc:oexqvbihifgnhvqzklhtyepf,did:plc:5e7udjobn7kkdja5enwuv3et,1,nubianking.bsky.social,sprtjnky.bsky.social
did:plc:oexqvbihifgnhvqzklhtyepf,did:plc:7dymlwy5ywh25kinp3kklosy,1,nubianking.bsky.social,starswimmer135.bsky.social
did:plc:oey6ebvwjlbuxxioozxlretr,did:plc:b2kutgxqlltwc6lhs724cfwr,1,gdubb740.bsky.social,theathletic.com
did:plc:ofc2wjhhi2r63yf2vdh5bu7e,did:plc:prfuepz6y4ooqkt7xibz2jau,1,eyetwitch.bsky.social,bennetthipp.bsky.social
did:plc:ofhtfeir26tgv4hc5ghuobvb,did:plc:hf7ezrajxadu7v3tzcyij424,1,greenjoel.bsky.social,parkermolloy.com
did:plc:ofhtm7izwef6o725x7pebkhz,did:plc:xnafm5jptgubwut5nup2jnts,1,wildfox.bsky.social,greyscaleljh.bsky.social
did:plc:ofm5statwxk5pocvzcw4bknz,did:plc:a3ybrbabfw4tpq3jpyii4slk,2,darthvandigo.bsky.social,dadshammdad.bsky.social
did:plc:ofmipzs5zeiewsv7z7j5lomm,did:plc:ne344shcm2jowdwh5whzkgfn,1,slavaukrainigr.bsky.social,faignews.bsky.social
did:plc:ofwtrrxjyj6uq6xshmwhi47p,did:plc:iiqun7rzcl56e2vdsqfsxt7d,1,grimandgrimy.bsky.social,archiemom.bsky.social
did:plc:ogjiquviiuhunhcknr6qmqlc,did:plc:6jpqgc6d4tplxcioxuh7khmr,1,wolfsilver.bsky.social,jimowczarski.bsky.social
did:plc:ogjiquviiuhunhcknr6qmqlc,did:plc:luofuy2uw7g4vsd2vbwidtel,1,wolfsilver.bsky.social,keithsmithnba.bsky.social
did:plc:ogmhmmzxxm6cikuj7hwrcnaf,did:plc:22fudzaxnal4ddodzv2o6mwk,1,kingcanoga.bsky.social,jmcdonaldsa.bsky.social
did:plc:ogmhmmzxxm6cikuj7hwrcnaf,did:plc:2m6fnqqirmfks5xakni7paqv,1,kingcanoga.bsky.social,gregpinelo.bsky.social
did:plc:ogusy4fnswxockww4ccwdeui,did:plc:4la3nvenk5mzjc6omgpvm7cl,1,viraldonutz.bsky.social,katenordstrom2.bsky.social
did:plc:ogusy4fnswxockww4ccwdeui,did:plc:hx6d55znvrhk4j6mqmed6bbf,1,viraldonutz.bsky.social,rtodkelly.bsky.social
did:plc:oh5kdrpn7onip6kgvkh7djn5,did:plc:75ywphuamkbx76cq6efue5y5,1,heathermitchell.bsky.social,jlewenberg.bsky.social
did:plc:ohgtlharvpqu6wojus3n5fqd,did:plc:tln4j33eldzt3tids6n6whe6,1,vlime286.bsky.social,philtyckoski.bsky.social
did:plc:ohl6ojrlhdc64sw6mjsrts2x,did:plc:e62gb2ushvtvjvqcbrxeaw2n,1,topbenbos.bsky.social,chrislhayes.bsky.social
did:plc:oho6v7zuy7hh6jkjd4wlpjnp,did:plc:qqdqgzpqwyho4cxzso62m54q,1,richellecarey.bsky.social,juliedicaro.bsky.social
did:plc:ohqb7zwyvd5rq7wk6ffkatue,did:plc:mqqgru65bpyklrwsusn24kvf,1,pierremcmanus.bsky.social,markskog.bsky.social
did:plc:oie3yxat2mua6kvi6o6yo4pz,did:plc:3q2bc4e3zxdq43xmtfwfiebs,1,raymkiii.bsky.social,juansintierra2666.bsky.social
did:plc:oir27jlquvusmquareodsaci,did:plc:h2ue2eahs2yoeqs6o2hnewyc,1,phillytradesman.bsky.social,vivotranquil0.bsky.social
did:plc:oir27jlquvusmquareodsaci,did:plc:sa73fbx3vxzh2fw5pu5wmief,1,phillytradesman.bsky.social,shamsbot.bsky.social
did:plc:oiwoewurdgbyjtnmdctaviob,did:plc:pa3jceitipxtdlvittz2pdgv,1,emslaender.bsky.social,thortschmann.bsky.social
did:plc:oiwoewurdgbyjtnmdctaviob,did:plc:v2zuyw5hkrdxu4pgympy2s3y,1,emslaender.bsky.social,dogfather7.bsky.social
did:plc:oj5blc3orcaoahohplfbaoz2,did:plc:avw4m3ezwmw4x2uk2kv4rriz,2,msjnba.bsky.social,newyorklahoman.bsky.social
did:plc:oj5blc3orcaoahohplfbaoz2,did:plc:bxlp5jhxl5pcshzjodovsyf2,1,msjnba.bsky.social,stephenmk.bsky.social
did:plc:oj5blc3orcaoahohplfbaoz2,did:plc:cwqp26rx7z6h76g6lo2ykbjk,1,msjnba.bsky.social,gwiss.bsky.social
did:plc:oj5blc3orcaoahohplfbaoz2,did:plc:qom2wnvnaonkvcy2wpoqqlpk,1,msjnba.bsky.social,80cloud.bsky.social
did:plc:ok3m6rodirtylitlob2jtpw3,did:plc:d2h2o7toiimmorgahgqcesxo,1,gr8ball83.bsky.social,theradish.bsky.social
did:plc:ok3m6rodirtylitlob2jtpw3,did:plc:kgo45g7krpb5chiqyarhaxwv,2,gr8ball83.bsky.social,medicineclam.bsky.social
did:plc:ok3m6rodirtylitlob2jtpw3,did:plc:wmqeyoxhxyod73wcot4sqhe7,1,gr8ball83.bsky.social,jonhamm.bsky.social
did:plc:ok7jfkgurdbxxf4rtp4seqsa,did:plc:33yuttg43domt6gyddetilkn,1,ameliaearhart2.bsky.social,nodunks.com
did:plc:ok7jfkgurdbxxf4rtp4seqsa,did:plc:ous55f2dyjb5htrrqzsgj3xu,1,ameliaearhart2.bsky.social,nbamvp1.bsky.social
did:plc:ok7jfkgurdbxxf4rtp4seqsa,did:plc:r7rdolkpvvhlfhen6dnwrrhg,1,ameliaearhart2.bsky.social,dtsavage.bsky.social
did:plc:ok7jfkgurdbxxf4rtp4seqsa,did:plc:v6xd7qcm4tsgb4ndo547vh4n,1,ameliaearhart2.bsky.social,jeskeets.bsky.social
did:plc:oka4zpuuecoubmgsdyeqe5jf,did:plc:dei7xq5ouyhgfrfndvm6paky,2,estefano-souza.bsky.social,luciahelenaaaaa.bsky.social
did:plc:oka4zpuuecoubmgsdyeqe5jf,did:plc:s2ibun2lfcftexxcqsr4ryce,1,estefano-souza.bsky.social,michaelvpina.bsky.social
did:plc:okiwcvut4ydotwucr7gogoru,did:plc:axuvbckddrg7lwlpjs44o7rg,1,garriecoleman.bsky.social,london.gov.uk
did:plc:oksjsrnqlwc6ujbtx37x5lks,did:plc:3ybwpruswu3k7j7tuoji5kjy,1,hugheslab.tech,fredbetel.bsky.social
did:plc:okuplg23wqqg2bvr4v6ygurl,did:plc:s2ibun2lfcftexxcqsr4ryce,1,giannisgreekfreak.bsky.social,michaelvpina.bsky.social
did:plc:okuplg23wqqg2bvr4v6ygurl,did:plc:sa73fbx3vxzh2fw5pu5wmief,2,giannisgreekfreak.bsky.social,shamsbot.bsky.social
did:plc:okuplg23wqqg2bvr4v6ygurl,did:plc:xqkiycxt66ufxqftban3zup7,1,giannisgreekfreak.bsky.social,basketghoul.bsky.social
did:plc:okwvrububqk4hsfurc25oejz,did:plc:ecjlc5ouev63oweq5en4lsj3,1,dayzee634.bsky.social,davekarpf.bsky.social
did:plc:oky2ghmnwydjbmue52nechv7,did:plc:kj4ff6jl5e3g3udg6nempxbf,1,poeticalcontext.bsky.social,mattwinkelman.bsky.social
did:plc:ol6jkhbp5gxu4k3pvdepqo4r,did:plc:26375peygwnrijoepmy2fdcs,1,jvmvo.bsky.social,washingtonstatestandard.com
did:plc:oldni5ro4vbwzbvbsdhj42wo,did:plc:c74tiqnuigp6p7oqf337ndkj,1,wa-si-san.bsky.social,ara61.bsky.social
did:plc:olhc4sgvsbyhkkkpehdmt7ii,did:plc:2hitp6dykch5ie7onzakdgae,1,mistermike.bsky.social,fed-up-studio.bsky.social
did:plc:olhggeqoaxsn5ohmy6f4k7sr,did:plc:ftprz5ytv4w6zmbjj6rx2gi5,4,jojopkw.bsky.social,zomzonyapkw.bsky.social
did:plc:oljtfkyulex4iv45deplyg7k,did:plc:juabt5pninxjoi4zazhjvwfy,1,namirocket.bsky.social,clutch3-16.bsky.social
did:plc:olkghntkkhtwxxs3onb24cqz,did:plc:22fudzaxnal4ddodzv2o6mwk,1,blazefielding.bsky.social,jmcdonaldsa.bsky.social
did:plc:olrdgyxuuxxgha4njg675qkr,did:plc:b2kutgxqlltwc6lhs724cfwr,1,peterasser.bsky.social,theathletic.com
did:plc:olrz4s3ubopibfwws4zkob6r,did:plc:7dlhmih6zwcpsu3e54yykpvp,1,backlogrob.com,kofie.bsky.social
did:plc:ombkozpe4laqwnbf7avemt6h,did:plc:2mxadfg4ck5lwlur64dsvan7,1,raya2etall.bsky.social,brenda2026.bsky.social
did:plc:omdq7trgvxyed7fi6n3vnm6p,did:plc:dgivipsubywryd3pjggdyawm,1,slat.bsky.social,markrussellpereira.bsky.social
did:plc:omjpubyxzqks3lu63iavttun,did:plc:ruyan275nwz5dv7eju7pvf2a,2,rossromano.bsky.social,clehmann.bsky.social
did:plc:omsbgsb4kxuuzhy72onofnnu,did:plc:pxdf7acxdsyulfnff4rqv726,2,emotoast.bsky.social,scorpiono.blacksky.app
did:plc:omsbgsb4kxuuzhy72onofnnu,did:plc:sa73fbx3vxzh2fw5pu5wmief,1,emotoast.bsky.social,shamsbot.bsky.social
did:plc:omy7oy6uzqqsyatgdawskmh2,did:plc:tbxb5awgq7iz7wexx4knfzql,1,nicklewis37.bsky.social,hammer59.bsky.social
did:plc:on7rhkxpgfnz5rxhklwa7fqa,did:plc:2g3p466mwex6cpt7pnlhi2eq,1,antsman41.bsky.social,johnmoe.bsky.social
did:plc:on7rhkxpgfnz5rxhklwa7fqa,did:plc:6beluo5xgn65lmsf6x6xqq6x,1,antsman41.bsky.social,billoram.bsky.social
did:plc:on7rhkxpgfnz5rxhklwa7fqa,did:plc:fqsmj7o5mbb7n7oav2kkjuid,3,antsman41.bsky.social,nbastat.bsky.social
did:plc:on7rhkxpgfnz5rxhklwa7fqa,did:plc:r6nmrtup3g4xwdk4sgw2k2z5,1,antsman41.bsky.social,alexfrompgh.bsky.social
did:plc:on7rhkxpgfnz5rxhklwa7fqa,did:plc:sa73fbx3vxzh2fw5pu5wmief,2,antsman41.bsky.social,shamsbot.bsky.social
did:plc:onbvksxyzk6e37xdlj44abl7,did:plc:stqs7doqtql75cdr7uw3bxhu,1,timstwrt.bsky.social,pjmaciak.bsky.social
did:plc:onrzncpndnmqfdyz7spsloln,did:plc:57l2sc2rn4ov4wkry4efzibt,1,sturmlliouville.bsky.social,lordrobin------rm.bsky.social
did:plc:onrzncpndnmqfdyz7spsloln,did:plc:sf3zlfieuwb7dqwyaj74ye6j,1,sturmlliouville.bsky.social,nyk44.bsky.social
did:plc:onuop2xczekgwrpzjj6yhbyj,did:plc:bvn5oncrh2mie4nxuzbiqjmi,1,vjy1.bsky.social,juliapoe.bsky.social
did:plc:onuop2xczekgwrpzjj6yhbyj,did:plc:sa73fbx3vxzh2fw5pu5wmief,1,vjy1.bsky.social,shamsbot.bsky.social
did:plc:onx72evtodstqeabfsv2erof,did:plc:73oqrzcfzbou36ibep67odja,1,mindsdesire.bsky.social,kenfortson.bsky.social
did:plc:oofa3qqoiszsmajbigfqskqv,did:plc:m74t5iobxonwi4ve7xt2malu,1,chriswarcraft.bsky.social,buckrawheat.bsky.social
did:plc:ookubqiyu5qfm4er3kw3ubmb,did:plc:yvy5ax23zpmoearxn6xsgqzf,1,curtmcgirt.bsky.social,btrowland.bsky.social
did:plc:oopgdvhuo57unlzonhkj5f7p,did:plc:gt3unljcqhimumy5zgosk3gv,1,forkboy84.bsky.social,davidbix.bsky.social
did:plc:ootlqm4yksdqj2y46lt6bauj,did:plc:lxjketqcpl6kk4rd4iaacgif,1,buckfarstool.bsky.social,joe2000.bsky.social
did:plc:op5ayjbkwsa7qxxlvq7outc3,did:plc:paf4vetn26bu7uggsie3vyrc,1,beardjamin.bsky.social,lawmurraythenu.bsky.social
did:plc:opelviagnqfsjfhlywzeoj4k,did:plc:sa73fbx3vxzh2fw5pu5wmief,1,reallynottony.bsky.social,shamsbot.bsky.social
did:plc:opitlhegy42erpncaesegdmh,did:plc:2emupgm6taztttxwrjk4qk22,1,nutmegger1965.bsky.social,1robgunther.bsky.social
did:plc:opkhqpvwn3pohtte3l3dosdl,did:plc:e62gb2ushvtvjvqcbrxeaw2n,1,kmgreen6.bsky.social,chrislhayes.bsky.social
did:plc:opkhqpvwn3pohtte3l3dosdl,did:plc:shbrsjbjrqrsnjxwniprp6s6,1,kmgreen6.bsky.social,rickyodonn.bsky.social
did:plc:opm6f3tftmrp4b7l7jvidxk6,did:plc:a67zdrt4nl2tv2qojpngogbq,1,kennedytkennedy.bsky.social,apnews.com
did:plc:opxzr6ygaksmez3gvbqa5ldx,did:plc:3bskuhu5fv2azw6cmf7xf64q,1,stinkystepp.bsky.social,brgulker.bsky.social
did:plc:oqapoomfi4nvcqs5fidm7ah2,did:plc:t4i3a4fawuzge3dsw2i2h2fw,1,mondeboeuf.bsky.social,markjacob.bsky.social
did:plc:oqjwo6rjqx4hg34qub2ltyyl,did:plc:iqfdqthkrvhigvy2hht3hprz,1,thomas58.bsky.social,big-steppa.bsky.social
did:plc:oqldnktgovfhnbdqrcjgnpfp,did:plc:uqtnb34oh7coqgyvk3ghtqcv,1,adisruptivekid.bsky.social,kinefresh.bsky.social
did:plc:oqsnatjurit7ai3yiu3gc2vv,did:plc:22fudzaxnal4ddodzv2o6mwk,1,pro-tipz.bsky.social,jmcdonaldsa.bsky.social
did:plc:oqud352jku6h7vmhrkv43vpw,did:plc:scphp4cl2ytcij5bga5aogeu,1,maycontainnuts.bsky.social,37h3r.net
did:plc:or4uj6vyuk4qnjksjkw3nj62,did:plc:7oacaorchx6tl5mfv5uksaoo,1,mikeyt202.blacksky.app,bacongawd.blacksky.app
did:plc:or4uj6vyuk4qnjksjkw3nj62,did:plc:z2vmhf6ol25qcsmmpo7fmlwf,1,mikeyt202.blacksky.app,debbiecakes.blacksky.app
did:plc:ornxszsgfsfofs2hyj66qf3v,did:plc:crcybmshorvvegmbkp5rvgjv,1,glenndishere.bsky.social,nbcswarriors.bsky.social
did:plc:os3fnft6rrbfowtaafw5trpl,did:plc:aybotarrzwf3by4mhvtzyk5b,2,nfluger.bsky.social,benschleuss.bsky.social
did:plc:os3fnft6rrbfowtaafw5trpl,did:plc:n6tihxklrwn2gkajlqgla7ar,1,nfluger.bsky.social,mylittlebloggie.bsky.social
did:plc:os3fnft6rrbfowtaafw5trpl,did:plc:p3otcpk3sgdhxdt5x57xzp76,1,nfluger.bsky.social,mn-snow-show.bsky.social
did:plc:os3fnft6rrbfowtaafw5trpl,did:plc:waw6zjjsfghvwrlqafxp7syz,2,nfluger.bsky.social,annaknutson.bsky.social
did:plc:oshhcrrbvwvjuq2zywbmvb4d,did:plc:b2kutgxqlltwc6lhs724cfwr,1,madbaker47.bsky.social,theathletic.com
did:plc:oshhcrrbvwvjuq2zywbmvb4d,did:plc:izehxvvqo37nfna3245hhtt3,1,madbaker47.bsky.social,stephnoh.bsky.social
did:plc:oshhcrrbvwvjuq2zywbmvb4d,did:plc:sa73fbx3vxzh2fw5pu5wmief,1,madbaker47.bsky.social,shamsbot.bsky.social
did:plc:oshhcrrbvwvjuq2zywbmvb4d,did:plc:zcifiaokjuznmkasf6zn347d,6,madbaker47.bsky.social,flybyknite.bsky.social
did:plc:osllti3xika7c7m73woikkwu,did:plc:7dlhmih6zwcpsu3e54yykpvp,1,420eggman69.bsky.social,kofie.bsky.social
did:plc:osllti3xika7c7m73woikkwu,did:plc:s42iw2fbfmgsgh7hdtvvoaao,1,420eggman69.bsky.social,hoopinformatics.bsky.social
did:plc:oslte2he75ktffyqbbdgisaa,did:plc:b6v54l7vnitivlnyqekh47xd,3,parkerbs.bsky.social,tiwindisch.gspn.info
did:plc:oslte2he75ktffyqbbdgisaa,did:plc:glmxe4fbzv5zu4vblv7hnh4b,1,parkerbs.bsky.social,marlaef.bsky.social
did:plc:oslte2he75ktffyqbbdgisaa,did:plc:jpnthlnrxuvpq6shn6yxleaa,1,parkerbs.bsky.social,mebartl8.bsky.social
did:plc:oslte2he75ktffyqbbdgisaa,did:plc:uoumz6fjlsral6odboplm2sd,1,parkerbs.bsky.social,susieb.bsky.social
did:plc:oslte2he75ktffyqbbdgisaa,did:plc:vynl6il44o4q7zjaudjtbiqn,1,parkerbs.bsky.social,ptros.bsky.social
did:plc:oslte2he75ktffyqbbdgisaa,did:plc:wkbysllyarm4b3kxrj3mfxau,1,parkerbs.bsky.social,stpaulite.bsky.social
did:plc:oslte2he75ktffyqbbdgisaa,did:plc:xqkiycxt66ufxqftban3zup7,3,parkerbs.bsky.social,basketghoul.bsky.social
did:plc:osnz2wkr3dkp3q4mli7jfojs,did:plc:qzmhzpfhotvu4vdf6wgfs5dm,6,lazypyro.bsky.social,mrch1valry.bsky.social
did:plc:oteqvjqpewfboap2dqmc5erb,did:plc:6jpqgc6d4tplxcioxuh7khmr,1,mrlinas.bsky.social,jimowczarski.bsky.social
did:plc:oteqvjqpewfboap2dqmc5erb,did:plc:x4qyokjtdzgl7gmqhsw4ajqj,1,mrlinas.bsky.social,bencollins.bsky.social
did:plc:otl6zdzjfqss2xzoudbbkudi,did:plc:6taqdglwz3oadrstyqxdogni,1,ilikeburritos.bsky.social,alexregla.bsky.social
did:plc:otzevhhpvsbaqwm774b36yhw,did:plc:e62gb2ushvtvjvqcbrxeaw2n,1,angryarchitect8.bsky.social,chrislhayes.bsky.social
did:plc:ou2amtpyth6gownbaatqh47d,did:plc:aybotarrzwf3by4mhvtzyk5b,1,mtgunderson.bsky.social,benschleuss.bsky.social
did:plc:ouawpdcwudwl7dr5v4cqv7y4,did:plc:26375peygwnrijoepmy2fdcs,1,djleemd.bsky.social,washingtonstatestandard.com
did:plc:oucobh6v6i2thbte7763xb4p,did:plc:kfs7jzwvi7fdopvoq74dmwta,1,stuartshapiroblou.bsky.social,williamadler78.bsky.social
did:plc:oucobh6v6i2thbte7763xb4p,did:plc:tw77ipw5w2xwv3hzc6mrljsf,1,stuartshapiroblou.bsky.social,lukeknox.me
did:plc:oufahi3se5jwlw4wgjj2koa2,did:plc:t4i3a4fawuzge3dsw2i2h2fw,1,hansonpat.bsky.social,markjacob.bsky.social
did:plc:ouklnhfc3gbkii3yqyg4puxe,did:plc:sa73fbx3vxzh2fw5pu5wmief,1,afino.bsky.social,shamsbot.bsky.social
did:plc:oulr27djxoqhokpggmww5ikz,did:plc:ikpnt2t3wxrdnsh4bhd2izhr,1,smyk10.bsky.social,przemekgda.bsky.social
did:plc:ouwtzb2hsw3jt5q6wolfohbw,did:plc:73bvnbh6ofsckfahjz7dnvl5,1,riverroadband.bsky.social,mccannsportslaw.bsky.social
did:plc:ov3ixpbcdxxd4ueau3slthet,did:plc:2rbb3i4gwfosgvaces5ohobz,1,joelvideo.producer.blue,ramblinwreck34.bsky.social
did:plc:ov3ixpbcdxxd4ueau3slthet,did:plc:3h62rwjpvx3b56ab6vhsql45,3,joelvideo.producer.blue,celticsbakitbol.bsky.social
did:plc:ov3ixpbcdxxd4ueau3slthet,did:plc:cc7tzd4bb5sh6d5taioq256d,1,joelvideo.producer.blue,candacepedraza.bsky.social
did:plc:ov3ixpbcdxxd4ueau3slthet,did:plc:d2utfmoshmoi4vvb4bwsposs,1,joelvideo.producer.blue,danielleceltics.bsky.social
did:plc:ov3ixpbcdxxd4ueau3slthet,did:plc:dgivipsubywryd3pjggdyawm,2,joelvideo.producer.blue,markrussellpereira.bsky.social
did:plc:ov3ixpbcdxxd4ueau3slthet,did:plc:dl45gvyrkbqt7xwowhh4aa6j,1,joelvideo.producer.blue,adamtaylornba.bsky.social
did:plc:ov3ixpbcdxxd4ueau3slthet,did:plc:enpunz2yc5pcyo6u2eckux3c,2,joelvideo.producer.blue,xskarma.bsky.social
did:plc:ov3ixpbcdxxd4ueau3slthet,did:plc:luofuy2uw7g4vsd2vbwidtel,1,joelvideo.producer.blue,keithsmithnba.bsky.social
did:plc:ov3ixpbcdxxd4ueau3slthet,did:plc:nzt4zxtfvfqfw3mkk2357pgq,3,joelvideo.producer.blue,hardbap.bsky.social
did:plc:ov3ixpbcdxxd4ueau3slthet,did:plc:pafykfryhjyyhnvzzbygjcjf,1,joelvideo.producer.blue,c0urtney-danvers.bsky.social
did:plc:ov3ixpbcdxxd4ueau3slthet,did:plc:qcr4xuatf5bpqaktx2lkrstf,1,joelvideo.producer.blue,soxsigns.bsky.social
did:plc:ov3ixpbcdxxd4ueau3slthet,did:plc:ra4oy3ibhnmfd5li4wmkg763,7,joelvideo.producer.blue,animejay.blacksky.app
did:plc:ov3ixpbcdxxd4ueau3slthet,did:plc:rd5ynhtbscmfudbbjby54qlx,1,joelvideo.producer.blue,ariarubin.bsky.social
did:plc:ov3ixpbcdxxd4ueau3slthet,did:plc:tgd5fqgz2ivxphgui2x564cw,1,joelvideo.producer.blue,therealestjmark.bsky.social
did:plc:ov3ixpbcdxxd4ueau3slthet,did:plc:tne6d463w7av3ruhurbjw2g4,1,joelvideo.producer.blue,bostonianindc.bsky.social
did:plc:ov3ixpbcdxxd4ueau3slthet,did:plc:tozp2vuynh75ukf44tpeqanm,1,joelvideo.producer.blue,nbasketball.bsky.social
did:plc:ov3ixpbcdxxd4ueau3slthet,did:plc:yhuw4za5cbuqupk53ryhixmr,4,joelvideo.producer.blue,redroundball.bsky.social
did:plc:ov3ixpbcdxxd4ueau3slthet,did:plc:yqysm3qvv3z3t3imro5mriq4,1,joelvideo.producer.blue,johnneedarko.bsky.social
did:plc:ov3ixpbcdxxd4ueau3slthet,did:plc:zvgi4eon2fvlemnmaqnmayuk,1,joelvideo.producer.blue,johnkaralis.com
did:plc:ov7yyu2taf5uzitjznhc2rto,did:plc:2nqzez5fazuqkdizopp4qc65,1,modakhilnba.bsky.social,sabreenajm.bsky.social
did:plc:ov7yyu2taf5uzitjznhc2rto,did:plc:4xaad7thmc4uqdhefbq6vizm,2,modakhilnba.bsky.social,johnbull.wtf
did:plc:ov7yyu2taf5uzitjznhc2rto,did:plc:g3fvb2cxn4yxcq3rjd2llqv5,2,modakhilnba.bsky.social,davidaldridgedc.bsky.social
did:plc:ovbrvdkgkqc7ucj7b6ioxwqw,did:plc:2mxadfg4ck5lwlur64dsvan7,1,deany252.bsky.social,brenda2026.bsky.social
did:plc:ovhms5kueuo7jxtll3xot2k4,did:plc:sby5n4i7bl44ewqeehvdznld,1,theoriginalkep.bsky.social,metaltxt.bsky.social
did:plc:ovomp455a43fkksc334bbkqt,did:plc:sa73fbx3vxzh2fw5pu5wmief,1,smockinjoe.bsky.social,shamsbot.bsky.social
did:plc:owpzovm2h5gbs6liyt7fwpig,did:plc:pmj4qr7kz2luz2zylybd4doo,1,ragouri.bsky.social,ericengels.bsky.social
did:plc:owynsgsmvcgcsw3o3fjnp4vs,did:plc:6z5ukven6blrpxpqda4az7wq,1,letsgosac.bsky.social,tallskinnyben.bsky.social
did:plc:owynsgsmvcgcsw3o3fjnp4vs,did:plc:cwqp26rx7z6h76g6lo2ykbjk,1,letsgosac.bsky.social,gwiss.bsky.social
did:plc:owynsgsmvcgcsw3o3fjnp4vs,did:plc:tlf5hilbsn7vlw3rzunbzvw3,1,letsgosac.bsky.social,fredsmith.bsky.social
did:plc:ox6jpqkkrh32dqzbstimz465,did:plc:e7ycpxpb5kk6s75wdjukr6ym,1,ponder719.bsky.social,witzkers.bsky.social
did:plc:oxvv6tk25pzdlrqiiotqf2cn,did:plc:obk2c5h2isynhjvwo4d7dlii,2,marvinjapan.bsky.social,zeitheist.bsky.social
did:plc:oy4kdfr45ndkpijtzmgtivke,did:plc:e62gb2ushvtvjvqcbrxeaw2n,1,writernatswift.bsky.social,chrislhayes.bsky.social
did:plc:oy4kdfr45ndkpijtzmgtivke,did:plc:jpjjia7g3emboedg5aummtfw,1,writernatswift.bsky.social,servantand.bsky.social
did:plc:oyjfugwmwjidtn2ygp3jm3ei,did:plc:2e4kvnzwfxoxb2bag5fflalf,1,hafk.bsky.social,hierophantpink.bsky.social
did:plc:oyjfugwmwjidtn2ygp3jm3ei,did:plc:r6nmrtup3g4xwdk4sgw2k2z5,1,hafk.bsky.social,alexfrompgh.bsky.social
did:plc:oyzups7juw3wl7ot7tnhuvx3,did:plc:6k7zfvrnus4vjjtnh6xl6hmb,1,harlanf.bsky.social,mikenordson.bsky.social
did:plc:oz3un4dox5rocmvyvmqicjpg,did:plc:3yuejrolrq4jr7w6c7ljt7zv,1,jessicajade.bsky.social,steelpenguin9.bsky.social
did:plc:oz3un4dox5rocmvyvmqicjpg,did:plc:7v2lgmjesz5wrg7ip3ywehoe,1,jessicajade.bsky.social,imman.bsky.social
did:plc:oz3un4dox5rocmvyvmqicjpg,did:plc:dopbstmnsij5ipmn6sr3fd43,1,jessicajade.bsky.social,sethrosenthal.bsky.social
did:plc:oz3un4dox5rocmvyvmqicjpg,did:plc:inf5gdxmoumntq2jhkq2lw3g,1,jessicajade.bsky.social,chucksukzmen.bsky.social
did:plc:oz3wdhrdfe53cpusr2p4cf6k,did:plc:q3fi25au634c4yojnysqzlrj,1,drewseid.bsky.social,teamziller.bsky.social
did:plc:oz6bkpnskcieebyvfstd4asb,did:plc:kj4ff6jl5e3g3udg6nempxbf,1,baumann.bsky.social,mattwinkelman.bsky.social
did:plc:oz6bkpnskcieebyvfstd4asb,did:plc:lnuv3nwlrqevfz7abtz7s3te,1,baumann.bsky.social,jon-becker.com
did:plc:ozdbkpcp6ftmde5litng2svx,did:plc:v3ibi4s72mwzzuwwy5tv77pq,1,ph33rsean.bsky.social,daynperry.bsky.social
did:plc:ozfgunls774db2vjr6ht6j4d,did:plc:n2jocs5nr3tkng2lxw7clpvv,1,jaramil4.bsky.social,denisdrum.bsky.social
did:plc:ozgmsdt4hocgk2cdahjkafdc,did:plc:oz6bkpnskcieebyvfstd4asb,1,janderson98vr.bsky.social,baumann.bsky.social
did:plc:ozgmsdt4hocgk2cdahjkafdc,did:plc:sa73fbx3vxzh2fw5pu5wmief,1,janderson98vr.bsky.social,shamsbot.bsky.social
did:plc:ozkalw6usbq6qcq2t7fhedaf,did:plc:dopbstmnsij5ipmn6sr3fd43,1,vicnobu.bsky.social,sethrosenthal.bsky.social
did:plc:ozkfcczvj25y2hvdfrv3x5z4,did:plc:divfcfcvtbw7g62jrtynd7c2,1,jaron.bsky.social,mortscode.bsky.social
did:plc:ozkfcczvj25y2hvdfrv3x5z4,did:plc:mcrugaqqf3pebcd2fbjz5cc7,1,jaron.bsky.social,geeheeb.bsky.social
did:plc:ozkfcczvj25y2hvdfrv3x5z4,did:plc:mtfaxzqle5h6stf7y6tmuxf7,1,jaron.bsky.social,sichrismannix.bsky.social
did:plc:ozkfcczvj25y2hvdfrv3x5z4,did:plc:sa73fbx3vxzh2fw5pu5wmief,1,jaron.bsky.social,shamsbot.bsky.social
did:plc:ozkfcczvj25y2hvdfrv3x5z4,did:plc:zy5tq2wtbrhvojbb2yziujhy,1,jaron.bsky.social,highmotorguy.bsky.social
did:plc:ozlgk2o44dlzf2dxhnb6ume5,did:plc:eclio37ymobqex2ncko63h4r,1,thedigitalgazette.bsky.social,nytimes.com
did:plc:p27crk6w4tlgtv2ojc5jblde,did:plc:wte45n5czvhx4vgl4ji6pg4s,1,youngkeydet.bsky.social,76ersbluehens.bsky.social
did:plc:p2fdsygs7rydru6zl25pcb7u,did:plc:6t6vdkdtsu2ktffzdydkymey,1,acrossarran.bsky.social,goodifitgoes.bsky.social
did:plc:p2hs3nz257eqe6jscjdgc3hv,did:plc:l4r3uzfvcr5y2g7tviyvxyzm,1,jacobdrj.bsky.social,codybrandt03.bsky.social
did:plc:p2jelukgpae2xto536p5tten,did:plc:luofuy2uw7g4vsd2vbwidtel,1,zgamer200.bsky.social,keithsmithnba.bsky.social
did:plc:p2jjumdcrqacdjqcjdnf4h4p,did:plc:5dxebmz3xy7cj5ngdmlu4zrs,1,amberlovesarchie.bsky.social,carrarium.bsky.social
did:plc:p2juwqpfbqp3xs5ucqsat53z,did:plc:5n7jq32lowhmcjvftrljijvm,1,socalhky.bsky.social,lindsayfickas.bsky.social
did:plc:p2k2bykxhsuax23p5uling36,did:plc:e62gb2ushvtvjvqcbrxeaw2n,1,ggcorazon.bsky.social,chrislhayes.bsky.social
did:plc:p3gvt3t43airwwn442z6o6wy,did:plc:pe7vfrw45japmwredwwxd26z,1,salaryswish.bsky.social,chasmkona.bsky.social
did:plc:p3otcpk3sgdhxdt5x57xzp76,did:plc:3wokm22sks7autfefxkkl255,1,mn-snow-show.bsky.social,mnemonicer.bsky.social
did:plc:p3otcpk3sgdhxdt5x57xzp76,did:plc:dg5vojx7tbosbmjybwimazff,1,mn-snow-show.bsky.social,awbasil.bsky.social
did:plc:p3otcpk3sgdhxdt5x57xzp76,did:plc:gr4daz6qrh7fswoo2rqnjaof,1,mn-snow-show.bsky.social,stpaultim.bsky.social
did:plc:p3otcpk3sgdhxdt5x57xzp76,did:plc:i272bxbqziwvgjash3e33ogh,1,mn-snow-show.bsky.social,anjinyquist.bsky.social
did:plc:p3otcpk3sgdhxdt5x57xzp76,did:plc:sa73fbx3vxzh2fw5pu5wmief,1,mn-snow-show.bsky.social,shamsbot.bsky.social
did:plc:p3vszj7dhyk4p6lyfa34pbiu,did:plc:waw6zjjsfghvwrlqafxp7syz,1,w3rdlife.bsky.social,annaknutson.bsky.social
did:plc:p4ckzazbc7nftaldmintstlg,did:plc:6xavmse54akxck7wlul3k5d5,1,gluegirlgonewild.bsky.social,fiveburger.bsky.social
did:plc:p4ctzcvrkgrvvzf3sq3d4psf,did:plc:26375peygwnrijoepmy2fdcs,1,ceeceeps.bsky.social,washingtonstatestandard.com
did:plc:p4ctzcvrkgrvvzf3sq3d4psf,did:plc:sf3zlfieuwb7dqwyaj74ye6j,1,ceeceeps.bsky.social,nyk44.bsky.social
did:plc:p4ctzcvrkgrvvzf3sq3d4psf,did:plc:wbpc33o34bdehepwteafovi3,1,ceeceeps.bsky.social,kiko26.bsky.social
did:plc:p4oo6mabcwgtoa6g4td5d5mv,did:plc:cwqp26rx7z6h76g6lo2ykbjk,1,vilooak.bsky.social,gwiss.bsky.social
did:plc:p5gcw4xbusyglycnomogktfo,did:plc:bnrvxigpgotzdtuz6c5wahcb,1,jnf99.bsky.social,bugsysig.bsky.social
did:plc:p5gcw4xbusyglycnomogktfo,did:plc:sa73fbx3vxzh2fw5pu5wmief,1,jnf99.bsky.social,shamsbot.bsky.social
did:plc:p5gjhqb6eeaqwoiwyg5jykho,did:plc:zwmxazf2jhsqnespl54vxi7t,2,aglover15.bsky.social,essencesimmone.blacksky.app
did:plc:p5guxob5ilwkyp4wi4dp3sxc,did:plc:eu3ehu3r2bmmd6ifh6dnazcm,1,eennis.bsky.social,childishgambinohs.bsky.social
did:plc:p5guxob5ilwkyp4wi4dp3sxc,did:plc:sa73fbx3vxzh2fw5pu5wmief,1,eennis.bsky.social,shamsbot.bsky.social
did:plc:p5ixn42uyeqfxh54hc5qxsl4,did:plc:7h6axvsgddxfqraftycjeqm6,1,johnathanochonueve.bsky.social,rubinstjohn.bsky.social
did:plc:p5ixn42uyeqfxh54hc5qxsl4,did:plc:uvn23eisfuvj5m2im7kdw2wr,2,johnathanochonueve.bsky.social,argle-bargler.bsky.social
did:plc:p5ixn42uyeqfxh54hc5qxsl4,did:plc:vqym5crxn2544jx3vzooto3n,1,johnathanochonueve.bsky.social,bestclipfan.bsky.social
did:plc:p5m7lwncxvbehhv4gsgbquwf,did:plc:6435lftcmpvxasbkrtsw22i7,1,arburi.bsky.social,mcnees.bsky.social
did:plc:p5mpugehofbcmzsgd6767css,did:plc:hf7ezrajxadu7v3tzcyij424,1,kba26.bsky.social,parkermolloy.com
did:plc:p5prwsg56o5ei2l54unm2pbc,did:plc:2jprfvpdny5oxnqyjs2jijzm,1,kevinhewett.bsky.social,spencito.bsky.social
did:plc:p5ranmd4dqeebgt2co2palv7,did:plc:xye5vep5ggm7bdmeofbcw534,2,redmiller.bsky.social,littlemisslit1.bsky.social
did:plc:p5u6oogpct5qzckgcq2dc652,did:plc:5dwbpojkp6wykwcafasvwroi,1,steveberry72.bsky.social,daltonjohnson.bsky.social
did:plc:p63bhdyb6aaaakv74qz5j5xk,did:plc:s7gvaiqncb3ugs3hftjdsbt3,1,phrxi-pkw.bsky.social,doublejjjeanz-pkw.bsky.social
did:plc:p6klvhzozmnzolr76hx6ul7o,did:plc:p6q6mgqru7ybqs5qrp7eaiqr,2,johnmlatimer.bsky.social,phillyfrontoffice.com
did:plc:p6q6mgqru7ybqs5qrp7eaiqr,did:plc:2fao4czshg2meveeegsxnlfx,1,phillyfrontoffice.com,8inthebox1974.bsky.social
did:plc:p6q6mgqru7ybqs5qrp7eaiqr,did:plc:luofuy2uw7g4vsd2vbwidtel,1,phillyfrontoffice.com,keithsmithnba.bsky.social
did:plc:p6q6mgqru7ybqs5qrp7eaiqr,did:plc:p6klvhzozmnzolr76hx6ul7o,1,phillyfrontoffice.com,johnmlatimer.bsky.social
did:plc:p6q6mgqru7ybqs5qrp7eaiqr,did:plc:rpfex3bmferr3z4z4d2qxz3a,1,phillyfrontoffice.com,flipstostock.bsky.social
did:plc:p6vbstshz4jsnu2ojah2ajuu,did:plc:bvn5oncrh2mie4nxuzbiqjmi,1,grandmaesterflash.bsky.social,juliapoe.bsky.social
did:plc:p7dv5pwb7j4xco52nem4u55r,did:plc:glmxe4fbzv5zu4vblv7hnh4b,1,ccalnin.bsky.social,marlaef.bsky.social
did:plc:p7oa53h3ubyeth663q6lpvqj,did:plc:mcy3zgsxfxmti32d3yusc5ji,1,ktompkinsii.bsky.social,marcasg.bsky.social
did:plc:pa3jceitipxtdlvittz2pdgv,did:plc:5qwi3qlql6ssbxbbbk7qnjkm,2,thortschmann.bsky.social,marceleggstein.bsky.social
did:plc:pa3jceitipxtdlvittz2pdgv,did:plc:o6io5e4bipcldveagvdiopfa,2,thortschmann.bsky.social,svennobln.bsky.social
did:plc:pa3jceitipxtdlvittz2pdgv,did:plc:oiwoewurdgbyjtnmdctaviob,2,thortschmann.bsky.social,emslaender.bsky.social
did:plc:pa3jceitipxtdlvittz2pdgv,did:plc:rwdjay3uyh4atcl5tlxsl2qe,3,thortschmann.bsky.social,tophtalk.bsky.social
did:plc:pa3jceitipxtdlvittz2pdgv,did:plc:tcm5byqizagmt3xpv44w6g2o,2,thortschmann.bsky.social,patch45.bsky.social
did:plc:pa3jceitipxtdlvittz2pdgv,did:plc:usrtknbvwruruvoq72pano2a,1,thortschmann.bsky.social,degoat17.bsky.social
did:plc:pa3jceitipxtdlvittz2pdgv,did:plc:v2zuyw5hkrdxu4pgympy2s3y,1,thortschmann.bsky.social,dogfather7.bsky.social
did:plc:paff3cjzjn7joojvedjg6vgm,did:plc:jhdrg6xmzfc5n56fdzubjiop,3,tiboss300.bsky.social,pmgameflows.bsky.social
did:plc:pafykfryhjyyhnvzzbygjcjf,did:plc:enpunz2yc5pcyo6u2eckux3c,2,c0urtney-danvers.bsky.social,xskarma.bsky.social
did:plc:pafykfryhjyyhnvzzbygjcjf,did:plc:gliszc5vuu2hkjvhuk2iuo5b,1,c0urtney-danvers.bsky.social,eliastheguyas.bsky.social
did:plc:pafykfryhjyyhnvzzbygjcjf,did:plc:nzt4zxtfvfqfw3mkk2357pgq,2,c0urtney-danvers.bsky.social,hardbap.bsky.social
did:plc:pafykfryhjyyhnvzzbygjcjf,did:plc:ov3ixpbcdxxd4ueau3slthet,4,c0urtney-danvers.bsky.social,joelvideo.producer.blue
did:plc:pafykfryhjyyhnvzzbygjcjf,did:plc:ra4oy3ibhnmfd5li4wmkg763,5,c0urtney-danvers.bsky.social,animejay.blacksky.app
did:plc:pafykfryhjyyhnvzzbygjcjf,did:plc:st2ye4kjlzwk4rkicfxd7tv5,2,c0urtney-danvers.bsky.social,jeeegs.bsky.social
did:plc:pafykfryhjyyhnvzzbygjcjf,did:plc:vhnfwd6hi6kvpkv6cswbzmai,1,c0urtney-danvers.bsky.social,ol-guillermo.bsky.social
did:plc:pafykfryhjyyhnvzzbygjcjf,did:plc:wajdvjtbxxz4b5tbhs7iixbs,1,c0urtney-danvers.bsky.social,vasudevank.bsky.social
did:plc:patnikrswcbq7lcufjoazfsk,did:plc:blrk2gk5dq32snk2kthu3cnn,1,daease19.bsky.social,keerthikau.bsky.social
did:plc:patnikrswcbq7lcufjoazfsk,did:plc:xxm57qahhzroc4b5hv4agk2u,1,daease19.bsky.social,rukuss.bsky.social
did:plc:pavxfxselynnzsfwxungqee6,did:plc:sa73fbx3vxzh2fw5pu5wmief,1,marcheiden.bsky.social,shamsbot.bsky.social
did:plc:paxabvigfmeowbp2sceb4djf,did:plc:jgmxlsqaj6inwjqx3eowix6i,1,andrewtheblueskier.bsky.social,snowden.st
did:plc:pb4dste677ea7mwzqoagulvf,did:plc:e62gb2ushvtvjvqcbrxeaw2n,1,wowbobwowx.bsky.social,chrislhayes.bsky.social
did:plc:pbfycf22tepb4c7impxu6gqy,did:plc:2xsjeksmt5podv6wmduiccbc,1,augetoffmygold.bsky.social,avi-wa.bsky.social
did:plc:pbfycf22tepb4c7impxu6gqy,did:plc:cyflytcyyyhawlrnnwiv25nd,1,augetoffmygold.bsky.social,btoporek.bsky.social
did:plc:pbqeftimj7susug73xzafare,did:plc:73oqrzcfzbou36ibep67odja,1,wotcmatt.bsky.social,kenfortson.bsky.social
did:plc:pbt54fn2bdada5c55nmbosnr,did:plc:55f556gizq63ibchaqwkgtjd,2,annajane10000.bsky.social,pdawkins.bsky.social
did:plc:pbt54fn2bdada5c55nmbosnr,did:plc:77xqr6w57x3xamigjynkcnfe,2,annajane10000.bsky.social,davedufour.bsky.social
did:plc:pbt54fn2bdada5c55nmbosnr,did:plc:s7ximqly3gdv6qfuzx6d7xke,2,annajane10000.bsky.social,nivlek83.bsky.social
did:plc:pbt54fn2bdada5c55nmbosnr,did:plc:x3affcvpwwkbbcxrceryf777,1,annajane10000.bsky.social,hworlds17.bsky.social
did:plc:pbwd4dtwbywb77pifdkqtrux,did:plc:3ybwpruswu3k7j7tuoji5kjy,1,sweet-lou.bsky.social,fredbetel.bsky.social
did:plc:pbwd4dtwbywb77pifdkqtrux,did:plc:eofskmjo52qrhzkiurpwf6fl,1,sweet-lou.bsky.social,shepcommandr.bsky.social
did:plc:pbwd4dtwbywb77pifdkqtrux,did:plc:lcl2hd7hmp2hvfcx53bwbebt,1,sweet-lou.bsky.social,ncsox.bsky.social
did:plc:pbwd4dtwbywb77pifdkqtrux,did:plc:mfcaf5ygp7ndo6yszqh7lb5t,1,sweet-lou.bsky.social,ear2ear.bsky.social
did:plc:pbwd4dtwbywb77pifdkqtrux,did:plc:tc4uqyfz3w2f6nicbnwaatjq,1,sweet-lou.bsky.social,yorush.threads.net.ap.brid.gy
did:plc:pc5frbi3f3nkd3xyiihysdas,did:plc:nk756gkpj52ryc6gaorkvctp,1,rcl32.bsky.social,nbacobwebs.bsky.social
did:plc:pcmzn3lb3n6vha766ajfsee6,did:plc:fi7cummfeh55wqkzub7a56jt,1,democratswin.bsky.social,juhneenhowe.bsky.social
did:plc:pctfobtjpwxawyz2ertxep2w,did:plc:4ihdrryvihs7uyuvqbov7tlt,1,roselharding.bsky.social,jamesgameboy.bsky.social
did:plc:pdfic74mrhghjhir3qshiemb,did:plc:5dwbpojkp6wykwcafasvwroi,1,davidcookemd.bsky.social,daltonjohnson.bsky.social
did:plc:pdgveagcybvzfwa7qbcdifvn,did:plc:2mxadfg4ck5lwlur64dsvan7,1,cidmcdp.bsky.social,brenda2026.bsky.social
did:plc:pdgveagcybvzfwa7qbcdifvn,did:plc:4is5vokpsxwerqjh5yoyi77a,1,cidmcdp.bsky.social,dontcallmesurely.bsky.social
did:plc:pdgveagcybvzfwa7qbcdifvn,did:plc:7uahugigvixjvxd5s2hidpad,2,cidmcdp.bsky.social,tonyreast.bsky.social
did:plc:pdgveagcybvzfwa7qbcdifvn,did:plc:bswnoplhcm34xgpiu6v5w67j,1,cidmcdp.bsky.social,dustyabs.bsky.social
did:plc:pdgveagcybvzfwa7qbcdifvn,did:plc:g7a6qji72odgptnddtrkdchy,2,cidmcdp.bsky.social,mrbuckbucknba.bsky.social
did:plc:pdgveagcybvzfwa7qbcdifvn,did:plc:woxocmw6tzlypsx5gv6ocww5,3,cidmcdp.bsky.social,jstriebel.com
did:plc:pdjdu7vii5ydp2qvinsr6p5r,did:plc:5iphzsoareriu6xekv2eifna,1,andraax.bsky.social,gorka91.bsky.social
did:plc:pe26prjl4jxng67s4j6b6hqb,did:plc:yaofg6zwpsdp26f5cnf6wnx5,1,themetropolitans.bsky.social,nypostsports.bsky.social
did:plc:pe7vfrw45japmwredwwxd26z,did:plc:26375peygwnrijoepmy2fdcs,1,chasmkona.bsky.social,washingtonstatestandard.com
did:plc:pe7vfrw45japmwredwwxd26z,did:plc:4btwgxvf3esngow5xqwtoqx4,2,chasmkona.bsky.social,nbaskies.bsky.social
did:plc:pe7vfrw45japmwredwwxd26z,did:plc:n5fbgc36gv4de6i36dcpjgox,3,chasmkona.bsky.social,nbahoopthreads.bsky.social
did:plc:pe7vfrw45japmwredwwxd26z,did:plc:nrzonytvdybfyy7t7b3jr6le,1,chasmkona.bsky.social,montepoole.bsky.social
did:plc:pe7vfrw45japmwredwwxd26z,did:plc:p3gvt3t43airwwn442z6o6wy,1,chasmkona.bsky.social,salaryswish.bsky.social
did:plc:pe7vfrw45japmwredwwxd26z,did:plc:pjy44evqbyz2kpv6l5whtggl,1,chasmkona.bsky.social,ethosfantasynba.bsky.social
did:plc:pe7vfrw45japmwredwwxd26z,did:plc:sulzkvrrf3cfv5ky5ijgmz2l,1,chasmkona.bsky.social,seankeeler.bsky.social
did:plc:pe7vfrw45japmwredwwxd26z,did:plc:swmny26bjy33rlvssd2ss5td,1,chasmkona.bsky.social,liveadnews.bsky.social
did:plc:pe7vfrw45japmwredwwxd26z,did:plc:wmck3diml63ospobapl6n56e,1,chasmkona.bsky.social,orangecookiesnba.bsky.social
did:plc:pe7vfrw45japmwredwwxd26z,did:plc:z3vyr4qn2wixx3qnuglbam4d,1,chasmkona.bsky.social,karinpw.bsky.social
did:plc:pecr4ts5djc7y7tl6vwla2r2,did:plc:7sfnardo5xxznxc6esxc5ooe,1,sportsrealm411.bsky.social,nba.com
did:plc:pecr4ts5djc7y7tl6vwla2r2,did:plc:qbzhgbcvxqyxh3durca2ju72,1,sportsrealm411.bsky.social,ced2point0.bsky.social
did:plc:pedjbltvax3dmg3i46sceyv6,did:plc:xwoe4oiptaly7myvwb6uihyt,1,reedjam.bsky.social,annbonnys.bsky.social
did:plc:pelrmnnltyf53rtrhye3eik6,did:plc:fqsmj7o5mbb7n7oav2kkjuid,1,1seetruth.bsky.social,nbastat.bsky.social
did:plc:peyg47taxrjkl6qcq7fele7w,did:plc:wvkue2udygbo2cs6bwsivr4z,1,edgetown.bsky.social,news247planet.bsky.social
did:plc:pezatpmjsh7geayoy6kf7mrs,did:plc:24hwc6hdiu4mt2w37khyswmx,1,kupobeer.bsky.social,schaefs63.bsky.social
did:plc:pfrg5wvxzxnymmh6yqsajls2,did:plc:n6tihxklrwn2gkajlqgla7ar,1,bbtwlvloonspr.bsky.social,mylittlebloggie.bsky.social
did:plc:pg3muf4jijucpohru3r5gq6s,did:plc:kvf6pnfrtgek6jqlkpqhgacv,1,mohundro.bsky.social,yossigozlan.bsky.social
did:plc:pg3zlnog4fdtsy4yu6nh46fi,did:plc:62ilh6mpf5wlszir7g5idimi,1,chrisherrington.bsky.social,oneill4real.bsky.social
did:plc:pg5hyzymjsgopevu3hapfmkz,did:plc:22fudzaxnal4ddodzv2o6mwk,1,bbblueskyar.bsky.social,jmcdonaldsa.bsky.social
did:plc:pgcbxbytk667smxv3reypggy,did:plc:b2kutgxqlltwc6lhs724cfwr,1,nradle05.bsky.social,theathletic.com
did:plc:pgd2ugh6z6kv6qw3ytymlape,did:plc:vlok63tvtdztzfhj4tgk6y3j,1,mcneely.online,charlieoconn.bsky.social
did:plc:pgfsaos2tlhyexj32e2m5tvp,did:plc:wbpjhdry2la6ozeiqrdmpmms,1,samusishere.bsky.social,kpelton.bsky.social
did:plc:pgjkrtwquoycikkbid2jhwp3,did:plc:pwfsr4qxapvhyn3ey36rpdbl,1,somewhatcyclops.bsky.social,xaoc.bsky.social
did:plc:pgok625ocobq7t3decm3o5vu,did:plc:77xqr6w57x3xamigjynkcnfe,1,jadubin5.bsky.social,davedufour.bsky.social
did:plc:pgok625ocobq7t3decm3o5vu,did:plc:7uwx7wm2njxl5mmklisoac57,1,jadubin5.bsky.social,tulm24.bsky.social
did:plc:pgpdotz5ap2u6bde5zkhpc3w,did:plc:cyflytcyyyhawlrnnwiv25nd,1,doobie-howitzer.bsky.social,btoporek.bsky.social
did:plc:pgpdotz5ap2u6bde5zkhpc3w,did:plc:gt3unljcqhimumy5zgosk3gv,1,doobie-howitzer.bsky.social,davidbix.bsky.social
did:plc:pgrqrtjyigyi3h4ygzkhxwkj,did:plc:22ldsy44lwl6nclmraoydmyw,1,mikevorkunov.bsky.social,doriancowens.bsky.social
did:plc:pgviadhhbb3bbnvehwnz3iem,did:plc:mabepuzgk2gkcctftsvxq6fe,1,leifpeterson.bsky.social,adiful.bsky.social
did:plc:pgviadhhbb3bbnvehwnz3iem,did:plc:pjy44evqbyz2kpv6l5whtggl,1,leifpeterson.bsky.social,ethosfantasynba.bsky.social
did:plc:ph4u7fikda3oqy6dwdtskq3k,did:plc:tbqj2oq3cfkf72weknsrc45y,1,booksandbows.bsky.social,robwithoneb.bsky.social
did:plc:phe37hfjiqhnw3xz5qbatplq,did:plc:ajsmlh2eanz6of62kwtfdk7i,1,deadxcrows.bsky.social,joef-3.bsky.social
did:plc:phe37hfjiqhnw3xz5qbatplq,did:plc:wveidvmniob6egctikkiu4hv,1,deadxcrows.bsky.social,mentoch.bsky.social
did:plc:phe5f5oi43bewmnl2cfwptsj,did:plc:xoj5fvglhzfo5xeozvmdvopl,1,justin-singer.org,ryangrim.bsky.social
did:plc:phexe7qbbfo5aqjhudw7zg3t,did:plc:3mcljjluid46rbxexxqep3lr,2,tpeater.bsky.social,femmebanyama.bsky.social
did:plc:pht4htnpvjryft4acp4bo6dg,did:plc:t4i3a4fawuzge3dsw2i2h2fw,1,icu-b4-uc-me.bsky.social,markjacob.bsky.social
did:plc:phva6rs7vowxqvnwcb4nutnh,did:plc:ne344shcm2jowdwh5whzkgfn,1,epstein.bsky.social,faignews.bsky.social
did:plc:pifx45fmqkaoyu3bxro53whi,did:plc:2k7ig3d46x55no6notewuipz,1,muttgomery.bsky.social,franciszomes.bsky.social
did:plc:pii5cy2db4622q6p6ywsxt6a,did:plc:zy6sn6tkic24e6p52g2yh4zn,1,yungandykaufman.bsky.social,rajandelman.bsky.social
did:plc:pipocglsuzkd4qa4bxjsj6ub,did:plc:5jb2734ccyccx6a3hjjuzhrr,1,unknown-smoke.bsky.social,kleinman.bsky.social
did:plc:pis2pbkxmm4n3si3w4vbvirz,did:plc:t4i3a4fawuzge3dsw2i2h2fw,1,waltermuller.bsky.social,markjacob.bsky.social
did:plc:pivkwl6jf3qruztwctgayaqh,did:plc:tghetbbd4ywulspz4mxrttec,1,shinydh.bsky.social,bucklam66.bsky.social
did:plc:pj333yvbcnxq3o4uigy36bgf,did:plc:fqeddpq7co7cqwpkt7tandre,1,hoyainnj.bsky.social,judgyjudes.bsky.social
did:plc:pj333yvbcnxq3o4uigy36bgf,did:plc:hbz3eikknz74umb437j6rxmc,1,hoyainnj.bsky.social,de6u99er.bsky.social
did:plc:pj333yvbcnxq3o4uigy36bgf,did:plc:kdvkohfy7btmsdkg5mwuzjbw,1,hoyainnj.bsky.social,nuggets.bsky.social
did:plc:pj333yvbcnxq3o4uigy36bgf,did:plc:lymzh2dxwzgjibwhgvwxhwla,2,hoyainnj.bsky.social,shapalicious.bsky.social
did:plc:pj333yvbcnxq3o4uigy36bgf,did:plc:x64emp4sopqzq4jbphaw35mi,1,hoyainnj.bsky.social,changedmyname.bsky.social
did:plc:pj333yvbcnxq3o4uigy36bgf,did:plc:yieydfyccxcqtkbxd5ymqzi2,1,hoyainnj.bsky.social,hombrus.bsky.social
did:plc:pj5qdd7hvfxftzalpw4geb4g,did:plc:b4k6aogt6d6fjuacdxxigvrr,1,bluehone.bsky.social,reneepwashington.bsky.social
did:plc:pjc6zynhigt2eebhckjeqwkh,did:plc:g7a6qji72odgptnddtrkdchy,1,palepete.bsky.social,mrbuckbucknba.bsky.social
did:plc:pjc6zynhigt2eebhckjeqwkh,did:plc:sa73fbx3vxzh2fw5pu5wmief,2,palepete.bsky.social,shamsbot.bsky.social
did:plc:pjkyo6vdc7atr35kioj73ueg,did:plc:ddna2kh5c3ktbafswoevceh7,1,samhershey.bsky.social,noeldickover.bsky.social
did:plc:pjnc2avaqyzgzrhb52zext4m,did:plc:x4gxcq7uospumk5ewsitfvse,1,irlhotperson.bsky.social,getsit.bsky.social
did:plc:pjoufdodqbiagntbdixmt4dh,did:plc:cyflytcyyyhawlrnnwiv25nd,1,megatron33.bsky.social,btoporek.bsky.social
did:plc:pjoyybcfo67s6mnytrqhqdyu,did:plc:tw77ipw5w2xwv3hzc6mrljsf,1,95sports.bsky.social,lukeknox.me
did:plc:pksuh7xntnvw2lcpmkiitnsm,did:plc:qqdqgzpqwyho4cxzso62m54q,1,benjamingaines.bsky.social,juliedicaro.bsky.social
did:plc:pl33ceejn7bdxm273rxdetsk,did:plc:uvb5j47ex3ca3lwgmnofyzsb,2,shadowsofzhadum.bsky.social,rszporer.bsky.social
did:plc:pldxtnznvvdizzovaqax2fca,did:plc:j24jtz7xkt5ttdsk32mmpkvn,1,ss2026.bsky.social,johnhollinger.bsky.social
did:plc:plsdcpn66vawxe23k3ob2aqw,did:plc:qsu6tgnquzzjrt3jkdmvwyj4,1,ebzlll.bsky.social,officialphonkmusic.bsky.social
did:plc:plymdqydy4ridkyuiymhrzvz,did:plc:gt3unljcqhimumy5zgosk3gv,1,ryinfulleffect.bsky.social,davidbix.bsky.social
did:plc:pmpz7fj6dgslaucih5kblgzm,did:plc:5hnhc5gto2qbhwfqumds23x4,14,arvorizo.eurosky.social,jacoboleon.bsky.social
did:plc:pmsd4zsl2jwfxdpb5eanphs2,did:plc:biwknjkurgdj5pnwxcdalm32,1,marcelaphane.bsky.social,ukheatfan.bsky.social
did:plc:pmuekp5b3drwnwa7ibv43kd6,did:plc:2i2l6t4uh4y7vahpn7hiqx3f,1,buddy-k.bsky.social,iztokfranko.bsky.social
did:plc:pmuekp5b3drwnwa7ibv43kd6,did:plc:6jpqgc6d4tplxcioxuh7khmr,1,buddy-k.bsky.social,jimowczarski.bsky.social
did:plc:pmuekp5b3drwnwa7ibv43kd6,did:plc:b2kutgxqlltwc6lhs724cfwr,2,buddy-k.bsky.social,theathletic.com
did:plc:pmuekp5b3drwnwa7ibv43kd6,did:plc:xy57ykpgmdzyjsvdhm3nbelc,1,buddy-k.bsky.social,deltron7.bsky.social
did:plc:pmutpib3ddps7n44gtrcagdi,did:plc:sa73fbx3vxzh2fw5pu5wmief,1,junibug.bsky.social,shamsbot.bsky.social
did:plc:pn2difiq6nznocqlcnci7cwp,did:plc:cyflytcyyyhawlrnnwiv25nd,2,daveshoo.bsky.social,btoporek.bsky.social
did:plc:pnb2ru773hsdv62owasc2wos,did:plc:soavqzdngz77gr7zerunusbm,2,vileheathen.bsky.social,badger-in-mn.bsky.social
did:plc:pngc23ycn5fgw6ekkybtnzik,did:plc:sa73fbx3vxzh2fw5pu5wmief,1,simpzee.bsky.social,shamsbot.bsky.social
did:plc:pnhvdui7dyn6sdziauoerddb,did:plc:lur5p3tfrlj42k2ph74voo34,1,lovethehaters.bsky.social,thatjoshkail.bsky.social
did:plc:pnvkdunrmbsslkfahdetbdoo,did:plc:476maad6nfijz7nx3ecioac6,1,katrinareichert.bsky.social,olehkosel.bsky.social
did:plc:pnvvnbykyozjngkkiiveiwdm,did:plc:fgpyya4en5thfmi6usrr3kvv,2,turnleftfast.bsky.social,jasonkirk.fyi
did:plc:po7ie4crrxoyxzbedsvqdlhz,did:plc:r75hy7lkaay466pi6tislogy,1,isthisrob.bsky.social,brooklynbuckets.bsky.social
did:plc:pogpct42utar57udvlhbgpyi,did:plc:h5s3fxfvfxsle5q6j4p3ozfv,1,burneysandwich.bsky.social,dallasnews.com
did:plc:pokwdvwk3gmcuojo6ypocvff,did:plc:gifjh2tta272luatwz3ruvx6,2,ejgold17.bsky.social,neworleanspelicans.bsky.social
did:plc:poo6ukgmthl7ca3lmxn74p25,did:plc:yvy5ax23zpmoearxn6xsgqzf,1,adamwoz.bsky.social,btrowland.bsky.social
did:plc:powu7ea4a43yz75zv5oztuke,did:plc:eg3sirs6h6m23fp2uzjbicnd,1,mlmarkkanen.bsky.social,everybodyhoops.bsky.social
did:plc:powu7ea4a43yz75zv5oztuke,did:plc:f7i33cd3b5n6en2iunk2mwkp,1,mlmarkkanen.bsky.social,billdifilippo.bsky.social
did:plc:powu7ea4a43yz75zv5oztuke,did:plc:voi77qylhek7naxz3ajghrls,1,mlmarkkanen.bsky.social,miketaddow.bsky.social
did:plc:powu7ea4a43yz75zv5oztuke,did:plc:vypepewgdr5ae37qyh4ui5as,1,mlmarkkanen.bsky.social,russbengtson.bsky.social
did:plc:pphvtywclp22q2mcfuwyvxcq,did:plc:b2kutgxqlltwc6lhs724cfwr,1,lencombs.bsky.social,theathletic.com
did:plc:ppjodpgftnlqddz6xaceyzlw,did:plc:xvla2gqv6y3fvxj64uxrxsh5,1,huhhowdoibluethis.bsky.social,lizzierie.bsky.social
did:plc:ppk3o5e5lj5ss6byti7uijer,did:plc:2emupgm6taztttxwrjk4qk22,1,squeaquy.bsky.social,1robgunther.bsky.social
did:plc:ppxb5lb5drfz2kcgb77l7tie,did:plc:lkoaj7ocxq7kd34cwh7hhrkr,1,shamus.bsky.social,nbacouchside.bsky.social
did:plc:ppz4ozg4ner2ep6vmfatj4aj,did:plc:tb2bwzxom5qv4542ru3zqcgu,1,mitchsolomon.bsky.social,jakemgrumbach.bsky.social
did:plc:pq4qlggjrmywe3oj7m7q6bv2,did:plc:t4i3a4fawuzge3dsw2i2h2fw,1,raybadberry.bsky.social,markjacob.bsky.social
did:plc:pq62cvmtjkdvrq3wqa52j7dl,did:plc:ybgk7b4wsacfnnfftxeq3kqc,1,kastronut.bsky.social,couponforpoupon.bsky.social
did:plc:pqjcxw3yphmvjaq7dzw2jnat,did:plc:35ltonsyudlcxljeoabbzjzp,1,richhomieflom.bsky.social,johnbud.bsky.social
did:plc:pqjcxw3yphmvjaq7dzw2jnat,did:plc:tlf5hilbsn7vlw3rzunbzvw3,2,richhomieflom.bsky.social,fredsmith.bsky.social
did:plc:pqjcxw3yphmvjaq7dzw2jnat,did:plc:yvxgr32ufo75afd5qyoouxfc,1,richhomieflom.bsky.social,shredberg.bsky.social
did:plc:pqojqqnirefx7qp5ulrjskzk,did:plc:b2kutgxqlltwc6lhs724cfwr,1,elliotklimowski.bsky.social,theathletic.com
did:plc:pqrrxvzi62cm2vcigohdd4k7,did:plc:s42iw2fbfmgsgh7hdtvvoaao,1,holmerica.bsky.social,hoopinformatics.bsky.social
did:plc:pquyut5y5lftmz3no5425pg2,did:plc:e62gb2ushvtvjvqcbrxeaw2n,1,mundtjg.bsky.social,chrislhayes.bsky.social
did:plc:pqv2pev4vzwgy3w3dnaapf2q,did:plc:bzaku5iik7ww7hggc6kyrtpi,1,mostbrilliant.bsky.social,bri-elyse1.bsky.social
did:plc:pr2t4znqja5mlci54kkark4u,did:plc:g5ls6rrz7j3qpoxcicwrmcko,1,josephjpcar.bsky.social,oblid.bsky.social
did:plc:prcbeb6kdql342cjvbes3n4v,did:plc:v5zfa7ikxk3blhwaccr3z5i5,1,lanemit.bsky.social,msmambo.bsky.social
did:plc:prfuepz6y4ooqkt7xibz2jau,did:plc:ofc2wjhhi2r63yf2vdh5bu7e,1,bennetthipp.bsky.social,eyetwitch.bsky.social
did:plc:prhvvj4lja43o7sm3dvqy2ih,did:plc:yvy5ax23zpmoearxn6xsgqzf,1,okafork.blacksky.app,btrowland.bsky.social
did:plc:prs7f3c3mnvzbwb64evg6rnm,did:plc:ifzx4cgho7dyvf2prcdw3up5,2,raptorsscotland.bsky.social,ayouthfulporpoise.bsky.social
did:plc:prs7f3c3mnvzbwb64evg6rnm,did:plc:ws3luxw3gvv7enbmtp5i2wl6,1,raptorsscotland.bsky.social,itsmrmgb.bsky.social
did:plc:pru3z2gonodlpqdhjnvqaxn2,did:plc:24sgxdlbxabrqazkrz4awpc5,1,concretize.bsky.social,thecorlew.bsky.social
did:plc:pru3z2gonodlpqdhjnvqaxn2,did:plc:6mbsium2s6bjj22ouaxjuu4x,1,concretize.bsky.social,thebennatan.bsky.social
did:plc:pru3z2gonodlpqdhjnvqaxn2,did:plc:uj3zyf2nlre7t5orkcukexi4,1,concretize.bsky.social,playest.bsky.social
did:plc:prw6ms4hvvjtyzag53rzd6aq,did:plc:5hnhc5gto2qbhwfqumds23x4,1,indychoco.bsky.social,jacoboleon.bsky.social
did:plc:prwatrat6amfbpiiopzhdkrl,did:plc:vdyw7lv45m755ne5sxelimkn,1,go-los.blacksky.app,taastee.blacksky.app
did:plc:psezdqpcwgwjn46hmqrb23do,did:plc:dj4vqszviionjofdjqkagexc,1,soozbee.bsky.social,davyjoneslr.bsky.social
did:plc:pswa7czuqvpjxqjpemdamovp,did:plc:b5rqxnp34cngyql5dtvtm3g3,2,thatweirdguy.bsky.social,christullbane.bsky.social
did:plc:psws73u33h4ddizgt5tujt4n,did:plc:ddcmdof4k5iklckr2almtwkm,1,shanavwhite.blacksky.app,mattmurph24.bsky.social
did:plc:pt4aolnkd2ldbbbcrcvca7ap,did:plc:luofuy2uw7g4vsd2vbwidtel,1,verypunny.bsky.social,keithsmithnba.bsky.social
did:plc:pt4aolnkd2ldbbbcrcvca7ap,did:plc:sa73fbx3vxzh2fw5pu5wmief,1,verypunny.bsky.social,shamsbot.bsky.social
did:plc:ptdmxrru5tz32ts4xt2reww7,did:plc:2m6fnqqirmfks5xakni7paqv,1,pat-ke.bsky.social,gregpinelo.bsky.social
did:plc:ptilbtx2nhrcmippqh7salyj,did:plc:ncskjwzz4aqvn7pi46d7l6i4,1,lzamparo.bsky.social,johnhollandoaktree.bsky.social
did:plc:ptilbtx2nhrcmippqh7salyj,did:plc:to665uwtrz6uuvcw7n6v6zho,1,lzamparo.bsky.social,nickalps.bsky.social
did:plc:ptilbtx2nhrcmippqh7salyj,did:plc:ukq52bkuvbik3h5ehwa34ngx,1,lzamparo.bsky.social,joecannonlondon.bsky.social
did:plc:pto433j5qrakrkk75s2mcoci,did:plc:kyjcajocwguwumqkggc5ujfu,1,coreymalone.bsky.social,coxsportsohio.bsky.social
did:plc:ptqme6qzhl7rvxicqtuhg7xn,did:plc:7dlhmih6zwcpsu3e54yykpvp,1,freeloosedirt.bsky.social,kofie.bsky.social
did:plc:ptqme6qzhl7rvxicqtuhg7xn,did:plc:paf4vetn26bu7uggsie3vyrc,1,freeloosedirt.bsky.social,lawmurraythenu.bsky.social
did:plc:ptqme6qzhl7rvxicqtuhg7xn,did:plc:yvy5ax23zpmoearxn6xsgqzf,1,freeloosedirt.bsky.social,btrowland.bsky.social
did:plc:ptwafvhch2637znsemofixae,did:plc:7sfnardo5xxznxc6esxc5ooe,1,lore-core.bsky.social,nba.com
did:plc:ptwafvhch2637znsemofixae,did:plc:j24jtz7xkt5ttdsk32mmpkvn,1,lore-core.bsky.social,johnhollinger.bsky.social
did:plc:ptwafvhch2637znsemofixae,did:plc:sgoisgg5ihykk4rkmleqcsuu,1,lore-core.bsky.social,levakabas.bsky.social
did:plc:ptwafvhch2637znsemofixae,did:plc:shbrsjbjrqrsnjxwniprp6s6,1,lore-core.bsky.social,rickyodonn.bsky.social
did:plc:pu475gkwzjapusiz2rrpie3a,did:plc:kv3yy2orqd7r6vltqeavslfl,1,chinajoeflynn.bsky.social,christianfinnegan.bsky.social
did:plc:pu475gkwzjapusiz2rrpie3a,did:plc:m74t5iobxonwi4ve7xt2malu,1,chinajoeflynn.bsky.social,buckrawheat.bsky.social
did:plc:pu475gkwzjapusiz2rrpie3a,did:plc:vgwy2b3rrcewfdazrkanjbg4,1,chinajoeflynn.bsky.social,veryimportant.lawyer
did:plc:puemqg34cvrubh7esphva7oa,did:plc:emsv6teuiatugckfwkix53bc,1,ericmalcolm.bsky.social,gurtsherm.bsky.social
did:plc:puemqg34cvrubh7esphva7oa,did:plc:nxjtuslv3uvj6uym7ysu6cfa,1,ericmalcolm.bsky.social,mtzero.bsky.social
did:plc:pugjcobxrwapqjy5cmtspxpf,did:plc:hf7ezrajxadu7v3tzcyij424,1,beomoose.bsky.social,parkermolloy.com
did:plc:pui46rhqxy3nzmnpsscoeyqj,did:plc:cgwt6gg6uluie2czedzgltla,1,waltergiesbrecht.bsky.social,heretickler.bsky.social
did:plc:pule4qpgo4iavbfv4dd6q4se,did:plc:3uus7y6h3rlrk6sbctzxm4bg,1,scottwiper.bsky.social,dailyfaceoff.bsky.social
did:plc:pule4qpgo4iavbfv4dd6q4se,did:plc:knaj2vcp4x6t7hr7ewd6e3uz,1,scottwiper.bsky.social,tlndc.bsky.social
did:plc:pulmgco4pnnm7umrv5jbatki,did:plc:mqpgygz2umnuw4nr6auwe2io,1,dsadieg.bsky.social,texaskrusty.bsky.social
did:plc:puqn7p4kxv6xtysydndhbulu,did:plc:umtr4kkuzn3sdes66a5aiaee,1,whs.bsky.social,solisreport.com
did:plc:pvgtzckoq2aokfg25qxrlsve,did:plc:t4i3a4fawuzge3dsw2i2h2fw,1,sophialarkrose.bsky.social,markjacob.bsky.social
did:plc:pvkukdcgqh4tujeaswbxalqn,did:plc:b2kutgxqlltwc6lhs724cfwr,1,rjb44.bsky.social,theathletic.com
did:plc:pvuzrzog2wsagpp622kof46r,did:plc:7vnaslmocusfll2e33k4jdhm,1,sickfawnlaw.bsky.social,joeviraynba.bsky.social
did:plc:pwcr44v3ppmmtvvevuoud2rs,did:plc:v6dbf7zrv2iauhimhtyzkbtc,1,rat-town.bsky.social,joshlloyd.bsky.social
did:plc:pwukpzvl2excc7ize6koetjq,did:plc:6jpqgc6d4tplxcioxuh7khmr,1,t-fan.bsky.social,jimowczarski.bsky.social
did:plc:pxbfdlnk5je4d5tyqhl3gsm2,did:plc:urdk2e6xtrlaa2g6mnzc3ks7,1,jonshorman.bsky.social,joelmathis.bsky.social
did:plc:pxdf7acxdsyulfnff4rqv726,did:plc:64fuz53jozpizcfybrc4diwo,2,scorpiono.blacksky.app,josey76.bsky.social
did:plc:pxdf7acxdsyulfnff4rqv726,did:plc:sa73fbx3vxzh2fw5pu5wmief,2,scorpiono.blacksky.app,shamsbot.bsky.social
did:plc:pxfvkmkqjq2qdloksrufkm5y,did:plc:5hnhc5gto2qbhwfqumds23x4,2,jcmorado.bsky.social,jacoboleon.bsky.social
did:plc:pxscvysynrjlfv2gjn5oahpo,did:plc:7sfnardo5xxznxc6esxc5ooe,1,soonermedic72.bsky.social,nba.com
did:plc:py7chfax4ftugpcpyj2binih,did:plc:g4woxmzf4tmtaxuubj2aos62,1,christopherhine.bsky.social,normcharlatan.bsky.social
did:plc:py7chfax4ftugpcpyj2binih,did:plc:n6tihxklrwn2gkajlqgla7ar,1,christopherhine.bsky.social,mylittlebloggie.bsky.social
did:plc:py7chfax4ftugpcpyj2binih,did:plc:r62qixbqqk4zqt6vdzc4x3up,1,christopherhine.bsky.social,therealnbw.bsky.social
did:plc:py7chfax4ftugpcpyj2binih,did:plc:rd3xjqinklzohadsvnwyuui3,1,christopherhine.bsky.social,yoleo.bsky.social
did:plc:pydimnd4boxdlc76rp4irtlj,did:plc:mkhpcmsbpebvwk5svor3r6vr,1,robertoshenanigans.bsky.social,jerrybarmess.bsky.social
did:plc:pyhxbcecsajan5rvlcswqnrz,did:plc:6lounv3hlgeqacwum74voxpd,1,nobooks.bsky.social,devinmcintyre.bsky.social
did:plc:pz2e6pmf64ey4zpgyjuvpdfj,did:plc:zw7honcln37lidvst74of4h4,3,geraldbourguet.bsky.social,eboldy.bsky.social
did:plc:pz3dp2ywngfqddxlrl2v6jzk,did:plc:4md3rkqkr6m6ifmggsbz6nde,1,democracyin2025.bsky.social,nbabeau.bsky.social
did:plc:pz6qkctym7ferlcwtppu2cps,did:plc:jpnthlnrxuvpq6shn6yxleaa,1,farns.bsky.social,mebartl8.bsky.social
did:plc:pzdaizlqoeu2yf5522o2sksf,did:plc:chaxdppsgnjtga7egziw3c2d,1,aklaca.bsky.social,deman93.bsky.social
did:plc:pzidnmpvca4clc6fhtvjyg35,did:plc:75z3gabuwl6uvv7pootuuvgn,1,kyl1n.bsky.social,lakersnation.bsky.social
did:plc:pziiv5ljv7ms6hjeiu5cnnuh,did:plc:3bm6kdqanmpvustc3b4aujhc,1,warybear.bsky.social,lukeybonner.bsky.social
did:plc:pziiv5ljv7ms6hjeiu5cnnuh,did:plc:g62tajye723r3fa4gqw7l7ql,1,warybear.bsky.social,pattymo.com
did:plc:pziiv5ljv7ms6hjeiu5cnnuh,did:plc:oj5blc3orcaoahohplfbaoz2,1,warybear.bsky.social,msjnba.bsky.social
did:plc:q2atpofpn7x7gyespsphjfis,did:plc:2mxadfg4ck5lwlur64dsvan7,1,coachn.bsky.social,brenda2026.bsky.social
did:plc:q2atpofpn7x7gyespsphjfis,did:plc:4md3rkqkr6m6ifmggsbz6nde,1,coachn.bsky.social,nbabeau.bsky.social
did:plc:q2guozalzoyrhin3o7t2tg4k,did:plc:t4i3a4fawuzge3dsw2i2h2fw,1,elsargentogarcia.bsky.social,markjacob.bsky.social
did:plc:q2w5d2abkcl3u56ikb4m2gua,did:plc:khssxrydvcapbp23tqkr7qpn,1,caligrl58.bsky.social,lovekat41.bsky.social
did:plc:q2wkcwq7du3rh57nrzlvprcy,did:plc:rkpzrwxex34r36ypejhew7ml,1,aarong83.bsky.social,howardbeck.bsky.social
did:plc:q34nw4ylp5lyat5xll2w264y,did:plc:stnds3lpe36fa2nb4msw42rg,1,micbon.bsky.social,honestlarry.bsky.social
did:plc:q35wjpo3b6ltgpqkqdkncdy4,did:plc:3bskuhu5fv2azw6cmf7xf64q,1,winefreak.bsky.social,brgulker.bsky.social
did:plc:q3fi25au634c4yojnysqzlrj,did:plc:3lnfl23qvbuxg7oljq2mgytb,1,teamziller.bsky.social,snapwilson.bsky.social
did:plc:q3phsz63wltu2tu75hert3g6,did:plc:b5s7pvomuo3xwd3wgdpnohtt,2,coshea13.bsky.social,bullsjay.bsky.social
did:plc:q3phsz63wltu2tu75hert3g6,did:plc:e3ktrbooe3mildj4hhwhsvtc,1,coshea13.bsky.social,mikeascotto.bsky.social
did:plc:q3wb2s7xreoqmx3trqeydimz,did:plc:33el5erhbf5lckfhhj256ksf,1,byalexcoffey.bsky.social,waldofoz.bsky.social
did:plc:q3xyumjc7dj75kzltorxbv3l,did:plc:sa73fbx3vxzh2fw5pu5wmief,1,rjbrown85.bsky.social,shamsbot.bsky.social
did:plc:q4jf23pvqpgt2kwu5gn46tst,did:plc:e62gb2ushvtvjvqcbrxeaw2n,1,itsmeaimee.bsky.social,chrislhayes.bsky.social
did:plc:q4nnmwj6mlb7zmjr5yvvjdrr,did:plc:sf3zlfieuwb7dqwyaj74ye6j,1,rmano.bsky.social,nyk44.bsky.social
did:plc:q52pki7se5f6gbtcrkdohuda,did:plc:fqsmj7o5mbb7n7oav2kkjuid,1,theroadspur.bsky.social,nbastat.bsky.social
did:plc:q52pki7se5f6gbtcrkdohuda,did:plc:funaknp2vl6gapo6dyaf5grw,1,theroadspur.bsky.social,jeffgspurs.bsky.social
did:plc:q5h56ep37bhpl55eafoegr26,did:plc:aauzlzzvsle7whfbf5pdfemk,1,tigerlily.northsky.social,coyotegirl.online
did:plc:q5ky4ylf7i5cikl65lxhfcjc,did:plc:fgpyya4en5thfmi6usrr3kvv,1,taewfo.bsky.social,jasonkirk.fyi
did:plc:q5ma6noanhsf6gisshw52jcv,did:plc:6jpqgc6d4tplxcioxuh7khmr,1,kallao.bsky.social,jimowczarski.bsky.social
did:plc:q5uzdhqvf5w75uwuehigrg3l,did:plc:rwuvizbgh5ywu27z55tdwnul,1,ctoverdrive.bsky.social,wilkinscaleb.bsky.social
did:plc:q62uv3asf7dg7albg54fh6nc,did:plc:e62gb2ushvtvjvqcbrxeaw2n,1,hacks21.bsky.social,chrislhayes.bsky.social
did:plc:q6ck3shde4ztobgwwax5ylsz,did:plc:2emupgm6taztttxwrjk4qk22,1,ethiopianjew.bsky.social,1robgunther.bsky.social
did:plc:q6ck3shde4ztobgwwax5ylsz,did:plc:44ys7gijqhhnzyubtzkupca3,1,ethiopianjew.bsky.social,paulknepper.bsky.social
did:plc:q6dmwcfu7r7vyyml3earkjas,did:plc:5jb2734ccyccx6a3hjjuzhrr,1,lemonbars.bsky.social,kleinman.bsky.social
did:plc:q6dmwcfu7r7vyyml3earkjas,did:plc:sgqlb2os5537waze4wjtfprl,1,lemonbars.bsky.social,sarahspain.com
did:plc:q6ftd5qm7ifyfcbemkw47ws5,did:plc:b2kutgxqlltwc6lhs724cfwr,1,jennjenn23.bsky.social,theathletic.com
did:plc:q6ftd5qm7ifyfcbemkw47ws5,did:plc:zwgszo4ivnszs2sitaakccbb,1,jennjenn23.bsky.social,samvecenie.bsky.social
did:plc:q6qygyfn5lk35hkkgyxt3anz,did:plc:wr23cz6j2iiefw6iy5hme75j,1,sfxprb.bsky.social,broccolirob.gobirds.online
did:plc:q6va7zvmcpxat2ttrphqn6gf,did:plc:es2bm23pb4t743ewlvdparxi,1,mgvanwormer.bsky.social,cavstheblog.bsky.social
did:plc:q75fymscskkzh5ufuo4gt6lu,did:plc:h4akooyknu7ft7hofgg4yenw,1,neilsandwich.bsky.social,freemaneric.bsky.social
did:plc:q7o2dqp4u62bpzu33wc3mnwy,did:plc:a7vdx7ip2jfbuyr3bu6rqfkp,1,zeratul147.bsky.social,liveforpolitics.bsky.social
did:plc:q7pwjl2sswyfisomiaqfywwn,did:plc:lkifil37lvczmpeudyg66bvc,1,mireia-nadal.bsky.social,johncharet.bsky.social
did:plc:q7qzvqkneotbjfoqbs7i5bvd,did:plc:zw7honcln37lidvst74of4h4,1,brianobliviondds.bsky.social,eboldy.bsky.social
did:plc:q7yzyszofmw2sf5eewnaiect,did:plc:3kpuoy4ilxec4kk6wlw5dqjz,1,crankycanucksfan.bsky.social,ralphintheridge.bsky.social
did:plc:qahapfq2ngcv5ib74qzewlil,did:plc:b2kutgxqlltwc6lhs724cfwr,1,gehlh.bsky.social,theathletic.com
did:plc:qahhm7vo5wd37xxqepnghtof,did:plc:26375peygwnrijoepmy2fdcs,1,v-sjostrom.bsky.social,washingtonstatestandard.com
did:plc:qb5n6psw4jjaeqy4mxff54qt,did:plc:shbrsjbjrqrsnjxwniprp6s6,1,jvegas001.bsky.social,rickyodonn.bsky.social
did:plc:qbtesqlb2a5uhutyt4c3ub4n,did:plc:7lla6bcekzrdg6q6rwjq2ied,1,jerrelxl.bsky.social,durzo.net
did:plc:qbtesqlb2a5uhutyt4c3ub4n,did:plc:phe37hfjiqhnw3xz5qbatplq,1,jerrelxl.bsky.social,deadxcrows.bsky.social
did:plc:qbxeq4vqclz36mvg7zcwkinq,did:plc:aj5qrru5igntej5hfnodtzu2,1,cornopolous.bsky.social,maseinurface.bsky.social
did:plc:qc3s7mv2uttvwicehhillz2u,did:plc:jf2xolu5llzmv62luabmpfxe,1,zmanisles.bsky.social,islesbuzz.com
did:plc:qc5vbnumglpd4kycjufkgewb,did:plc:oqsnatjurit7ai3yiu3gc2vv,1,lennibug.bsky.social,pro-tipz.bsky.social
did:plc:qcd5daqlfu537izqudrbwuik,did:plc:dz7swnlgzjnxehyud3654vqd,1,jaxbbax.bsky.social,janecoaston.bsky.social
did:plc:qcd5daqlfu537izqudrbwuik,did:plc:kj4ff6jl5e3g3udg6nempxbf,1,jaxbbax.bsky.social,mattwinkelman.bsky.social
did:plc:qcr4xuatf5bpqaktx2lkrstf,did:plc:ov3ixpbcdxxd4ueau3slthet,1,soxsigns.bsky.social,joelvideo.producer.blue
did:plc:qcud5fmyzknj52o5jjn6jj24,did:plc:v6xd7qcm4tsgb4ndo547vh4n,1,gthreepo.bsky.social,jeskeets.bsky.social
did:plc:qcwhrvzx6wmi5hz775uyi6fh,did:plc:5ar6zeaclsv7chmqmarlavid,1,bot-tan.suibari.com,twinews.bsky.social
did:plc:qcwhrvzx6wmi5hz775uyi6fh,did:plc:f4oriaylp6332vpaxnwrfejt,1,bot-tan.suibari.com,mannysuarez82.bsky.social
did:plc:qcwhrvzx6wmi5hz775uyi6fh,did:plc:ilsfvckez3ojr7iykkiwsm2e,1,bot-tan.suibari.com,lakers-lover.bsky.social
did:plc:qcys2xbrl2rl3shva7s3xfr5,did:plc:hf7ezrajxadu7v3tzcyij424,1,mstevens86.bsky.social,parkermolloy.com
did:plc:qd3ufd4ykfsw5vie4hf4qsip,did:plc:2emupgm6taztttxwrjk4qk22,1,akajaywalk.bsky.social,1robgunther.bsky.social
did:plc:qdc3t3z4bpzbj3uhattqzcol,did:plc:iunx5vwylsklglrg2gim6izb,1,kenan14.bsky.social,damonagnos.bsky.social
did:plc:qdfgjxoopj6w5fgv2ytx5qnm,did:plc:sa73fbx3vxzh2fw5pu5wmief,1,marcosufs.bsky.social,shamsbot.bsky.social
did:plc:qdhhsboyzxpffasqvr6lkuub,did:plc:eclio37ymobqex2ncko63h4r,1,mannyramirez310.bsky.social,nytimes.com
did:plc:qduubn7yvfwjjv2wpeofl6wk,did:plc:bmvk3suczvuw6mszso6on6ss,1,robbie1986.bsky.social,ageqned.bsky.social
did:plc:qeco4dbddk4bvieckq6i7qqh,did:plc:fjiupdolgwv45olxgrqgfhjk,1,rmaxwell.bsky.social,tressiemcphd.bsky.social
did:plc:qed5ijzd2qxgxzxbzokrj7pc,did:plc:ekcjehhjls63xsuhng6xjnk7,1,taureanlegend.bsky.social,bbwave2024.bsky.social
did:plc:qed5ijzd2qxgxzxbzokrj7pc,did:plc:rwdjay3uyh4atcl5tlxsl2qe,6,taureanlegend.bsky.social,tophtalk.bsky.social
did:plc:qefkiz3mtovjcnoijbtug4hx,did:plc:f4d76fjna5nxqsy2fu6cgmp3,1,monicavisalam.bsky.social,evanbernick.bsky.social
did:plc:qegyxppcpvkmc5tj6eeqgp2m,did:plc:vlok63tvtdztzfhj4tgk6y3j,2,cudasbob.bsky.social,charlieoconn.bsky.social
did:plc:qehuavpgvg3dmavkgcab23sy,did:plc:7watwya7vo6oe6c6wtmezdsr,1,violator.bsky.social,dansplainer.bsky.social
did:plc:qfkjzqgrbdhmspxlijshjc5k,did:plc:v6x2iuhp55dyzpchbrd6tyds,1,gdm.rocks,pfkelly.bsky.social
did:plc:qfq6zyc4uqjnedbxg4zf2mtr,did:plc:pbqeftimj7susug73xzafare,1,phoebe.codeindigolabs.com,wotcmatt.bsky.social
did:plc:qfwcj6qb4c53ikld33fbvax3,did:plc:3fwwbmul54j6co4rn54scmo7,1,boomorbust08.bsky.social,sfgiantfutures.bsky.social
did:plc:qghwucs5bfiypvtupnj4u7o6,did:plc:b2rbhknq7zeheyk6uv2e756v,1,dappercardinal.bsky.social,colyou.bsky.social
did:plc:qghwucs5bfiypvtupnj4u7o6,did:plc:x4gxcq7uospumk5ewsitfvse,1,dappercardinal.bsky.social,getsit.bsky.social
did:plc:qgkp5w2od5pltukj6aatiu2c,did:plc:3uuqepzcthwvmamvlr3zw7rc,1,heyitsbk1.bsky.social,jacksimone.bsky.social
did:plc:qgm2ht7j5woav7wjmtmauqps,did:plc:gqgnr2obuwossobfnxw5xnxg,1,mrstealyourmemes.bsky.social,hoopsanalyst.bsky.social
did:plc:qgpducpcmaxrr5gr57av4ku4,did:plc:dz7swnlgzjnxehyud3654vqd,1,jjsully00.bsky.social,janecoaston.bsky.social
did:plc:qgr46yanupi47qy6vnq5j6ro,did:plc:zy6sn6tkic24e6p52g2yh4zn,1,soybot.bsky.social,rajandelman.bsky.social
did:plc:qgwivhspoi7ddunhqdel2zxj,did:plc:22fudzaxnal4ddodzv2o6mwk,1,mustysuffer.bsky.social,jmcdonaldsa.bsky.social
did:plc:qhauy5ce3edfnmaaa4sbugbw,did:plc:e62gb2ushvtvjvqcbrxeaw2n,1,arrannz.bsky.social,chrislhayes.bsky.social
did:plc:qhauy5ce3edfnmaaa4sbugbw,did:plc:k3i3d2xfibssxz2lbm45x54o,1,arrannz.bsky.social,joshgondelman.bsky.social
did:plc:qhjcviw5a3olnoaur2wrvtfv,did:plc:z6mid5sj76kvto2rhsyakqek,1,radiobwatt.bsky.social,mxannelise.bsky.social
did:plc:qhjqhrgfmvp2gip2y7jj7ent,did:plc:cnzvubkyyn4tnimuncdqqfvc,2,patfromportland.bsky.social,athoughtbytim.bsky.social
did:plc:qhogpy3527lop2lgutvvlmms,did:plc:iwrlimpvosn6ap5qprhtycm5,2,mcuggy.bsky.social,davidtrott13.bsky.social
did:plc:qhwaaftbnk7lid5mbtalykyu,did:plc:aybotarrzwf3by4mhvtzyk5b,1,jmcdanielsstpen.bsky.social,benschleuss.bsky.social
did:plc:qhwaaftbnk7lid5mbtalykyu,did:plc:d4efknp4wiaz4ouegn3rcqru,3,jmcdanielsstpen.bsky.social,nessaphelan.bsky.social
did:plc:qhwaaftbnk7lid5mbtalykyu,did:plc:yojcn4mwd6swycj3bwlo5xpq,1,jmcdanielsstpen.bsky.social,lethaljorts.bsky.social
did:plc:qi3fcbwlerkz66b6t4fbdie3,did:plc:zza2o2czinwmp5y3afoyrot4,1,jonmoselewis.bsky.social,cgd-2.bsky.social
did:plc:qihpqyynfzihgmvflo63ruos,did:plc:t4i3a4fawuzge3dsw2i2h2fw,1,keltharper.bsky.social,markjacob.bsky.social
did:plc:qilfxcnvn5b4eym2rhu3iutv,did:plc:e62gb2ushvtvjvqcbrxeaw2n,1,zachgersh.bsky.social,chrislhayes.bsky.social
did:plc:qiqjxf65ixgut4xvb57fsigx,did:plc:sa73fbx3vxzh2fw5pu5wmief,1,cedichou.bsky.social,shamsbot.bsky.social
did:plc:qiqjxf65ixgut4xvb57fsigx,did:plc:wbpjhdry2la6ozeiqrdmpmms,1,cedichou.bsky.social,kpelton.bsky.social
did:plc:qirafn4ixijht46fh2mvtwid,did:plc:jgmxlsqaj6inwjqx3eowix6i,1,milpool.bsky.social,snowden.st
did:plc:qitvnpnzscryx2lrze4fujn2,did:plc:win6osvx3grvq56rnchwsxtt,1,neilkornutick.bsky.social,hpechan.bsky.social
did:plc:qj5vsyirpoombhluf56p2osr,did:plc:vq47dnnhpwl2jir45t2vd76i,1,tstove7.bsky.social,jimmyfk.bsky.social
did:plc:qjd46exvyrkvrn37zi6i72ws,did:plc:44ys7gijqhhnzyubtzkupca3,1,loudlong.bsky.social,paulknepper.bsky.social
did:plc:qjjeumefr76bcaeh4y7efmdf,did:plc:26375peygwnrijoepmy2fdcs,1,wyatt79.bsky.social,washingtonstatestandard.com
did:plc:qjzggd3of5e3mhszko3uwkb4,did:plc:wj222j7j4agz3k4ikhxrbb4r,1,pck.rocks,ekoreen.bsky.social
did:plc:qkejagsvdvxnke7qood4i64l,did:plc:cdptgcldnlax3nytf2uqvka6,1,denhoff25.bsky.social,davidharper.bsky.social
did:plc:qkeqy47j2tqyr7easic3v5o5,did:plc:urtzlgohgpyod45hftk3tzne,1,mshadey.bsky.social,lotusprime.bsky.social
did:plc:qkmukpnuivxmwnoinb3z5i7o,did:plc:wcthfe6ptjk4im6m6k7ouh4k,1,kidcoheed.bsky.social,knickfilmskool.bsky.social
did:plc:qkwptvtdrtbxxjcfcnnmqmkp,did:plc:wmrsk3r3oaheriferxt6l2c5,3,zevfern.bsky.social,boneydanza.bsky.social
did:plc:qlbfmmx6tzznyavp5thxq2e7,did:plc:7sfnardo5xxznxc6esxc5ooe,1,basketballstars.bsky.social,nba.com
did:plc:qlfk4dz7en3unvfgeraeykgi,did:plc:shbrsjbjrqrsnjxwniprp6s6,1,verydumbidiot.bsky.social,rickyodonn.bsky.social
did:plc:qlohjbu7dbtqngbo6kuksra6,did:plc:7sfnardo5xxznxc6esxc5ooe,1,pauselius.bsky.social,nba.com
did:plc:qmjk6thyxmiuky4v52e57zrn,did:plc:eonekhi5niboa7setutracbc,1,yahoobennies.bsky.social,kenpom.com
did:plc:qmjk6thyxmiuky4v52e57zrn,did:plc:tw77ipw5w2xwv3hzc6mrljsf,1,yahoobennies.bsky.social,lukeknox.me
did:plc:qmuvj7eqvbvyuwiiwkpe2fgn,did:plc:rp7trk62kq2hae5y4pssmwcz,1,lukehbailey.bsky.social,rkalland.bsky.social
did:plc:qn3aukhqj3xfsfncbsqxbwjm,did:plc:bzy5rjjduvvkxno5xe3evl3f,1,edoverbeek.bsky.social,lollardfish.bsky.social
did:plc:qnebifoqvmylnambcl7admh3,did:plc:cwqp26rx7z6h76g6lo2ykbjk,1,snackypanther.bsky.social,gwiss.bsky.social
did:plc:qneifimyudvgucrwf2cltr4w,did:plc:wbpjhdry2la6ozeiqrdmpmms,1,manufdz.eurosky.social,kpelton.bsky.social
did:plc:qnicgk7uegwxk5zaayabisue,did:plc:nk756gkpj52ryc6gaorkvctp,1,bensoskin.bsky.social,nbacobwebs.bsky.social
did:plc:qnspksmaqs7g75rq6navmtpw,did:plc:sa73fbx3vxzh2fw5pu5wmief,1,linecookryan.bsky.social,shamsbot.bsky.social
did:plc:qnztu6bkxr5f44vroxxdrm7o,did:plc:nztbvvo2gl4227zuxjf7gog3,1,klaidlaw.bsky.social,ddayen.bsky.social
did:plc:qo532xkn2anlwhby5ycadvnv,did:plc:ov7yyu2taf5uzitjznhc2rto,1,immlawachall.bsky.social,modakhilnba.bsky.social
did:plc:qoapxxrt6yh7de36dcbw33ty,did:plc:xqkiycxt66ufxqftban3zup7,1,saladscript.bsky.social,basketghoul.bsky.social
did:plc:qof4zqprgyiouvvslujfmjtn,did:plc:6y3zulpfknfey5qemwhc4frl,1,rudeboynyk.bsky.social,jledwardsiii.bsky.social
did:plc:qof4zqprgyiouvvslujfmjtn,did:plc:lqwd62ocgqcrkgwrwcmxif72,1,rudeboynyk.bsky.social,desmoney.bsky.social
did:plc:qohpngl7tzqjm2sdzhres4br,did:plc:b2kutgxqlltwc6lhs724cfwr,2,enricowardrope.bsky.social,theathletic.com
did:plc:qolrjibkgkieeio76iw736tf,did:plc:b2kutgxqlltwc6lhs724cfwr,1,clayjak.substack.com,theathletic.com
did:plc:qolrjibkgkieeio76iw736tf,did:plc:cwia6zy6ng75x7sjiuq55zss,1,clayjak.substack.com,mgallagher.bsky.social
did:plc:qom2wnvnaonkvcy2wpoqqlpk,did:plc:e3ktrbooe3mildj4hhwhsvtc,1,80cloud.bsky.social,mikeascotto.bsky.social
did:plc:qom2wnvnaonkvcy2wpoqqlpk,did:plc:fgpyya4en5thfmi6usrr3kvv,1,80cloud.bsky.social,jasonkirk.fyi
did:plc:qom2wnvnaonkvcy2wpoqqlpk,did:plc:oj5blc3orcaoahohplfbaoz2,1,80cloud.bsky.social,msjnba.bsky.social
did:plc:qp2euaejo6bbhfjufdoxadnh,did:plc:4kgda5cgziaxtlbpxjg5ttj5,1,thefallon.bsky.social,jdub9911.bsky.social
did:plc:qp2euaejo6bbhfjufdoxadnh,did:plc:sxqmtj2mpdmurwyb7gohwdgb,2,thefallon.bsky.social,withmorewit.bsky.social
did:plc:qp4l3ltpjckiymruvra5xkpb,did:plc:5dwbpojkp6wykwcafasvwroi,1,tessde.bsky.social,daltonjohnson.bsky.social
did:plc:qp4l3ltpjckiymruvra5xkpb,did:plc:nspqsv2dplvzqmxnpu5ysucy,1,tessde.bsky.social,letsberational.bsky.social
did:plc:qp4l3ltpjckiymruvra5xkpb,did:plc:utagao6hdvzub6jcnbpba56u,1,tessde.bsky.social,foglandia.bsky.social
did:plc:qpid6iui7eh3pirw63j6ggt4,did:plc:6t6vdkdtsu2ktffzdydkymey,1,jj617.bsky.social,goodifitgoes.bsky.social
did:plc:qpid6iui7eh3pirw63j6ggt4,did:plc:f5vknjyo6v6ctlf7hernwc3q,2,jj617.bsky.social,mrsceltics.bsky.social
did:plc:qpid6iui7eh3pirw63j6ggt4,did:plc:nzt4zxtfvfqfw3mkk2357pgq,3,jj617.bsky.social,hardbap.bsky.social
did:plc:qpid6iui7eh3pirw63j6ggt4,did:plc:vhnfwd6hi6kvpkv6cswbzmai,1,jj617.bsky.social,ol-guillermo.bsky.social
did:plc:qpid6iui7eh3pirw63j6ggt4,did:plc:wajdvjtbxxz4b5tbhs7iixbs,2,jj617.bsky.social,vasudevank.bsky.social
did:plc:qpinv6h7giwwxlyfnyidfk7u,did:plc:srzymqzqmylynq5em3ieuemq,1,stimpy.bsky.social,actioncookbook.com
did:plc:qptwb42tm73u3y3r62vdwppf,did:plc:luofuy2uw7g4vsd2vbwidtel,2,kellenpastore.bsky.social,keithsmithnba.bsky.social
did:plc:qq34koonfsjed54ix3ezvzpe,did:plc:2pwapmv5aopc73qckdrfdb7g,1,stephenburtch.bsky.social,dadloop.bsky.social
did:plc:qq34koonfsjed54ix3ezvzpe,did:plc:5kwhtqk4ryztgx7qxzm5roqw,1,stephenburtch.bsky.social,alsonamedphil.bsky.social
did:plc:qq34koonfsjed54ix3ezvzpe,did:plc:cve7yepwg5yidccl2bh4bhaj,3,stephenburtch.bsky.social,itsnothardev.bsky.social
did:plc:qq34koonfsjed54ix3ezvzpe,did:plc:swyp6rpv24vvdzpiucf3765i,4,stephenburtch.bsky.social,calder12.bsky.social
did:plc:qq34koonfsjed54ix3ezvzpe,did:plc:yq4odixjl75y4pi66dm6eibb,2,stephenburtch.bsky.social,jaredof.bsky.social
did:plc:qqdilgtbxipva7e6bm5cgpws,did:plc:lhz3lxkutdsdmtamudj6ytfi,3,thirdmanmovies.bsky.social,itisdz.bsky.social
did:plc:qqdilgtbxipva7e6bm5cgpws,did:plc:s2ahnyyou2ocsnkyjai3u3na,1,thirdmanmovies.bsky.social,alexgoldennba.bsky.social
did:plc:qqdilgtbxipva7e6bm5cgpws,did:plc:s2ibun2lfcftexxcqsr4ryce,2,thirdmanmovies.bsky.social,michaelvpina.bsky.social
did:plc:qqdilgtbxipva7e6bm5cgpws,did:plc:sa73fbx3vxzh2fw5pu5wmief,2,thirdmanmovies.bsky.social,shamsbot.bsky.social
did:plc:qqdkfr6aqg7vdpwcugyxt246,did:plc:26375peygwnrijoepmy2fdcs,1,frankborn2run.bsky.social,washingtonstatestandard.com
did:plc:qqdqgzpqwyho4cxzso62m54q,did:plc:hefc4z7muynfiq2hnawfzp2l,1,juliedicaro.bsky.social,thisisjoylps.bsky.social
did:plc:qqdqgzpqwyho4cxzso62m54q,did:plc:msxtfin2eriee67vgu4bzg2w,1,juliedicaro.bsky.social,themistocleswall.bsky.social
did:plc:qqdqgzpqwyho4cxzso62m54q,did:plc:rjr6nfdzrfngjgc34jjyty6a,1,juliedicaro.bsky.social,sifill.bsky.social
did:plc:qqkdmmveqyvqgcn7etrvhlfh,did:plc:2emupgm6taztttxwrjk4qk22,1,20000thorns.bsky.social,1robgunther.bsky.social
did:plc:qqx3osweryfwqj77z4nebm2d,did:plc:sa73fbx3vxzh2fw5pu5wmief,1,thiccofferman.bsky.social,shamsbot.bsky.social
did:plc:qr6bx3s7vjhr2gq6ydz6ulvl,did:plc:3q2bc4e3zxdq43xmtfwfiebs,1,mercedesro09.bsky.social,juansintierra2666.bsky.social
did:plc:qre277iyxbhmhbsdtmkfhp66,did:plc:luofuy2uw7g4vsd2vbwidtel,1,pjbelize.bsky.social,keithsmithnba.bsky.social
did:plc:qrhfqquwwfxtcmfdagze6shg,did:plc:6jpqgc6d4tplxcioxuh7khmr,1,mycupcakesaremoist.bsky.social,jimowczarski.bsky.social
did:plc:qrjvfsxxadkuirwwd5wc7ebl,did:plc:45vipy2akjyweypv3xrro3bd,1,leandrokhaled.bsky.social,caiobitencourt.net
did:plc:qsbxvbtuxhsifakwcdl62vv7,did:plc:nifdw6ouj3zpoco3f5kgmmuu,1,liveartfully16.bsky.social,dunnowho.bsky.social
did:plc:qsjxfeucnvrplhmdh7l2ck7i,did:plc:5ca46vv4koi2ms5p3shumjwi,1,masantana25.bsky.social,sjcarroll33.bsky.social
did:plc:qsjxfeucnvrplhmdh7l2ck7i,did:plc:w7n7j3vsrmvn43xx25opcfgs,1,masantana25.bsky.social,mr-dain.bsky.social
did:plc:qsmxw2zlcrhunmqffbmj6rv2,did:plc:gt3unljcqhimumy5zgosk3gv,1,hotshotrobot.bsky.social,davidbix.bsky.social
did:plc:qsu6tgnquzzjrt3jkdmvwyj4,did:plc:plsdcpn66vawxe23k3ob2aqw,1,officialphonkmusic.bsky.social,ebzlll.bsky.social
did:plc:qsxb6g7qgc4gebsaj72ia6ir,did:plc:t4i3a4fawuzge3dsw2i2h2fw,1,szuejuhasz.bsky.social,markjacob.bsky.social
did:plc:qtlvyzso5dizuct3egzytkdd,did:plc:py7chfax4ftugpcpyj2binih,1,billybean.bsky.social,christopherhine.bsky.social
did:plc:qtos5kj7clfsmmzw5qllhhxo,did:plc:bhe5eqpenea455fnqwnzl5ci,1,countdeathtoll.bsky.social,sivav.bsky.social
did:plc:qtrq2ti4xug6b5wietc7prft,did:plc:22fudzaxnal4ddodzv2o6mwk,1,casuallyalfred.bsky.social,jmcdonaldsa.bsky.social
did:plc:qtysqa5lzeesvtc6k2nreho5,did:plc:sa73fbx3vxzh2fw5pu5wmief,1,scottsch.bsky.social,shamsbot.bsky.social
did:plc:qtyzs7afymarzswzkaa4uegt,did:plc:26375peygwnrijoepmy2fdcs,1,loletadude.bsky.social,washingtonstatestandard.com
did:plc:qu6qckmpflsqgu7a4j2au3xm,did:plc:vlok63tvtdztzfhj4tgk6y3j,1,thejerkst0re.bsky.social,charlieoconn.bsky.social
did:plc:qv5fkbblshgiika5x6n23xit,did:plc:zvgi4eon2fvlemnmaqnmayuk,1,landcook.bsky.social,johnkaralis.com
did:plc:qvdcmzqmict6cdytvirtez5n,did:plc:6ofrkoqmflc4m7wtjsvniuuh,1,droessl.bsky.social,albhood.bsky.social
did:plc:qvoqbrrn4gxkskr7vqd45rdq,did:plc:kdkbmoze3rehwvbwezudraj5,1,ericstephen.bsky.social,chaoskat.bsky.social
did:plc:qvp3qddydjnden3wuj32ruce,did:plc:uot2muy7bgn6ju7lj23ztk3i,2,fairestcinderella.myatproto.social,mellyinchains.bsky.social
did:plc:qwfiyhcg4rh4rg7uias3gsqw,did:plc:7ekmgxn4hkcci6caszxpgxr3,1,mattyicicles.bsky.social,bucksfans.bsky.social
did:plc:qwh2jhvps4nfrmcrbyevsigy,did:plc:3kfqfbhhbp64oaixubs4qusw,3,chieftabi.bsky.social,itswanda.bsky.social
did:plc:qwh2jhvps4nfrmcrbyevsigy,did:plc:6cuqboowqvkewzxpimn4xdh5,7,chieftabi.bsky.social,itspbtwo.bsky.social
did:plc:qwy7rpsbzgplq43azydqqdjq,did:plc:r37zqom4nadhhqjzzmcmtj6w,1,sunra.bsky.social,elgirrl.bsky.social
did:plc:qx6m3ofikgku5vbdzh7jg3vd,did:plc:pak3r4f5v4zu4jzo772y2iep,1,anotherkate.bsky.social,mattmcneilshow.bsky.social
did:plc:qx7bcwr2zc424jh34p4blkmy,did:plc:35uepw63tghwbewxhzyemxfx,1,julius-pepperwood.bsky.social,gourmetspud.bsky.social
did:plc:qxmnnep7wxekszmcqbv5eoi5,did:plc:ellei6izgb552rz5mrff5iqn,1,zazzyzazz.bsky.social,techdna.bsky.social
did:plc:qxmnnep7wxekszmcqbv5eoi5,did:plc:maqxe4oag6x7caxpmk65iilo,1,zazzyzazz.bsky.social,otsumamiboy.bsky.social
did:plc:qy76btg4imyge6r7wctnyype,did:plc:jctupu3tzinuhbdsjxm4sldd,1,redhairedbhoy.bsky.social,hiphopstorian.bsky.social
did:plc:qy7hyeditvoggzmztmzxqjrz,did:plc:2f6mbmnobkr34sskaipe4xoy,1,durowolff.bsky.social,jessup-at-large.bsky.social
did:plc:qy7hyeditvoggzmztmzxqjrz,did:plc:li6uyhyc7eyygil6tbak37hz,1,durowolff.bsky.social,fantrax.bsky.social
did:plc:qy7hyeditvoggzmztmzxqjrz,did:plc:xxm57qahhzroc4b5hv4agk2u,1,durowolff.bsky.social,rukuss.bsky.social
did:plc:qyasxjgq5fqgr4qxn6clpong,did:plc:gt3unljcqhimumy5zgosk3gv,1,fatsfalafel.bsky.social,davidbix.bsky.social
did:plc:qym5ptlmivqv4kokxvk6guhu,did:plc:2i2l6t4uh4y7vahpn7hiqx3f,1,ru-kittenme.bsky.social,iztokfranko.bsky.social
did:plc:qyu7latz67vqxmsplzewvttc,did:plc:iube2dajl4h7hknntpuyoeym,1,ginjaninja2269.bsky.social,grahamj.bsky.social
did:plc:qyvphojvddkfymmsvqbsckem,did:plc:luofuy2uw7g4vsd2vbwidtel,1,cklownie73.bsky.social,keithsmithnba.bsky.social
did:plc:qyyy57thi6mnvumno2er5vpm,did:plc:b2kutgxqlltwc6lhs724cfwr,1,sunshipballoons.bsky.social,theathletic.com
did:plc:qyyy57thi6mnvumno2er5vpm,did:plc:crcybmshorvvegmbkp5rvgjv,1,sunshipballoons.bsky.social,nbcswarriors.bsky.social
did:plc:qyyy57thi6mnvumno2er5vpm,did:plc:e3ktrbooe3mildj4hhwhsvtc,1,sunshipballoons.bsky.social,mikeascotto.bsky.social
did:plc:qzl3nurpemcn5h43nc6udgpu,did:plc:s2ibun2lfcftexxcqsr4ryce,1,jamieberger.bsky.social,michaelvpina.bsky.social
did:plc:qzmhzpfhotvu4vdf6wgfs5dm,did:plc:o5tdec5wp4574zdj4bucsd5f,1,mrch1valry.bsky.social,fishaah.bsky.social
did:plc:qzmhzpfhotvu4vdf6wgfs5dm,did:plc:osnz2wkr3dkp3q4mli7jfojs,4,mrch1valry.bsky.social,lazypyro.bsky.social
did:plc:r2by4lgix6f3k75zfb3dkkrf,did:plc:7slo2t3hcotj6sfza67b2i2y,1,allymeek.bsky.social,markdeeks.bsky.social
did:plc:r2c7vrleuakan47xgwzywvb3,did:plc:xnafm5jptgubwut5nup2jnts,2,spikydash.bsky.social,greyscaleljh.bsky.social
did:plc:r2jdsaohum4sijxqq4tbu7yb,did:plc:2emupgm6taztttxwrjk4qk22,1,fredkmellencamp.bsky.social,1robgunther.bsky.social
did:plc:r2kz2kmydmmicpicxpls5dx6,did:plc:2i2l6t4uh4y7vahpn7hiqx3f,1,jrheisler.bsky.social,iztokfranko.bsky.social
did:plc:r2od5otd555mykbejxmrdzdd,did:plc:g7a6qji72odgptnddtrkdchy,1,brocktune.bsky.social,mrbuckbucknba.bsky.social
did:plc:r337y27f43ytbix3adrt4hmc,did:plc:2xydl7c2xj6j5xsabwwj4par,1,therunningfool.bsky.social,jonnyauping.bsky.social
did:plc:r34zi4rcp7fwmotlwmoksy5b,did:plc:yojcn4mwd6swycj3bwlo5xpq,1,imhatch.bsky.social,lethaljorts.bsky.social
did:plc:r37jww2c3ipizxi7nnzo53wc,did:plc:4bpnr3jjcw235244hglgrm2g,2,smoovelveeta.bsky.social,choclvr.bsky.social
did:plc:r3djyc3wcuipehuupkhjgjzi,did:plc:26375peygwnrijoepmy2fdcs,1,jasoncampbell617.bsky.social,washingtonstatestandard.com
did:plc:r3djyc3wcuipehuupkhjgjzi,did:plc:ugj4tvwyes4f2d7tfn3beatq,1,jasoncampbell617.bsky.social,rabsinthe.scot
did:plc:r3i4tapin2nz3w5upq4qureb,did:plc:e62gb2ushvtvjvqcbrxeaw2n,1,skamazz40us.bsky.social,chrislhayes.bsky.social
did:plc:r3r4z4cou2lklb3zvixxyjhu,did:plc:jlgkz4ly6nbxewtvimqiryme,1,bluehale.bsky.social,hereforsports.bsky.social
did:plc:r4eykay2kbdafopcetm2uekp,did:plc:2fil3vrrymlpa5uspsfgo37i,1,outdoors27.bsky.social,justinanumudu.bsky.social
did:plc:r4he2bpawhrxkajioitot4bs,did:plc:utagao6hdvzub6jcnbpba56u,1,makksfly.bsky.social,foglandia.bsky.social
did:plc:r4jv6ovwzxhfx7xfwelz7dwa,did:plc:fpvcg4gosesvkcxtupb4ij52,4,bonescrosby.bsky.social,savery.bsky.social
did:plc:r4jv6ovwzxhfx7xfwelz7dwa,did:plc:zyg3a3cmo7jpg6ubq443h44j,1,bonescrosby.bsky.social,kbuts.bsky.social
did:plc:r523xzfqq2mhdlqaiivs53ox,did:plc:ckfshclyghehf5cm4akcdane,1,thunderstorming.bsky.social,danielfsmith.bsky.social
did:plc:r576wbkeijq753xkptyzybcp,did:plc:77p4tlvh3ihoquq2neupjdtd,1,ralphjanik.com,g-e-r-t-y.bsky.social
did:plc:r576wbkeijq753xkptyzybcp,did:plc:kvf6pnfrtgek6jqlkpqhgacv,1,ralphjanik.com,yossigozlan.bsky.social
did:plc:r576wbkeijq753xkptyzybcp,did:plc:sa73fbx3vxzh2fw5pu5wmief,1,ralphjanik.com,shamsbot.bsky.social
did:plc:r5uqpqiypqwter3nwqkkehzu,did:plc:sgqlb2os5537waze4wjtfprl,1,meetthepres0709.bsky.social,sarahspain.com
did:plc:r62qixbqqk4zqt6vdzc4x3up,did:plc:46rycfwvyjusf7suuwf4ao7r,1,therealnbw.bsky.social,kingabee.bsky.social
did:plc:r62qixbqqk4zqt6vdzc4x3up,did:plc:7giugsiydb7mj2j3a5u6nuyn,1,therealnbw.bsky.social,canishoopus.bsky.social
did:plc:r62qixbqqk4zqt6vdzc4x3up,did:plc:a2zwd2vgoqxkfwkvp22kuukq,1,therealnbw.bsky.social,nicsanchez.bsky.social
did:plc:r62qixbqqk4zqt6vdzc4x3up,did:plc:dhvumojagxk76rydoen36vlk,1,therealnbw.bsky.social,amyren.bsky.social
did:plc:r62qixbqqk4zqt6vdzc4x3up,did:plc:funh66t44lcu5cbf3lvi44xe,3,therealnbw.bsky.social,challengeitfinchy.bsky.social
did:plc:r62qixbqqk4zqt6vdzc4x3up,did:plc:g7a6qji72odgptnddtrkdchy,1,therealnbw.bsky.social,mrbuckbucknba.bsky.social
did:plc:r62qixbqqk4zqt6vdzc4x3up,did:plc:if4n6vdin5rai4fswbx2727k,1,therealnbw.bsky.social,brittrobson.bsky.social
did:plc:r62qixbqqk4zqt6vdzc4x3up,did:plc:mugjc6wbc2b42mssogknbji4,1,therealnbw.bsky.social,bwyld89.bsky.social
did:plc:r62qixbqqk4zqt6vdzc4x3up,did:plc:pak3r4f5v4zu4jzo772y2iep,1,therealnbw.bsky.social,mattmcneilshow.bsky.social
did:plc:r62qixbqqk4zqt6vdzc4x3up,did:plc:py7chfax4ftugpcpyj2binih,3,therealnbw.bsky.social,christopherhine.bsky.social
did:plc:r62qixbqqk4zqt6vdzc4x3up,did:plc:vvusi4gbo5oiihgdgxdepbcp,1,therealnbw.bsky.social,sjkamin.bsky.social
did:plc:r667rqazxfur6la5i7o32vml,did:plc:trqqcu6a3xwkmserqrohveu5,1,jackmoli.bsky.social,hunterw.bsky.social
did:plc:r6c7nwn4k5wpdrsnrbnpbezd,did:plc:7npbc7vfj4vhpcgsaqqqufcn,1,nathanfogg.bsky.social,bendubose.bsky.social
did:plc:r6cntfztbuwxlsk6vcyhhdzz,did:plc:ukmnw6egw2cczaqeasvd4iln,1,adlangx.bsky.social,tomerazarly.bsky.social
did:plc:r6nmrtup3g4xwdk4sgw2k2z5,did:plc:b66xfipaapa3kikbac5prwd5,2,alexfrompgh.bsky.social,benshoops.bsky.social
did:plc:r6nmrtup3g4xwdk4sgw2k2z5,did:plc:bmnx52xcridd33r4ebn6ifzm,1,alexfrompgh.bsky.social,nicolastscr.bsky.social
did:plc:r6nmrtup3g4xwdk4sgw2k2z5,did:plc:dlvwl3btyrst3q554tpgoc2j,1,alexfrompgh.bsky.social,jcry.bsky.social
did:plc:r6nmrtup3g4xwdk4sgw2k2z5,did:plc:jalx62qg7jp7du2q7tiljh4z,1,alexfrompgh.bsky.social,mrtuffperson.bsky.social
did:plc:r6nmrtup3g4xwdk4sgw2k2z5,did:plc:jaq7276xjkaiueg7wgursiqq,1,alexfrompgh.bsky.social,mylo.bsky.social
did:plc:r6nmrtup3g4xwdk4sgw2k2z5,did:plc:jw5yv2y6yrr3vl255rnf4t3d,1,alexfrompgh.bsky.social,jgately.bsky.social
did:plc:r6nmrtup3g4xwdk4sgw2k2z5,did:plc:mok2wbtsd6r4ls5cvo3avomx,1,alexfrompgh.bsky.social,docbenway.bsky.social
did:plc:r6nmrtup3g4xwdk4sgw2k2z5,did:plc:nr2bbeoiof5r7ju6oog2alsn,1,alexfrompgh.bsky.social,flempire.bsky.social
did:plc:r6nmrtup3g4xwdk4sgw2k2z5,did:plc:on7rhkxpgfnz5rxhklwa7fqa,1,alexfrompgh.bsky.social,antsman41.bsky.social
did:plc:r6nmrtup3g4xwdk4sgw2k2z5,did:plc:pxdf7acxdsyulfnff4rqv726,1,alexfrompgh.bsky.social,scorpiono.blacksky.app
did:plc:r6nmrtup3g4xwdk4sgw2k2z5,did:plc:qqdilgtbxipva7e6bm5cgpws,1,alexfrompgh.bsky.social,thirdmanmovies.bsky.social
did:plc:r6nmrtup3g4xwdk4sgw2k2z5,did:plc:rt7e6aqnmbw4e2dqzbln46wq,1,alexfrompgh.bsky.social,maaronjo.bsky.social
did:plc:r6nmrtup3g4xwdk4sgw2k2z5,did:plc:sa73fbx3vxzh2fw5pu5wmief,5,alexfrompgh.bsky.social,shamsbot.bsky.social
did:plc:r6nmrtup3g4xwdk4sgw2k2z5,did:plc:shbrsjbjrqrsnjxwniprp6s6,1,alexfrompgh.bsky.social,rickyodonn.bsky.social
did:plc:r6nmrtup3g4xwdk4sgw2k2z5,did:plc:v5jl5v6lpsxraicxvjearya5,1,alexfrompgh.bsky.social,brentyndo.bsky.social
did:plc:r6nmrtup3g4xwdk4sgw2k2z5,did:plc:xatjkmbxwbdd34mop6dbrhin,2,alexfrompgh.bsky.social,hamms716.bsky.social
did:plc:r6nmrtup3g4xwdk4sgw2k2z5,did:plc:xojxhkdoymy4ts2sohhtawgo,1,alexfrompgh.bsky.social,rjsizzle.bsky.social
did:plc:r6pag7grlremwb4iyrmqf3oa,did:plc:a67zdrt4nl2tv2qojpngogbq,1,johnnyto.bsky.social,apnews.com
did:plc:r6qbn7irjsndanfv5v3mdydo,did:plc:35lktqpeh5klf77fjululglh,2,sarahjp81.bsky.social,mitchnobis.bsky.social
did:plc:r6qbn7irjsndanfv5v3mdydo,did:plc:m6ua2ujxp7r3ytsnp33dzjeq,1,sarahjp81.bsky.social,jmakula87.bsky.social
did:plc:r6qbn7irjsndanfv5v3mdydo,did:plc:mfu44l7cislpmexvgftq75fb,3,sarahjp81.bsky.social,coleskiiiiii.bsky.social
did:plc:r6vhecbsfhlqbhsiyfgoz5ye,did:plc:xm2fz2ozkeibpmeereg7jshj,1,nayws.bsky.social,punkbiology.bsky.social
did:plc:r6wajogld73mcv567gro4ovf,did:plc:sa73fbx3vxzh2fw5pu5wmief,1,user55555551.bsky.social,shamsbot.bsky.social
did:plc:r72tnvexljvkrbxpnla5zbof,did:plc:sa73fbx3vxzh2fw5pu5wmief,1,trishastulz.bsky.social,shamsbot.bsky.social
did:plc:r75hy7lkaay466pi6tislogy,did:plc:7xcmvkawxqwarqmgcshdxh3c,1,brooklynbuckets.bsky.social,masonginsberg.bsky.social
did:plc:r75hy7lkaay466pi6tislogy,did:plc:ba7tahdyhg55qzhkphkkadzd,1,brooklynbuckets.bsky.social,mynameisfatmike.bsky.social
did:plc:r75hy7lkaay466pi6tislogy,did:plc:e3kuqkyey7v5akigfe3mjnyx,1,brooklynbuckets.bsky.social,klpm.bsky.social
did:plc:r75hy7lkaay466pi6tislogy,did:plc:fufw2ca5fo2zfyuwceczcmo4,5,brooklynbuckets.bsky.social,carlsincharge.bsky.social
did:plc:r75hy7lkaay466pi6tislogy,did:plc:gl7xfcg22zzh23zpapbujvws,5,brooklynbuckets.bsky.social,colinbrady.bsky.social
did:plc:r75hy7lkaay466pi6tislogy,did:plc:ks7tk3c5weofvotvizhdtewx,5,brooklynbuckets.bsky.social,alexincommunity.bsky.social
did:plc:r75hy7lkaay466pi6tislogy,did:plc:po7ie4crrxoyxzbedsvqdlhz,1,brooklynbuckets.bsky.social,isthisrob.bsky.social
did:plc:r75hy7lkaay466pi6tislogy,did:plc:sa73fbx3vxzh2fw5pu5wmief,1,brooklynbuckets.bsky.social,shamsbot.bsky.social
did:plc:r75hy7lkaay466pi6tislogy,did:plc:txbqvzbeljtgneeql7iajhxo,1,brooklynbuckets.bsky.social,gibbs52.bsky.social
did:plc:r75hy7lkaay466pi6tislogy,did:plc:uasmi5bd27n7vm6krtjljweb,1,brooklynbuckets.bsky.social,asinwreck.bsky.social
did:plc:r75hy7lkaay466pi6tislogy,did:plc:wcq2rr37wt3jcj4xui4m26k6,1,brooklynbuckets.bsky.social,growndistracted.bsky.social
did:plc:r7b32a3db5vz36q7krw5dkkl,did:plc:cvgfgkowwcxwpcrr5o6dq4lg,1,hopsandsmoke.bsky.social,mattbrown.bsky.social
did:plc:r7cpxcwsr4f6hnalfo6oijjo,did:plc:o22kcn5vnrguqz5njofudtnw,2,cutie1967.bsky.social,liskeard1.bsky.social
did:plc:r7dysned54qbfn275py3cgyq,did:plc:77xqr6w57x3xamigjynkcnfe,1,hampl.bsky.social,davedufour.bsky.social
did:plc:r7gaw63luw7n4k5bbxkcyqv3,did:plc:tb2bwzxom5qv4542ru3zqcgu,1,experimental22.bsky.social,jakemgrumbach.bsky.social
did:plc:r7i7r46wyxo5uktu6cw3tlsu,did:plc:xoj5fvglhzfo5xeozvmdvopl,1,velo3158.bsky.social,ryangrim.bsky.social
did:plc:r7nk5ow5sqmqbhroclvesgns,did:plc:m3sc6nw3mhcwbfvmwrr6exkj,1,kingofleone.bsky.social,ohchxrlie.bsky.social
did:plc:r7pp5g4c2qzdsehhzym4yrvq,did:plc:b2kutgxqlltwc6lhs724cfwr,1,willie-k.bsky.social,theathletic.com
did:plc:r7rdolkpvvhlfhen6dnwrrhg,did:plc:3bm6kdqanmpvustc3b4aujhc,1,dtsavage.bsky.social,lukeybonner.bsky.social
did:plc:r7rdolkpvvhlfhen6dnwrrhg,did:plc:rkpzrwxex34r36ypejhew7ml,3,dtsavage.bsky.social,howardbeck.bsky.social
did:plc:r7rdolkpvvhlfhen6dnwrrhg,did:plc:sa73fbx3vxzh2fw5pu5wmief,1,dtsavage.bsky.social,shamsbot.bsky.social
did:plc:r7tvhbwmvd2j3s4nwzkkwcr7,did:plc:b2kutgxqlltwc6lhs724cfwr,1,gonegator.bsky.social,theathletic.com
did:plc:ra2m2ydyw2z7dzcjzkvcvjgf,did:plc:f4d76fjna5nxqsy2fu6cgmp3,1,altstategov.altgov.info,evanbernick.bsky.social
did:plc:ra4oy3ibhnmfd5li4wmkg763,did:plc:7ofw5buk67zrgsk3dcfctrlh,1,animejay.blacksky.app,theigbobear.blacksky.app
did:plc:ra4oy3ibhnmfd5li4wmkg763,did:plc:d2utfmoshmoi4vvb4bwsposs,1,animejay.blacksky.app,danielleceltics.bsky.social
did:plc:ra4oy3ibhnmfd5li4wmkg763,did:plc:enpunz2yc5pcyo6u2eckux3c,1,animejay.blacksky.app,xskarma.bsky.social
did:plc:ra4oy3ibhnmfd5li4wmkg763,did:plc:gliszc5vuu2hkjvhuk2iuo5b,4,animejay.blacksky.app,eliastheguyas.bsky.social
did:plc:ra4oy3ibhnmfd5li4wmkg763,did:plc:ov3ixpbcdxxd4ueau3slthet,9,animejay.blacksky.app,joelvideo.producer.blue
did:plc:ra4oy3ibhnmfd5li4wmkg763,did:plc:pafykfryhjyyhnvzzbygjcjf,6,animejay.blacksky.app,c0urtney-danvers.bsky.social
did:plc:ra4oy3ibhnmfd5li4wmkg763,did:plc:qpid6iui7eh3pirw63j6ggt4,1,animejay.blacksky.app,jj617.bsky.social
did:plc:ra4oy3ibhnmfd5li4wmkg763,did:plc:yhuw4za5cbuqupk53ryhixmr,3,animejay.blacksky.app,redroundball.bsky.social
did:plc:rakzv2acthvvs2whppnnk6wz,did:plc:b5s7pvomuo3xwd3wgdpnohtt,1,ctatak.bsky.social,bullsjay.bsky.social
did:plc:ravnxlanlxo7uxsqcimc7mvw,did:plc:eclio37ymobqex2ncko63h4r,1,acstew.bsky.social,nytimes.com
did:plc:rbou3dvwpk7lanfrvitmfpbl,did:plc:pt26e4xkvu3kps47oqztyzz4,1,truthnot4sale.bsky.social,smithc555.bsky.social
did:plc:rbubyjot6pkcmeijgqt2riay,did:plc:aoehq2simubcvpfil3f77w35,3,pattenpending.bsky.social,aniseoverton.com
did:plc:rbubyjot6pkcmeijgqt2riay,did:plc:yr6tximkbhfbrzmk3s6az3fe,2,pattenpending.bsky.social,dillo.media
did:plc:rbxjveuukgxetvwq5klddc6l,did:plc:6jpqgc6d4tplxcioxuh7khmr,1,steve36893.bsky.social,jimowczarski.bsky.social
did:plc:rc5cdzk5poxhtpucvhrmlbdf,did:plc:3kpuoy4ilxec4kk6wlw5dqjz,1,flopfish.bsky.social,ralphintheridge.bsky.social
did:plc:rc5cdzk5poxhtpucvhrmlbdf,did:plc:fz5gtdj2zwvje7amcmr4vxua,1,flopfish.bsky.social,kylekaybee.bsky.social
did:plc:rcgemg336a2wg4mvosjxojuz,did:plc:hf7ezrajxadu7v3tzcyij424,1,fava.bsky.social,parkermolloy.com
did:plc:rcuzzv2rwqp6s7yn3lomtva7,did:plc:v6xd7qcm4tsgb4ndo547vh4n,1,jaysyk.bsky.social,jeskeets.bsky.social
did:plc:rcxtlghvpbk2gmteugcwaegh,did:plc:2mxadfg4ck5lwlur64dsvan7,1,donshafer.bsky.social,brenda2026.bsky.social
did:plc:rd2j7dej7yem6xvoluttre5w,did:plc:2mxadfg4ck5lwlur64dsvan7,2,sertorius7.bsky.social,brenda2026.bsky.social
did:plc:rd2j7dej7yem6xvoluttre5w,did:plc:ukmnw6egw2cczaqeasvd4iln,1,sertorius7.bsky.social,tomerazarly.bsky.social
did:plc:rd2j7dej7yem6xvoluttre5w,did:plc:zcifiaokjuznmkasf6zn347d,2,sertorius7.bsky.social,flybyknite.bsky.social
did:plc:rd3xjqinklzohadsvnwyuui3,did:plc:7sfnardo5xxznxc6esxc5ooe,1,yoleo.bsky.social,nba.com
did:plc:rd3xjqinklzohadsvnwyuui3,did:plc:n6tihxklrwn2gkajlqgla7ar,1,yoleo.bsky.social,mylittlebloggie.bsky.social
did:plc:rd3xjqinklzohadsvnwyuui3,did:plc:yaednivr2bwik2fux27l6sgm,1,yoleo.bsky.social,velodus.bsky.social
did:plc:rd4i6i6puqnepvunmhjisnml,did:plc:tb2bwzxom5qv4542ru3zqcgu,1,lmm3948.bsky.social,jakemgrumbach.bsky.social
did:plc:rd5ynhtbscmfudbbjby54qlx,did:plc:stnds3lpe36fa2nb4msw42rg,1,ariarubin.bsky.social,honestlarry.bsky.social
did:plc:rdeeofov3jpqnkgtqg2j7jc3,did:plc:lqmjce46qoqa7ifg5ru5bxho,1,nyctaper.bsky.social,hoopsandgrooves.bsky.social
did:plc:rdeeofov3jpqnkgtqg2j7jc3,did:plc:sa73fbx3vxzh2fw5pu5wmief,1,nyctaper.bsky.social,shamsbot.bsky.social
did:plc:rdnxiyjf43a3pxn3kfoim5x4,did:plc:sa73fbx3vxzh2fw5pu5wmief,1,curryisking-06.bsky.social,shamsbot.bsky.social
did:plc:rdx5tta272wdtvecvxhbblae,did:plc:nbblprjbkeomp4zzdlya2lyv,1,jaysretro.bsky.social,kingkongfundy.bsky.social
did:plc:re4if4ehfs7fvner5yjmhfxe,did:plc:7lvxwobg2zrzgwpepyzxxjev,1,pianoonetrick.bsky.social,dirtbagqueer.rocks
did:plc:readmnpgwza7ux3ui3e77zib,did:plc:2mxadfg4ck5lwlur64dsvan7,1,dookofurl.bsky.social,brenda2026.bsky.social
did:plc:refelqgti22zkpbc7vnonmu6,did:plc:wj222j7j4agz3k4ikhxrbb4r,1,akareynolds.bsky.social,ekoreen.bsky.social
did:plc:reks23ovxdywujvwml5rl32i,did:plc:6beluo5xgn65lmsf6x6xqq6x,1,klr6773.bsky.social,billoram.bsky.social
did:plc:rel6zoh5cabk5aehngt2wmk7,did:plc:wovvsa3c7xieerny5plpo6z2,2,wizardsfan73.bsky.social,joestieb.bsky.social
did:plc:remcgtr3xkre3fxlvvtei7dp,did:plc:gbqg6xdusjtodg2elugvvgd3,1,rockhillvalley.bsky.social,mikeferrin.bsky.social
did:plc:reqigumlgzztlhriehc4qujo,did:plc:srzymqzqmylynq5em3ieuemq,1,donniet3.bsky.social,actioncookbook.com
did:plc:rextpgvqutodrh7idgzbxjbf,did:plc:sa73fbx3vxzh2fw5pu5wmief,1,faithful2thebay.bsky.social,shamsbot.bsky.social
did:plc:rf5jojtc7maaymolqtqnbbmt,did:plc:b2kutgxqlltwc6lhs724cfwr,1,marq562.bsky.social,theathletic.com
did:plc:rfnb4qauorkjhrvwye7gnfsj,did:plc:hf7ezrajxadu7v3tzcyij424,1,joekalicki.bsky.social,parkermolloy.com
did:plc:rfxvg2pejdies3gwhbiefjeo,did:plc:e3ktrbooe3mildj4hhwhsvtc,1,z8008.bsky.social,mikeascotto.bsky.social
did:plc:rg3lwplm4n4wy3y273wxtit6,did:plc:ytgguhxzb2hab3cpbzkiymss,1,therealmiotsu.bsky.social,medcrisis.bsky.social
did:plc:rg5y7oy7ytfb7hp5kcsqs5hr,did:plc:cyflytcyyyhawlrnnwiv25nd,1,notjohno.bsky.social,btoporek.bsky.social
did:plc:rg6p5q47l535nxjgs62q47h2,did:plc:alulfe6p34zut3fo7gk663sg,1,jlkocher2.bsky.social,mjosephlc.bsky.social
did:plc:rg6p5q47l535nxjgs62q47h2,did:plc:xnnixq4m64lwqxkjxxidhu3j,1,jlkocher2.bsky.social,doczeus.bsky.social
did:plc:rgk5gbb7yh3lom6f6g6zbftu,did:plc:hf7ezrajxadu7v3tzcyij424,1,intothejunction.bsky.social,parkermolloy.com
did:plc:rgk5gbb7yh3lom6f6g6zbftu,did:plc:xojw2osevop55a2nqwxfmgab,1,intothejunction.bsky.social,stacheesq.bsky.social
did:plc:rgqgdujudutmnyl65rpnvfhr,did:plc:7sfnardo5xxznxc6esxc5ooe,1,sidewalkslam.bsky.social,nba.com
did:plc:rgr4hzzhwo37awg2rxoc3mb6,did:plc:sa73fbx3vxzh2fw5pu5wmief,1,miha-ha.bsky.social,shamsbot.bsky.social
did:plc:rgrtvrwpqyin6z365lx7pr3y,did:plc:yj436z2s2v37rvaw33lc4ryq,1,jamesheathers.bsky.social,mbkplus.bsky.social
did:plc:rgzahvqagit73sq2bg4wxxws,did:plc:4zymowfb6mr2yiqp6zfrlkil,1,yukinogatari.moe,plainpat808.bsky.social
did:plc:rgzo6kmbpivy56l6i5t6bjij,did:plc:izehxvvqo37nfna3245hhtt3,1,worldxyours.bsky.social,stephnoh.bsky.social
did:plc:rgzo6kmbpivy56l6i5t6bjij,did:plc:s2ibun2lfcftexxcqsr4ryce,1,worldxyours.bsky.social,michaelvpina.bsky.social
did:plc:rhkrnn5kz7eaahewlijfk367,did:plc:uot2muy7bgn6ju7lj23ztk3i,1,reloadlastsave.bsky.social,mellyinchains.bsky.social
did:plc:rih23ns7km23q6q3x6nscs25,did:plc:kj4ff6jl5e3g3udg6nempxbf,1,johnnyappleseed.bsky.social,mattwinkelman.bsky.social
did:plc:rijhaa5tckanrs524gfg3lf4,did:plc:cbtoiyqupgu2mcqlex7hve6a,1,lildonnyb.bsky.social,aklingus.bsky.social
did:plc:rijhaa5tckanrs524gfg3lf4,did:plc:xlulqhjwqq6alvjkht57sbm5,1,lildonnyb.bsky.social,rawnba.bsky.social
did:plc:rj7zv7h367rk4vj7liwsqbrv,did:plc:msfxgbmi7py5kypsybrobqyr,1,kimischilling.bsky.social,moesquare.bsky.social
did:plc:rjgcqapej5chu74bsyg7boo7,did:plc:y7bkalmg3q6ey27qw4dskvzt,1,shartcircuit.bsky.social,joebos617.bsky.social
did:plc:rjr6nfdzrfngjgc34jjyty6a,did:plc:qqdqgzpqwyho4cxzso62m54q,1,sifill.bsky.social,juliedicaro.bsky.social
did:plc:rjvr2yae6uri7v4p64eki5mk,did:plc:uot2muy7bgn6ju7lj23ztk3i,1,lanceboyle94.bsky.social,mellyinchains.bsky.social
did:plc:rjwwg7e2ervlmmrusjlxwyr6,did:plc:t2fsgbhi2smivsi4nkfz332v,1,dhackett1565.bsky.social,gsess.bsky.social
did:plc:rk4pghjngzjgayxwumgbyrpz,did:plc:tb2bwzxom5qv4542ru3zqcgu,1,itadude.bsky.social,jakemgrumbach.bsky.social
did:plc:rkpzrwxex34r36ypejhew7ml,did:plc:6kciwjworm7ffbnov5dudefz,1,howardbeck.bsky.social,gamboozle.bsky.social
did:plc:rkpzrwxex34r36ypejhew7ml,did:plc:luofuy2uw7g4vsd2vbwidtel,2,howardbeck.bsky.social,keithsmithnba.bsky.social
did:plc:rkpzrwxex34r36ypejhew7ml,did:plc:mqudiarrsody3hkxvjmxd4in,1,howardbeck.bsky.social,happilybearded.bsky.social
did:plc:rkpzrwxex34r36ypejhew7ml,did:plc:r7rdolkpvvhlfhen6dnwrrhg,2,howardbeck.bsky.social,dtsavage.bsky.social
did:plc:rkpzrwxex34r36ypejhew7ml,did:plc:rm3cufu6kjtizsfnyayj5wy7,1,howardbeck.bsky.social,c-a-huggins.bsky.social
did:plc:rkpzrwxex34r36ypejhew7ml,did:plc:uquvpkxzlze3hxe3oasldwou,1,howardbeck.bsky.social,mattgarmark93.bsky.social
did:plc:rkpzrwxex34r36ypejhew7ml,did:plc:z6hjxclieoqo5useg6wqqj5b,1,howardbeck.bsky.social,darthsmall.bsky.social
did:plc:rkteabxlbjwm7i3humcpvfrm,did:plc:j24jtz7xkt5ttdsk32mmpkvn,1,gregorakabarney.bsky.social,johnhollinger.bsky.social
did:plc:rky4t4nqkzx5muzi5cu5cgyi,did:plc:sm2dt6iawets43dqgox4ztvm,2,amberkitty.bsky.social,machinist2023.bsky.social
did:plc:rky5oqpphiwtoxxmrzr3uo26,did:plc:rrh5me656wmncolysevqhc4y,1,kevincarragher.bsky.social,adamaaronson.bsky.social
did:plc:rlgtktiahc3jyajouycvxivo,did:plc:wbpjhdry2la6ozeiqrdmpmms,1,morecabell.bsky.social,kpelton.bsky.social
did:plc:rlmm2kkqjwsuzog4ips6azpn,did:plc:2ufp6rz3xoexzw7s3dgfnbbt,1,squeek-king.bsky.social,meninblazers.bsky.social
did:plc:rlz46p2yxuepj2bwyoutl2sk,did:plc:b2kutgxqlltwc6lhs724cfwr,1,sooner95.bsky.social,theathletic.com
did:plc:rm3cufu6kjtizsfnyayj5wy7,did:plc:rkpzrwxex34r36ypejhew7ml,2,c-a-huggins.bsky.social,howardbeck.bsky.social
did:plc:rmbwpz6tbeqrxu3dgg427rpf,did:plc:2fil3vrrymlpa5uspsfgo37i,1,kokaneejohn.bsky.social,justinanumudu.bsky.social
did:plc:rmidzitxt6myxivb6ygllhl7,did:plc:6z5ukven6blrpxpqda4az7wq,1,bswest5.bsky.social,tallskinnyben.bsky.social
did:plc:rmidzitxt6myxivb6ygllhl7,did:plc:tlf5hilbsn7vlw3rzunbzvw3,1,bswest5.bsky.social,fredsmith.bsky.social
did:plc:rmnc2bpsog62petemig6p2wj,did:plc:kuvf5qlxbv7d3lizbcyeyagi,1,draino-drinker.bsky.social,nbacausul.bsky.social
did:plc:rmwp536it6we6fxrkh47o5hw,did:plc:luofuy2uw7g4vsd2vbwidtel,1,casimiro19.bsky.social,keithsmithnba.bsky.social
did:plc:rn32fkdnrq6lg4eksdrfpnzb,did:plc:6y3zulpfknfey5qemwhc4frl,1,millienyc.bsky.social,jledwardsiii.bsky.social
did:plc:rn32fkdnrq6lg4eksdrfpnzb,did:plc:wcthfe6ptjk4im6m6k7ouh4k,1,millienyc.bsky.social,knickfilmskool.bsky.social
did:plc:rn5vtbqnuliszgtk5nlimvzz,did:plc:xvla2gqv6y3fvxj64uxrxsh5,1,kingjoseus.bsky.social,lizzierie.bsky.social
did:plc:rnhzzudwqu2f5vu23stmegpx,did:plc:sa73fbx3vxzh2fw5pu5wmief,1,imsotired.bsky.social,shamsbot.bsky.social
did:plc:rnk7jqngic3jemaggyij3t7k,did:plc:66sspwqqklrukciv2cpgpt3d,1,eddierobbins.bsky.social,atlanta-6.bsky.social
did:plc:rnk7jqngic3jemaggyij3t7k,did:plc:yvy5ax23zpmoearxn6xsgqzf,1,eddierobbins.bsky.social,btrowland.bsky.social
did:plc:rnn74es5mn47xd46n66v73yv,did:plc:heepn5l7cae57imdys7bf3qz,1,matchupmeta.bsky.social,collinscup.bsky.social
did:plc:rofaxfpvsmk4obrui6343556,did:plc:k37ousn7t2cc4mslvdhbgobi,1,malachiconstant.bsky.social,will-jones.bsky.social
did:plc:rofaxfpvsmk4obrui6343556,did:plc:luofuy2uw7g4vsd2vbwidtel,1,malachiconstant.bsky.social,keithsmithnba.bsky.social
did:plc:rofaxfpvsmk4obrui6343556,did:plc:x63e3rdepw2zmb5stszedwcc,1,malachiconstant.bsky.social,deadboidonut.bsky.social
did:plc:rogt5q75jhqmh3jwuzdrkedw,did:plc:luofuy2uw7g4vsd2vbwidtel,1,danimalokc.bsky.social,keithsmithnba.bsky.social
did:plc:rp7trk62kq2hae5y4pssmwcz,did:plc:4z6t5zcwajrqgze2h5eaycmg,1,rkalland.bsky.social,peterberkes.bsky.social
did:plc:rp7trk62kq2hae5y4pssmwcz,did:plc:j24jtz7xkt5ttdsk32mmpkvn,1,rkalland.bsky.social,johnhollinger.bsky.social
did:plc:rp7trk62kq2hae5y4pssmwcz,did:plc:mj4x6midcgtwrwkvmgffzuqq,1,rkalland.bsky.social,andytobo.bsky.social
did:plc:rpfex3bmferr3z4z4d2qxz3a,did:plc:p6q6mgqru7ybqs5qrp7eaiqr,1,flipstostock.bsky.social,phillyfrontoffice.com
did:plc:rpfex3bmferr3z4z4d2qxz3a,did:plc:rrh5me656wmncolysevqhc4y,1,flipstostock.bsky.social,adamaaronson.bsky.social
did:plc:rpjnaiprg2f7ba2cbmbayib4,did:plc:bwc57aeuk3gjnvus5blleyhe,1,olliemcclellan.bsky.social,the-core.bsky.social
did:plc:rpopy62qytvvmjdp5g2d6ls4,did:plc:ywdwhqhaqnpll272s3jju64u,1,julioalonso.bsky.social,javierpanzardo.bsky.social
did:plc:rqbgf5uxkfpigg6sskgard2j,did:plc:k2qvkfou3p4mjup5yt35sle4,1,ppallo.bsky.social,wiseposter.bsky.social
did:plc:rqd2qvueyvp63uoa6gy2pjps,did:plc:q45x3nqa6oxalz77crw2ybkk,1,rylanstiles.bsky.social,sonicboom58.bsky.social
did:plc:rqidmferdpnsci6vsy57ldfv,did:plc:7slo2t3hcotj6sfza67b2i2y,1,linssenp.bsky.social,markdeeks.bsky.social
did:plc:rqjqwcpcwlaekhavhk2gd6e5,did:plc:7npbc7vfj4vhpcgsaqqqufcn,2,kevinwglass.bsky.social,bendubose.bsky.social
did:plc:rqmu2cpxnfgbhlgcbjdl36nv,did:plc:e62gb2ushvtvjvqcbrxeaw2n,1,georgegrainge.bsky.social,chrislhayes.bsky.social
did:plc:rr46uy6yvbwqcwumfr2a2qmp,did:plc:7lvxwobg2zrzgwpepyzxxjev,1,theresistanceco.bsky.social,dirtbagqueer.rocks
did:plc:rr56hjvzmo3mgg6manii7z3l,did:plc:l32rftojot3etfw3pfsssy5y,1,blaurtopias.com,sextohombre.com
did:plc:rrh5me656wmncolysevqhc4y,did:plc:a3mzf6foxpqw2ypohrzaeuiu,1,adamaaronson.bsky.social,kissman.bsky.social
did:plc:rrh5me656wmncolysevqhc4y,did:plc:dxlpho43mvncq4pc6d5akrsn,1,adamaaronson.bsky.social,vbeets.bsky.social
did:plc:rrh5me656wmncolysevqhc4y,did:plc:rky5oqpphiwtoxxmrzr3uo26,1,adamaaronson.bsky.social,kevincarragher.bsky.social
did:plc:rrh5me656wmncolysevqhc4y,did:plc:wte45n5czvhx4vgl4ji6pg4s,1,adamaaronson.bsky.social,76ersbluehens.bsky.social
did:plc:rrzz6g5doxzj4a5cdys3paaq,did:plc:25j5r47em2gmbiypflegz6bk,1,rmgebhardt.bsky.social,petemrogers.bsky.social
did:plc:rscouhvor22ngh47mkt7e5qk,did:plc:dz7swnlgzjnxehyud3654vqd,1,yeahjeetsyeah.bsky.social,janecoaston.bsky.social
did:plc:rsmvjpualofdjzd7vcxnocii,did:plc:25lslhwbx5x46jpitjpugyby,1,dyllima37.bsky.social,gallen89.bsky.social
did:plc:rsmvjpualofdjzd7vcxnocii,did:plc:g5ls6rrz7j3qpoxcicwrmcko,2,dyllima37.bsky.social,oblid.bsky.social
did:plc:rsmvjpualofdjzd7vcxnocii,did:plc:luofuy2uw7g4vsd2vbwidtel,3,dyllima37.bsky.social,keithsmithnba.bsky.social
did:plc:rsmvjpualofdjzd7vcxnocii,did:plc:mdbj4gabxltholo3dq56xo3d,1,dyllima37.bsky.social,kornhub.bsky.social
did:plc:rsmvjpualofdjzd7vcxnocii,did:plc:ov3ixpbcdxxd4ueau3slthet,2,dyllima37.bsky.social,joelvideo.producer.blue
did:plc:rsmvjpualofdjzd7vcxnocii,did:plc:wnno37ppjexptevv5iic3a5p,1,dyllima37.bsky.social,thanksihateit603.bsky.social
did:plc:rsneezcrz7a7cruq5qdeotdb,did:plc:aybotarrzwf3by4mhvtzyk5b,1,profcedar.bsky.social,benschleuss.bsky.social
did:plc:rsneezcrz7a7cruq5qdeotdb,did:plc:cpw3q34mdtcstzzm6zwzt46q,2,profcedar.bsky.social,weirdalf.bsky.social
did:plc:rt7e6aqnmbw4e2dqzbln46wq,did:plc:r6nmrtup3g4xwdk4sgw2k2z5,2,maaronjo.bsky.social,alexfrompgh.bsky.social
did:plc:rt7e6aqnmbw4e2dqzbln46wq,did:plc:sa73fbx3vxzh2fw5pu5wmief,2,maaronjo.bsky.social,shamsbot.bsky.social
did:plc:rt7e6aqnmbw4e2dqzbln46wq,did:plc:v4uplp3kg4rii42zttdy5yy5,5,maaronjo.bsky.social,agentcooper1983.bsky.social
did:plc:rt7r7cxuhypdpmez2nra3g5g,did:plc:33yuttg43domt6gyddetilkn,1,jeffsharon.bsky.social,nodunks.com
did:plc:rubcsiglm6judjgg2dzituev,did:plc:zafyme2jyaxdxvxwstp4gg6r,1,egalassoc.bsky.social,tranbersal.bsky.social
did:plc:rubzrefrk7gw2xbhuj2rzpzb,did:plc:hf7ezrajxadu7v3tzcyij424,1,baghutch.bsky.social,parkermolloy.com
did:plc:ruf2qkwqewqgtwhtyv3nyly5,did:plc:3f6iyy3dx2zaa2bcc67iitv4,1,aw5.bsky.social,clshoaf.bsky.social
did:plc:ruggkhaieowoa3olygz7bsbf,did:plc:e62gb2ushvtvjvqcbrxeaw2n,1,cobe1020.bsky.social,chrislhayes.bsky.social
did:plc:ruqw4rjlp5dfgoton3iap4nv,did:plc:him2kiav52awysrkh4tqg2u6,1,michael-orr.bsky.social,ryanrosenblatt.bsky.social
did:plc:rus4rrwbolormi67f6zdaupa,did:plc:luofuy2uw7g4vsd2vbwidtel,1,rocinatereturns.bsky.social,keithsmithnba.bsky.social
did:plc:ruume25zsq2gl2x22xuxw2qy,did:plc:cyflytcyyyhawlrnnwiv25nd,1,jasonblevins.bsky.social,btoporek.bsky.social
did:plc:ruyan275nwz5dv7eju7pvf2a,did:plc:363cn3qkdwze3yu73yqybmms,1,clehmann.bsky.social,jonbecker.bsky.social
did:plc:ruyan275nwz5dv7eju7pvf2a,did:plc:omjpubyxzqks3lu63iavttun,2,clehmann.bsky.social,rossromano.bsky.social
did:plc:rv6qyyi6xegitstqezqnqfbm,did:plc:6jpqgc6d4tplxcioxuh7khmr,1,vanhaverenm.bsky.social,jimowczarski.bsky.social
did:plc:rvcyysmlsiif5s6cobyvd4dp,did:plc:6xr224mjvmwi5yznjysoqsmt,2,hottakeeagle.bsky.social,bobmagee940.bsky.social
did:plc:rvdiumaqvyvvkhm74wvqwpwi,did:plc:7dlhmih6zwcpsu3e54yykpvp,1,springtick.bsky.social,kofie.bsky.social
did:plc:rviatboifum6jlqvwk4sv3dr,did:plc:b2kutgxqlltwc6lhs724cfwr,1,treeko21.bsky.social,theathletic.com
did:plc:rviatboifum6jlqvwk4sv3dr,did:plc:bpx5ab47lqy7zgxu222b4n2z,1,treeko21.bsky.social,mayorofoakland.bsky.social
did:plc:rvze3orwxmlworrhidtfyve4,did:plc:55rpfldzzqnigiot3l7bv65k,1,carballudo.bsky.social,julianguede.bsky.social
did:plc:rvze3orwxmlworrhidtfyve4,did:plc:ent7amfm43xhbvvdozui6hgv,1,carballudo.bsky.social,llonsu.bsky.social
did:plc:rvze3orwxmlworrhidtfyve4,did:plc:gkxebxu677w7bi4cw3oymyrt,1,carballudo.bsky.social,eugenioqf.bsky.social
did:plc:rvze3orwxmlworrhidtfyve4,did:plc:mlw42qbt3ruxyrewcrnltinu,1,carballudo.bsky.social,manuplanetario.bsky.social
did:plc:rvze3orwxmlworrhidtfyve4,did:plc:mrtreswv377bdn7ow4ekunyy,1,carballudo.bsky.social,helenamerinavas.bsky.social
did:plc:rw5samybp5veopa7mhmlxidj,did:plc:j24jtz7xkt5ttdsk32mmpkvn,1,tpaisley.bsky.social,johnhollinger.bsky.social
did:plc:rw5samybp5veopa7mhmlxidj,did:plc:luofuy2uw7g4vsd2vbwidtel,1,tpaisley.bsky.social,keithsmithnba.bsky.social
did:plc:rw5samybp5veopa7mhmlxidj,did:plc:zcifiaokjuznmkasf6zn347d,1,tpaisley.bsky.social,flybyknite.bsky.social
did:plc:rwdjay3uyh4atcl5tlxsl2qe,did:plc:bnrvxigpgotzdtuz6c5wahcb,1,tophtalk.bsky.social,bugsysig.bsky.social
did:plc:rwdjay3uyh4atcl5tlxsl2qe,did:plc:ekcjehhjls63xsuhng6xjnk7,1,tophtalk.bsky.social,bbwave2024.bsky.social
did:plc:rwdjay3uyh4atcl5tlxsl2qe,did:plc:hg6vy2775rkgk5aqqpde5bzh,1,tophtalk.bsky.social,the631resistance.bsky.social
did:plc:rwdjay3uyh4atcl5tlxsl2qe,did:plc:pa3jceitipxtdlvittz2pdgv,4,tophtalk.bsky.social,thortschmann.bsky.social
did:plc:rwdjay3uyh4atcl5tlxsl2qe,did:plc:qed5ijzd2qxgxzxbzokrj7pc,4,tophtalk.bsky.social,taureanlegend.bsky.social
did:plc:rwdjay3uyh4atcl5tlxsl2qe,did:plc:uwunrc4me5vby6eef4xymwbh,3,tophtalk.bsky.social,wildstreet.bsky.social
did:plc:rwdjay3uyh4atcl5tlxsl2qe,did:plc:vcumvue2gcsxexermtdg6cr7,1,tophtalk.bsky.social,tommybeernba.bsky.social
did:plc:rwdjay3uyh4atcl5tlxsl2qe,did:plc:vrahtax2rt4snds5r4bk53d4,2,tophtalk.bsky.social,konabrunson.bsky.social
did:plc:rwuvizbgh5ywu27z55tdwnul,did:plc:q5uzdhqvf5w75uwuehigrg3l,1,wilkinscaleb.bsky.social,ctoverdrive.bsky.social
did:plc:rwzhqjjtql3pi73gbrtzwkxm,did:plc:b2kutgxqlltwc6lhs724cfwr,1,topshelfrx.bsky.social,theathletic.com
did:plc:rx7uqfmtwa4pof57ihc4yvka,did:plc:mvowdz3jg5yopr5u24xzur7q,1,roundballrock22.bsky.social,buttersbc.bsky.social
did:plc:rxd7cz3rfqemwdxrbke3zihx,did:plc:ae2u46fdqo67b4lrczk233jk,1,emacattack.bsky.social,luis791.bsky.social
did:plc:rxv2ivhy5ny2qt567wrpbtz2,did:plc:k6jgbx7wc657rq2tzziyxhti,1,carlos.alocen.com,tediosa-miss.bsky.social
did:plc:rxyiusciuniq4bcggehjmxvg,did:plc:bnrvxigpgotzdtuz6c5wahcb,1,omarzahran.bsky.social,bugsysig.bsky.social
did:plc:rxyiusciuniq4bcggehjmxvg,did:plc:iogazjjwxrgqiyycrlzoo3xp,1,omarzahran.bsky.social,theviolenceoftruth.bsky.social
did:plc:rynrofliw7sglebmcrkqphtp,did:plc:t6x6ac5jmyjivyg6oy3mxp3w,1,rcmagic89.bsky.social,adampapageorgiou.bsky.social
did:plc:ryvt2wdikgvwxe6biqmtvjhr,did:plc:3q2bc4e3zxdq43xmtfwfiebs,1,msegsan.bsky.social,juansintierra2666.bsky.social
did:plc:rz5euill37scvxktrc7w4fsm,did:plc:vz5s2bjieysjmlle7patjucp,1,nnoahh.bsky.social,jesuszoidberg.bsky.social
did:plc:rza5m2jniyt5dmzehauouxss,did:plc:nk756gkpj52ryc6gaorkvctp,1,thomasneumann.bsky.social,nbacobwebs.bsky.social
did:plc:rzonkrnejf4ipmbwpkpyanbs,did:plc:ad524kbsyonu2bnrmjfcytrh,1,ccgastrology.bsky.social,mugrebeener.bsky.social
did:plc:rzz5zcnnq4vo7kelu33oahay,did:plc:fgpyya4en5thfmi6usrr3kvv,1,buckchaser.bsky.social,jasonkirk.fyi
did:plc:s2dzmjpevf2helaonfh6dvxe,did:plc:df2gzsny4y5khzaa5rsfrblr,1,rcoyote007.bsky.social,jameshamnba.bsky.social
did:plc:s2dzmjpevf2helaonfh6dvxe,did:plc:qxzivh5uhnv2ztr242wd4jnk,1,rcoyote007.bsky.social,fcartoscelli3.bsky.social
did:plc:s2ibun2lfcftexxcqsr4ryce,did:plc:42crvl2wbb44dsaqwd5b724r,1,michaelvpina.bsky.social,charlieweber45.bsky.social
did:plc:s2ibun2lfcftexxcqsr4ryce,did:plc:khkkkhl5yezvfymz4g4tnukt,1,michaelvpina.bsky.social,johnschuhmann.bsky.social
did:plc:s2ibun2lfcftexxcqsr4ryce,did:plc:qqdilgtbxipva7e6bm5cgpws,1,michaelvpina.bsky.social,thirdmanmovies.bsky.social
did:plc:s2ibun2lfcftexxcqsr4ryce,did:plc:sk7upbqemptkuz75z4qd2eas,1,michaelvpina.bsky.social,archmadness.bsky.social
did:plc:s2rc2vsbcr3qeyorowtrauci,did:plc:e62gb2ushvtvjvqcbrxeaw2n,1,mcenronmusk.bsky.social,chrislhayes.bsky.social
did:plc:s2vvbsuatal2ha44dlrlksqs,did:plc:s2ibun2lfcftexxcqsr4ryce,1,margaretsky.bsky.social,michaelvpina.bsky.social
did:plc:s2zvnbmtfcrl2zmbytk4y7ge,did:plc:g3fvb2cxn4yxcq3rjd2llqv5,1,worfwworfington.bsky.social,davidaldridgedc.bsky.social
did:plc:s326cjaykxxfbca5mmsptnqw,did:plc:shbrsjbjrqrsnjxwniprp6s6,2,torqpenderloin.bsky.social,rickyodonn.bsky.social
did:plc:s33hmqchgqff43zvfnuwnjv7,did:plc:b2kutgxqlltwc6lhs724cfwr,1,curryking3.bsky.social,theathletic.com
did:plc:s3asdgo7khcdg46iklkvyehh,did:plc:2emupgm6taztttxwrjk4qk22,1,threelittlebirds87.bsky.social,1robgunther.bsky.social
did:plc:s3gvbuzrrirs55lfedyl6g2d,did:plc:inqsf2vb3fk6hj2x5r2xd72j,2,a1extimmons.bsky.social,kdonhoops.com
did:plc:s3shnbevejz7gpa3hbm73y2y,did:plc:7sfnardo5xxznxc6esxc5ooe,2,orangetest.bsky.social,nba.com
did:plc:s3wkielinop5mddigop3vsxs,did:plc:6aruq2to5dssyoqwmt5v3rvu,1,mikerosemn.bsky.social,courtneyfox1.bsky.social
did:plc:s3wkielinop5mddigop3vsxs,did:plc:b5ejzfkqhollpriakypnxftn,1,mikerosemn.bsky.social,cbtoegel.bsky.social
did:plc:s3wkielinop5mddigop3vsxs,did:plc:gnpxrwvrdok5wf6ctge42sml,1,mikerosemn.bsky.social,damonkimble.bsky.social
did:plc:s3z4ho4h3znjuvfzhhv37oom,did:plc:qqdqgzpqwyho4cxzso62m54q,1,stephybara.bsky.social,juliedicaro.bsky.social
did:plc:s42iw2fbfmgsgh7hdtvvoaao,did:plc:67r6m5ouxc6vtuoh23hy4m52,1,hoopinformatics.bsky.social,richardcrossan.bsky.social
did:plc:s42iw2fbfmgsgh7hdtvvoaao,did:plc:b73iobklvxy5uzcramusvi5t,1,hoopinformatics.bsky.social,azam92.bsky.social
did:plc:s42iw2fbfmgsgh7hdtvvoaao,did:plc:kgkarl5c2srnmxqsq6y3trnj,1,hoopinformatics.bsky.social,crb1079.bsky.social
did:plc:s42iw2fbfmgsgh7hdtvvoaao,did:plc:osllti3xika7c7m73woikkwu,1,hoopinformatics.bsky.social,420eggman69.bsky.social
did:plc:s42iw2fbfmgsgh7hdtvvoaao,did:plc:pqrrxvzi62cm2vcigohdd4k7,1,hoopinformatics.bsky.social,holmerica.bsky.social
did:plc:s4dcwh6o5bdxvtxnsjabmkid,did:plc:ccrabc6xdnjx4l7btvynnng4,1,todda.bsky.social,cooperlund.online
did:plc:s4jj65bmzlooayeoxucqw3kt,did:plc:dqttaqakyjxaizyk4isfk4ap,1,carlosmezgo.bsky.social,piratasdelbasket.bsky.social
did:plc:s4m73wk5b6v5chp6g77v64ik,did:plc:b2kutgxqlltwc6lhs724cfwr,1,blandphilosophy.bsky.social,theathletic.com
did:plc:s4s5vm7piswp3y7womka23ri,did:plc:7o235zoinswgbgfo7tyb3rek,1,slightlyofftheair.bsky.social,jacki.bsky.social
did:plc:s4szs2n6tsgj23rkuwi7ro3p,did:plc:z2pfjnauf5qre5e5tw7iasp3,2,jalenmuhammad.bsky.social,idontexist1151.bsky.social
did:plc:s4zsmpakkzku342n72xpu7zi,did:plc:ykqb2yhkbm4ngkn442k64zrc,1,davidolinger.bsky.social,thehockeywriters.bsky.social
did:plc:s5ggz6fomhzkltncwqdjma4o,did:plc:e62gb2ushvtvjvqcbrxeaw2n,1,amazonspitit.bsky.social,chrislhayes.bsky.social
did:plc:s5ixreqm6yq2n4rqdhnqkdmj,did:plc:4rpowijfae2wdqgfq7y63ca6,1,stovetalk.bsky.social,bojohn.bsky.social
did:plc:s5k3drg3kvckczt3s5exmrmi,did:plc:t4i3a4fawuzge3dsw2i2h2fw,1,bettys2nd.bsky.social,markjacob.bsky.social
did:plc:s5kqnhr5jo5lpnmhb6ne72v3,did:plc:k464zt2hvg56ef73plrl3pow,1,niles1.bsky.social,gswcba.bsky.social
did:plc:s5kqnhr5jo5lpnmhb6ne72v3,did:plc:ll23rgrkk7tvdjey3kflygoq,1,niles1.bsky.social,anthonyvslater.bsky.social
did:plc:s5qiuxto4puqv54pzvxaot7i,did:plc:s2ibun2lfcftexxcqsr4ryce,1,funfactattack.bsky.social,michaelvpina.bsky.social
did:plc:s5qiuxto4puqv54pzvxaot7i,did:plc:sa73fbx3vxzh2fw5pu5wmief,1,funfactattack.bsky.social,shamsbot.bsky.social
did:plc:s6hnftjthb2hfhroen4267vn,did:plc:kj4ff6jl5e3g3udg6nempxbf,1,tacoroverr.bsky.social,mattwinkelman.bsky.social
did:plc:s6i226iw6rxlpkogbm6taarl,did:plc:e62gb2ushvtvjvqcbrxeaw2n,1,sdra4839.bsky.social,chrislhayes.bsky.social
did:plc:s6iud2ivb4mitrym7f7ltfo6,did:plc:vw7cmyef7x3ckrwauz2ahhem,1,nrgilman.bsky.social,armankafai.bsky.social
did:plc:s6jqsvwdxf56bq5vh7zo4dmq,did:plc:xjtmllw4af4khmpviadv7hht,1,confirmedshoot.latenightgrin.com,chrisnovak91.bsky.social
did:plc:s6jt6arsswpcgc7puughvikv,did:plc:kqc3zkvh6vih2xxegxxdpgln,3,florrekt.bsky.social,macvanavermaet.bsky.social
did:plc:s6ltgag3sf4egwp2xjzzexvx,did:plc:b2kutgxqlltwc6lhs724cfwr,1,marcusjhu.bsky.social,theathletic.com
did:plc:s6xti4fhgq7gfq3q75w4qzue,did:plc:bhly5vionyd2owf642oomoze,2,wiermayne.bsky.social,rutegar.bsky.social
did:plc:s6xti4fhgq7gfq3q75w4qzue,did:plc:f5vknjyo6v6ctlf7hernwc3q,2,wiermayne.bsky.social,mrsceltics.bsky.social
did:plc:s7gvaiqncb3ugs3hftjdsbt3,did:plc:p63bhdyb6aaaakv74qz5j5xk,1,doublejjjeanz-pkw.bsky.social,phrxi-pkw.bsky.social
did:plc:s7pocblfqsbmqykpj6ounsl5,did:plc:sa73fbx3vxzh2fw5pu5wmief,1,t-22.bsky.social,shamsbot.bsky.social
did:plc:s7r7olvpg73uvnxmfxy47wcd,did:plc:5fos2fmwgyhpcmcxwts5wcsc,1,natekresse.bsky.social,goodbadger.bsky.social
did:plc:s7ximqly3gdv6qfuzx6d7xke,did:plc:476maad6nfijz7nx3ecioac6,2,nivlek83.bsky.social,olehkosel.bsky.social
did:plc:s7ximqly3gdv6qfuzx6d7xke,did:plc:pbt54fn2bdada5c55nmbosnr,3,nivlek83.bsky.social,annajane10000.bsky.social
did:plc:s7zwxkzbvve2aruvjuln5ug4,did:plc:btqmgd42ymfro2mkiwmueghf,1,draglikepull.bsky.social,f29.bsky.social
did:plc:sabzpn5jtd4ouww3nfce5iyx,did:plc:bm3onnf4abdvrh7z75skiqhn,1,jpstork83.bsky.social,nbcsportsbayarea.com
did:plc:saclz6sappsxg4dekvxdd3a6,did:plc:yuqa2tjvuc2aykl4juq2mtyc,1,dmercer00.bsky.social,slcpios50.bsky.social
did:plc:sajwk2kma5oeryy6odgweciz,did:plc:sa73fbx3vxzh2fw5pu5wmief,1,toobigtofail.bsky.social,shamsbot.bsky.social
did:plc:salkfofksoaz62t7ccf6gn5x,did:plc:5wv42hjlutwgliie4vxpbgu5,1,robolovejoy.bsky.social,catrenzer.bsky.social
did:plc:sap772qgykylixcr2vtc4xe2,did:plc:6jpqgc6d4tplxcioxuh7khmr,2,jl419.bsky.social,jimowczarski.bsky.social
did:plc:saqewuuy24iun7d2vcxbxp3e,did:plc:3bskuhu5fv2azw6cmf7xf64q,1,sandman20.bsky.social,brgulker.bsky.social
did:plc:savltyoxhe4cc3sxqyspvvpy,did:plc:yd24kweq3cqpnpfmeec4ckrc,1,pomegranateyum57.bsky.social,laurabrevitz.bsky.social
did:plc:sbbkidbcpmjpbtncikffykn5,did:plc:2k7ig3d46x55no6notewuipz,1,dinosaursenior420.bsky.social,franciszomes.bsky.social
did:plc:sc34rmtw2i327eqk26awlsog,did:plc:b5s7pvomuo3xwd3wgdpnohtt,2,cesspoolboy.bsky.social,bullsjay.bsky.social
did:plc:sc34rmtw2i327eqk26awlsog,did:plc:e3ktrbooe3mildj4hhwhsvtc,1,cesspoolboy.bsky.social,mikeascotto.bsky.social
did:plc:sc4no2a5rkadehylfzpwjdsr,did:plc:4q2ph6h3wq2xo7gsh6kaa7av,1,justin3aker.bsky.social,radiojo.bsky.social
did:plc:scdafp5u2w34vyd7qlzytocg,did:plc:sa73fbx3vxzh2fw5pu5wmief,1,edjr04.bsky.social,shamsbot.bsky.social
did:plc:scjb3scmo2redibtntz26heg,did:plc:5fzbqlz2avctxxctovkidcr2,1,claudevautour.bsky.social,rickspringhetti.bsky.social
did:plc:scjb3scmo2redibtntz26heg,did:plc:sa73fbx3vxzh2fw5pu5wmief,1,claudevautour.bsky.social,shamsbot.bsky.social
did:plc:scxuqf2v4kxp7kxlwbc4qvf2,did:plc:2emupgm6taztttxwrjk4qk22,1,detroit1948.bsky.social,1robgunther.bsky.social
did:plc:scyiehnjo5y2ztrxc3dehah5,did:plc:j7japdf4o4szflzok5rqnurf,1,micbemacgames.bsky.social,capitalismkillz.bsky.social
did:plc:scyiehnjo5y2ztrxc3dehah5,did:plc:sa73fbx3vxzh2fw5pu5wmief,1,micbemacgames.bsky.social,shamsbot.bsky.social
did:plc:scyiehnjo5y2ztrxc3dehah5,did:plc:zmv5rkszn3ykfwwuzsuvbru2,1,micbemacgames.bsky.social,spungoldpub.bsky.social
did:plc:sd4v2ma6bdcosbre553yn63k,did:plc:b2kutgxqlltwc6lhs724cfwr,1,sharo1.bsky.social,theathletic.com
did:plc:sd4v2ma6bdcosbre553yn63k,did:plc:ul7idvxfhkhg774sfqotf253,1,sharo1.bsky.social,mikegrady.bsky.social
did:plc:sddydfc6cx7mylicumg76d5o,did:plc:66wosuvdsrvkpi4lvi7uba3t,1,chinga-la-migra.bsky.social,hackermanhm.bsky.social
did:plc:sdehwsajm2mujwn34jwjcp2c,did:plc:t4i3a4fawuzge3dsw2i2h2fw,1,mgould.bsky.social,markjacob.bsky.social
did:plc:sdsjou7264rhydf7wzufvfqv,did:plc:gdp4ri23apfvdoje5y7yyvmv,1,mchonger.bsky.social,logan.hater.club
did:plc:se2oyhtvxg6obnc2lalguql5,did:plc:26375peygwnrijoepmy2fdcs,1,badclerk.bsky.social,washingtonstatestandard.com
did:plc:se3rgb7riitkd3q7demi5rci,did:plc:2jprfvpdny5oxnqyjs2jijzm,1,lawrencejohnsauter.bsky.social,spencito.bsky.social
did:plc:semaanl5v3gcdj52s3nlontl,did:plc:e62gb2ushvtvjvqcbrxeaw2n,1,wyobronco.bsky.social,chrislhayes.bsky.social
did:plc:senqzk5ouldjgee7emenbsrd,did:plc:wdrdm5zsrad2abdfmobhl36f,1,staylortaluskie.bsky.social,twesq.bsky.social
did:plc:seosfu4v2bnwabsisd2f6dsj,did:plc:45vipy2akjyweypv3xrro3bd,2,uainamsoo.bsky.social,caiobitencourt.net
did:plc:setoi3nbhm5zg2mwx3kniazq,did:plc:3q2bc4e3zxdq43xmtfwfiebs,1,soloporelmundo.bsky.social,juansintierra2666.bsky.social
did:plc:sez4sq4jtos3fejdkkwrl6ma,did:plc:5jb2734ccyccx6a3hjjuzhrr,1,ohiohawkeye.bsky.social,kleinman.bsky.social
did:plc:sf3zlfieuwb7dqwyaj74ye6j,did:plc:22fudzaxnal4ddodzv2o6mwk,1,nyk44.bsky.social,jmcdonaldsa.bsky.social
did:plc:sf3zlfieuwb7dqwyaj74ye6j,did:plc:2m6fnqqirmfks5xakni7paqv,1,nyk44.bsky.social,gregpinelo.bsky.social
did:plc:sf3zlfieuwb7dqwyaj74ye6j,did:plc:6k7zfvrnus4vjjtnh6xl6hmb,2,nyk44.bsky.social,mikenordson.bsky.social
did:plc:sf3zlfieuwb7dqwyaj74ye6j,did:plc:ghh2d63ffy3xnltyvorleuon,2,nyk44.bsky.social,eric2718.bsky.social
did:plc:sf3zlfieuwb7dqwyaj74ye6j,did:plc:j24jtz7xkt5ttdsk32mmpkvn,1,nyk44.bsky.social,johnhollinger.bsky.social
did:plc:sf3zlfieuwb7dqwyaj74ye6j,did:plc:pq62cvmtjkdvrq3wqa52j7dl,1,nyk44.bsky.social,kastronut.bsky.social
did:plc:sf3zlfieuwb7dqwyaj74ye6j,did:plc:vcumvue2gcsxexermtdg6cr7,1,nyk44.bsky.social,tommybeernba.bsky.social
did:plc:sf3zlfieuwb7dqwyaj74ye6j,did:plc:ybgk7b4wsacfnnfftxeq3kqc,2,nyk44.bsky.social,couponforpoupon.bsky.social
did:plc:sf3zlfieuwb7dqwyaj74ye6j,did:plc:yd7bt53qrinin34jasvkthvs,1,nyk44.bsky.social,t-shirtnshorts.bsky.social
did:plc:sf6ngfwmp2hue3gfealfzrwr,did:plc:bhdhzcuvh7hbvrhgfjzxcxqu,1,ilainme.bsky.social,bendowsett.bsky.social
did:plc:sfblz5gm2topbduvr4czwg4f,did:plc:hzhwx2mkc6xpizdzrag6i4sf,1,jeffgreene.bsky.social,shermandorn.com
did:plc:sg6pt3vdsqnz5la57gx2jrha,did:plc:7sfnardo5xxznxc6esxc5ooe,1,bye-byemars.bsky.social,nba.com
did:plc:sg6pt3vdsqnz5la57gx2jrha,did:plc:nrzonytvdybfyy7t7b3jr6le,1,bye-byemars.bsky.social,montepoole.bsky.social
did:plc:sg6pt3vdsqnz5la57gx2jrha,did:plc:pac3yyffe2s6udlooifg2dyl,1,bye-byemars.bsky.social,thekingsherald.bsky.social
did:plc:sg6pt3vdsqnz5la57gx2jrha,did:plc:qxzivh5uhnv2ztr242wd4jnk,2,bye-byemars.bsky.social,fcartoscelli3.bsky.social
did:plc:sg6pt3vdsqnz5la57gx2jrha,did:plc:r75hy7lkaay466pi6tislogy,1,bye-byemars.bsky.social,brooklynbuckets.bsky.social
did:plc:sg6pt3vdsqnz5la57gx2jrha,did:plc:xjzkpea3hphxljucqrbqgxo6,1,bye-byemars.bsky.social,ogdowney.bsky.social
did:plc:sg6pt3vdsqnz5la57gx2jrha,did:plc:xwa273u2xtoaab4lm5ybj2uy,1,bye-byemars.bsky.social,fredkatz.bsky.social
did:plc:sgcnzty4h6zctidlznr2s3gz,did:plc:e62gb2ushvtvjvqcbrxeaw2n,1,philhull.bsky.social,chrislhayes.bsky.social
did:plc:sglrlqh5et5tr54xxslkrnf2,did:plc:rrh5me656wmncolysevqhc4y,1,joegerbstein.bsky.social,adamaaronson.bsky.social
did:plc:sglrlqh5et5tr54xxslkrnf2,did:plc:zzilxqve6xvnklnx7fmhz4s2,1,joegerbstein.bsky.social,milesdavismorales.bsky.social
did:plc:sgqjyy7esbpurpqbx3m3gzli,did:plc:3ag6mcyvjgnjebcg6fu5vf5f,1,whpshw.bsky.social,yuriandmalcolm.bsky.social
did:plc:sgqjyy7esbpurpqbx3m3gzli,did:plc:6yldqhxynki4isg36iszsvr3,1,whpshw.bsky.social,profootballtalk.bsky.social
did:plc:shbrsjbjrqrsnjxwniprp6s6,did:plc:i62wy6nvmbe64vmvvsnjx3re,2,rickyodonn.bsky.social,studsurkel.bsky.social
did:plc:shbrsjbjrqrsnjxwniprp6s6,did:plc:kpwhldfxutpxgrimsvs2vber,2,rickyodonn.bsky.social,michaelwaterloo.bsky.social
did:plc:shbrsjbjrqrsnjxwniprp6s6,did:plc:s326cjaykxxfbca5mmsptnqw,1,rickyodonn.bsky.social,torqpenderloin.bsky.social
did:plc:shhyemwv2upg6t626twy2zus,did:plc:e7ycpxpb5kk6s75wdjukr6ym,1,davidrochabinge.bsky.social,witzkers.bsky.social
did:plc:shhyemwv2upg6t626twy2zus,did:plc:sa73fbx3vxzh2fw5pu5wmief,1,davidrochabinge.bsky.social,shamsbot.bsky.social
did:plc:shuihjlwngfchbv7glvgz6so,did:plc:e62gb2ushvtvjvqcbrxeaw2n,1,michaeldoh.bsky.social,chrislhayes.bsky.social
did:plc:shuihjlwngfchbv7glvgz6so,did:plc:sxmtovmbnf5tfjiyq5ewqoex,1,michaeldoh.bsky.social,fzypchz.bsky.social
did:plc:si3rch2cp5pkhm6ylmfigcj2,did:plc:2mxadfg4ck5lwlur64dsvan7,1,munoz-io.bsky.social,brenda2026.bsky.social
did:plc:si5otqgerbayd2wmjocmtbdx,did:plc:yaednivr2bwik2fux27l6sgm,1,zephyrworkshop.bsky.social,velodus.bsky.social
did:plc:sijg6fcx3czfj7xh556g5z7d,did:plc:gu4u6giqwrerdvaohrtwfv3q,1,deepfriedcouch.bsky.social,therealhrdlicka.bsky.social
did:plc:sioskc7nhqfpjyla7usy7v3v,did:plc:izehxvvqo37nfna3245hhtt3,1,angryblackbiguy.bsky.social,stephnoh.bsky.social
did:plc:siwvodjroawzbczn5j2moylr,did:plc:rwzhqjjtql3pi73gbrtzwkxm,1,sp2799.bsky.social,topshelfrx.bsky.social
did:plc:sixhg4da7pj3xcbgmk6ylabi,did:plc:hf7ezrajxadu7v3tzcyij424,1,thembocoles.bsky.social,parkermolloy.com
did:plc:sj2wpqwrsq4uob5hq5vfb4u7,did:plc:hf7ezrajxadu7v3tzcyij424,1,peskyprofessor.bsky.social,parkermolloy.com
did:plc:sjjgbiqhithtr2phg5svkx3o,did:plc:3qzlmzrcu7lj2jyagnqj74uy,1,leftyhoosier.bsky.social,adamlichtenstein.bsky.social
did:plc:sk7upbqemptkuz75z4qd2eas,did:plc:s2ibun2lfcftexxcqsr4ryce,2,archmadness.bsky.social,michaelvpina.bsky.social
did:plc:sko2id6mcnl6mxxb3h34nvyi,did:plc:tzchbn6ovfchqiycacyjny7h,1,jpgorman.bsky.social,mpbmke.com
did:plc:sko2id6mcnl6mxxb3h34nvyi,did:plc:uwixawamap65w3yscbgw23ij,2,jpgorman.bsky.social,nregib.bsky.social
did:plc:skocrn3iadj7gw3ymipso6ec,did:plc:43wzlomgv777pnpn7oijqvqw,1,quebeckie.bsky.social,saucypeeps.bsky.social
did:plc:skocrn3iadj7gw3ymipso6ec,did:plc:7e66jxi3x3js5ivn3yiy5e2e,2,quebeckie.bsky.social,apprecihate.bsky.social
did:plc:skocrn3iadj7gw3ymipso6ec,did:plc:lvw3bdmjhh2mh5qhuapmlv26,1,quebeckie.bsky.social,kevinsmithaf.bsky.social
did:plc:skqv3bxdmpwehd23abbu6mmh,did:plc:e62gb2ushvtvjvqcbrxeaw2n,1,rosharkc.bsky.social,chrislhayes.bsky.social
did:plc:skrn2q2lmv7jm3jsgtcc5wsf,did:plc:657lb3667l3gzworvtjptuuk,2,cmikesspinmove.bsky.social,rw530710.bsky.social
did:plc:skvhpoujylol5x7rj7mcmkmk,did:plc:3ffmaftt5f7tgz5nf4qpo52g,1,dean.gatorsphilly.us,gators.bsky.social
did:plc:skvhpoujylol5x7rj7mcmkmk,did:plc:zfxkhiy2lyomncn3lykkwzi7,2,dean.gatorsphilly.us,austinkrell.bsky.social
did:plc:skvhpoujylol5x7rj7mcmkmk,did:plc:zgwypjud5u4qss3dubzpphmi,1,dean.gatorsphilly.us,footballlibrettist.bsky.social
did:plc:skzayrh4kzct324rljt5cvy7,did:plc:xtgxdwqtgwdv5qjnfy53gq34,1,tacoking.bsky.social,txsupernova.bsky.social
did:plc:sltljlpce3fxiozerekic35h,did:plc:2i2l6t4uh4y7vahpn7hiqx3f,1,absintheofcolor.bsky.social,iztokfranko.bsky.social
did:plc:sltmvgmkkitv4vywupkn6ui5,did:plc:6yldqhxynki4isg36iszsvr3,1,roamingbearsfan.bsky.social,profootballtalk.bsky.social
did:plc:slwydijtgzurt2nq2qn3cqln,did:plc:3q2bc4e3zxdq43xmtfwfiebs,1,sarusky.bsky.social,juansintierra2666.bsky.social
did:plc:sm2dt6iawets43dqgox4ztvm,did:plc:rky4t4nqkzx5muzi5cu5cgyi,4,machinist2023.bsky.social,amberkitty.bsky.social
did:plc:smfvchmgoovgjkjb347hhflk,did:plc:y435iv635b52twusagaoxktx,1,thechriswilcox.bsky.social,jakenazar.bsky.social
did:plc:smgaichkoww62yomb5x2nbhr,did:plc:sa73fbx3vxzh2fw5pu5wmief,1,roentgenequivman.bsky.social,shamsbot.bsky.social
did:plc:smgp3iuv436erjxqbgemfwwu,did:plc:b2kutgxqlltwc6lhs724cfwr,1,grawlsy.bsky.social,theathletic.com
did:plc:smqsw6dwqno6kfyjydk2xmp5,did:plc:5hnhc5gto2qbhwfqumds23x4,9,santyportela.bsky.social,jacoboleon.bsky.social
did:plc:smqsw6dwqno6kfyjydk2xmp5,did:plc:auhbw3xndrufx5uj4dhhrds2,1,santyportela.bsky.social,outconsumer.es
did:plc:smwy6tgkyasu4mksnixfg2gr,did:plc:luofuy2uw7g4vsd2vbwidtel,1,tlroche.bsky.social,keithsmithnba.bsky.social
did:plc:smzwe6phv2ayhmaapu65xzsr,did:plc:gt3unljcqhimumy5zgosk3gv,1,xantar.bsky.social,davidbix.bsky.social
did:plc:sn7radd6opfhsq54pta4w66w,did:plc:uj3zyf2nlre7t5orkcukexi4,1,nba.bankbryan.com,playest.bsky.social
did:plc:snd6emaurdlvfcnql4fg5jnw,did:plc:6aruq2to5dssyoqwmt5v3rvu,1,klew6.bsky.social,courtneyfox1.bsky.social
did:plc:sng2lcflvyuq6ahame4h34pe,did:plc:sa73fbx3vxzh2fw5pu5wmief,1,realeric4real.bsky.social,shamsbot.bsky.social
did:plc:snjiwa576tgz3mcfqunvqkpq,did:plc:4xpj3xjxsxxcuh3ghaulzdqu,1,eliotsill.bsky.social,yourmandevine.bsky.social
did:plc:snnoii4ou7st6jyfisizeguy,did:plc:nk756gkpj52ryc6gaorkvctp,1,murb93.bsky.social,nbacobwebs.bsky.social
did:plc:snp6dceoh454t3m7toseoaxt,did:plc:ipi4gupvsgcqwav6idy5cfpz,1,keithadair.com,brucery.bsky.social
did:plc:snv32rmixi4lzcitwiqlbxwe,did:plc:fvir4trmbwka2ufxo53jjn3h,1,tofu-sofa.bsky.social,spindavies.bsky.social
did:plc:snv32rmixi4lzcitwiqlbxwe,did:plc:y3v2urzjdf5kawk72ymmxytd,1,tofu-sofa.bsky.social,jermany.bsky.social
did:plc:snxq4qsq7tgoj2lvzr2gy5kg,did:plc:e4njhu2ggf6ewarta2x7ic5q,1,adgec.bsky.social,molson.bsky.social
did:plc:snzcjljmmvrk7dotx6inqtmt,did:plc:7sfnardo5xxznxc6esxc5ooe,1,eastonishere.bsky.social,nba.com
did:plc:snzcjljmmvrk7dotx6inqtmt,did:plc:x36punkyuzfatgw34afystyg,1,eastonishere.bsky.social,syndicatedghost.blacksky.app
did:plc:snzcjljmmvrk7dotx6inqtmt,did:plc:yizplexwyykshelz7uaxet2n,1,eastonishere.bsky.social,pheedthemonkey.bsky.social
did:plc:so4jwkzhaqhagl2mdwgfaraa,did:plc:luofuy2uw7g4vsd2vbwidtel,1,robd29.bsky.social,keithsmithnba.bsky.social
did:plc:soavqzdngz77gr7zerunusbm,did:plc:22fudzaxnal4ddodzv2o6mwk,1,badger-in-mn.bsky.social,jmcdonaldsa.bsky.social
did:plc:soavqzdngz77gr7zerunusbm,did:plc:pnb2ru773hsdv62owasc2wos,2,badger-in-mn.bsky.social,vileheathen.bsky.social
did:plc:soavqzdngz77gr7zerunusbm,did:plc:thx2dusfwykv5k2ph2mcqr5g,1,badger-in-mn.bsky.social,johninthegarden.bsky.social
did:plc:sodeh4l7maradptdud3qmerb,did:plc:sa73fbx3vxzh2fw5pu5wmief,1,jaelte.bsky.social,shamsbot.bsky.social
did:plc:somx2646eilotd3gjuwy6xjw,did:plc:cyflytcyyyhawlrnnwiv25nd,1,jamieogrady.bsky.social,btoporek.bsky.social
did:plc:spdyict2dzxte7kmwuehxbfo,did:plc:sa73fbx3vxzh2fw5pu5wmief,1,caseyjarman.bsky.social,shamsbot.bsky.social
did:plc:sppesxijnrndfrdktsivdqiy,did:plc:26375peygwnrijoepmy2fdcs,1,4thofangus.bsky.social,washingtonstatestandard.com
did:plc:spsiktarvi5xbscebukb6kzc,did:plc:2zzcbttrdksv74zfz3egfcyf,1,samwi5e.bsky.social,reddtrain.bsky.social
did:plc:spsiktarvi5xbscebukb6kzc,did:plc:6lounv3hlgeqacwum74voxpd,1,samwi5e.bsky.social,devinmcintyre.bsky.social
did:plc:spsynu2g7uhepxb4cewgpobj,did:plc:e3ktrbooe3mildj4hhwhsvtc,1,nervechain.bsky.social,mikeascotto.bsky.social
did:plc:spsynu2g7uhepxb4cewgpobj,did:plc:luofuy2uw7g4vsd2vbwidtel,1,nervechain.bsky.social,keithsmithnba.bsky.social
did:plc:spzwkcbjbw5uz3cjivhd2q4p,did:plc:hieewdiuoxinwjvnejkmbimd,1,thedudeabided.bsky.social,snotboogie.bsky.social
did:plc:spzwkcbjbw5uz3cjivhd2q4p,did:plc:j37hmxxgxwez2ynuby4h66av,1,thedudeabided.bsky.social,dijcrap.bsky.social
did:plc:sqfneztmrppffi4jambf7i56,did:plc:tfpssovy4db6fmvschveeyzb,2,captainacab.airbud.website,snakeroot.bsky.social
did:plc:squn27picqyriwqz3ainijei,did:plc:y3caxnlaf3dzjx6u7e7a7y67,1,mgobl.eu,hooverstreetrag.org
did:plc:sqw4wyiwol23rrneotmcmuua,did:plc:7stasy6k3v47qdxpydbpx4th,1,stuadel.bsky.social,henmazzig.bsky.social
did:plc:sr3kyv6fbmqnjmq5otfhchmf,did:plc:2mxadfg4ck5lwlur64dsvan7,2,jerrymander6969.bsky.social,brenda2026.bsky.social
did:plc:sr3kyv6fbmqnjmq5otfhchmf,did:plc:blrk2gk5dq32snk2kthu3cnn,1,jerrymander6969.bsky.social,keerthikau.bsky.social
did:plc:sr3kyv6fbmqnjmq5otfhchmf,did:plc:pu475gkwzjapusiz2rrpie3a,1,jerrymander6969.bsky.social,chinajoeflynn.bsky.social
did:plc:sr3kyv6fbmqnjmq5otfhchmf,did:plc:tc4uqyfz3w2f6nicbnwaatjq,2,jerrymander6969.bsky.social,yorush.threads.net.ap.brid.gy
did:plc:sr5vewzfsmt32vtdthmstfcq,did:plc:fhbd6vc2b3iad7v5vm4p7vct,1,ibex95.bsky.social,tavarin.bsky.social
did:plc:srhnkgdqsbtap3e5c5xwonux,did:plc:6jpqgc6d4tplxcioxuh7khmr,1,jake.hashtag.biz,jimowczarski.bsky.social
did:plc:srnkqtcpptdtesojmwbgoek2,did:plc:f7i33cd3b5n6en2iunk2mwkp,1,rodger.bsky.social,billdifilippo.bsky.social
did:plc:srnkqtcpptdtesojmwbgoek2,did:plc:rp7trk62kq2hae5y4pssmwcz,1,rodger.bsky.social,rkalland.bsky.social
did:plc:sroij7f72c5w2cmrq3n7qber,did:plc:7sfnardo5xxznxc6esxc5ooe,1,rcinnc1.bsky.social,nba.com
did:plc:sroij7f72c5w2cmrq3n7qber,did:plc:unp5hfb6cg7kmd6jfeddvyxl,1,rcinnc1.bsky.social,shadowborgg.bsky.social
did:plc:sry7jrirp53zmlmsjza7wt7t,did:plc:kbkn2wz2znozfitjwz3ijjxc,1,thrillclinton85.bsky.social,sirnemo.bsky.social
did:plc:srzymqzqmylynq5em3ieuemq,did:plc:uoumz6fjlsral6odboplm2sd,1,actioncookbook.com,susieb.bsky.social
did:plc:sskboyevrvghclhrrgpttls5,did:plc:gpwsn2saxpxl27f226wel3zg,1,ericapricot.bsky.social,nis1.bsky.social
did:plc:ssklmqap2bsjvajklczkhm5e,did:plc:vnqy25nt5jqtskfieukwmzbm,1,iformation.bsky.social,dloitz.bsky.social
did:plc:sslxlbadjw5tekufubvtubn7,did:plc:o6cth76j3zioxlpcs5ae4tvv,1,aaaaaallday.bsky.social,tomasverde.bsky.social
did:plc:sswob3gs5mv3fkvioo2hactj,did:plc:2vrcm3xzzil3hl2ztbtizgr5,1,edithpusi.bsky.social,mavsfa.bsky.social
did:plc:ssyt7groxkiapfkhgkb5ss7i,did:plc:ephjuksxdn3u5ehhto6cixku,1,adamskol.bsky.social,chipete.bsky.social
did:plc:st2p6qlu7gegou7jk2arr2zp,did:plc:zprmeweca5jvv627el6kqccw,1,duchessofdis.bsky.social,techmom.bsky.social
did:plc:st2ye4kjlzwk4rkicfxd7tv5,did:plc:pafykfryhjyyhnvzzbygjcjf,2,jeeegs.bsky.social,c0urtney-danvers.bsky.social
did:plc:st7tvfpjplh3pecj3ahabprr,did:plc:2slariqaoybf26jw4bub5nzw,2,joemoreland.bsky.social,saintfdw.bsky.social
did:plc:st7tvfpjplh3pecj3ahabprr,did:plc:sa73fbx3vxzh2fw5pu5wmief,1,joemoreland.bsky.social,shamsbot.bsky.social
did:plc:stcsp33btblseqliodfqvjew,did:plc:rgk5gbb7yh3lom6f6g6zbftu,1,precomped.bsky.social,intothejunction.bsky.social
did:plc:stm6fnm6otunfwpnfkfxtr2n,did:plc:xwhsmuozq3mlsp56dyd7copv,1,jampants.net,paizuri.moe
did:plc:stnds3lpe36fa2nb4msw42rg,did:plc:3iu4lqha2u6ucmxmtds2j4sf,2,honestlarry.bsky.social,justinquinnn.bsky.social
did:plc:stnds3lpe36fa2nb4msw42rg,did:plc:vbnrosghuzmkrngjhvi356zf,1,honestlarry.bsky.social,chuck-kirby.bsky.social
did:plc:stof6u5r6dk5cauoggpyl662,did:plc:gt3unljcqhimumy5zgosk3gv,1,papabearman.bsky.social,davidbix.bsky.social
did:plc:sulzkvrrf3cfv5ky5ijgmz2l,did:plc:pe7vfrw45japmwredwwxd26z,1,seankeeler.bsky.social,chasmkona.bsky.social
did:plc:suurhhy4pil5w2m4fn5zv3ao,did:plc:b2guhthvleaqnnx7e4hk2car,1,vincenzo33.bsky.social,chicagobearsx.bsky.social
did:plc:suxoccuems47yt6ou33x3pl5,did:plc:nlq6uv3pja3zg5y2cjfzl57c,1,googergieger.bsky.social,joelrushnba.bsky.social
did:plc:sv7zrtgfnudmvevvaffgy4fb,did:plc:sgqlb2os5537waze4wjtfprl,1,jbderr1.bsky.social,sarahspain.com
did:plc:svcld2gdfmsbnybhkjoyj6j5,did:plc:nkizcyo6jb23jihrk2x6lyef,1,hbomatts.bsky.social,brentimus.bsky.social
did:plc:svf67ur2emw3xqjaqdzebh65,did:plc:lk3ligc5pwx7nkv3a5amntsn,1,javabourne.bsky.social,will-z-stats.bsky.social
did:plc:svfqlhwucf3grzhzbz5cmfsr,did:plc:2i2l6t4uh4y7vahpn7hiqx3f,1,attil22.bsky.social,iztokfranko.bsky.social
did:plc:svgeq4vndcr52d7r4xf53n7c,did:plc:wzpgt6z5dcqldirvcapkpm6w,1,luftkraftpikk.bsky.social,zenakeita.bsky.social
did:plc:svnjtwysdrkh62ov7id3ublm,did:plc:cmbfgddrx6ryytozlpbmp54t,1,docmad.bsky.social,sixersnba.bsky.social
did:plc:svnjtwysdrkh62ov7id3ublm,did:plc:zfxkhiy2lyomncn3lykkwzi7,4,docmad.bsky.social,austinkrell.bsky.social
did:plc:swd2at2vpsxot5hy2bld6em4,did:plc:2emupgm6taztttxwrjk4qk22,1,zach-anderson.bsky.social,1robgunther.bsky.social
did:plc:swf6bbqk2p7p42h4tqt6jlrf,did:plc:6t6vdkdtsu2ktffzdydkymey,1,collinyourbs.bsky.social,goodifitgoes.bsky.social
did:plc:swmny26bjy33rlvssd2ss5td,did:plc:pe7vfrw45japmwredwwxd26z,1,liveadnews.bsky.social,chasmkona.bsky.social
did:plc:swnb3gtkcmrlt6jxii74hz2f,did:plc:b2kutgxqlltwc6lhs724cfwr,2,mg1007.bsky.social,theathletic.com
did:plc:swwkj2h45rd2j7f6j7enn6gl,did:plc:hf7ezrajxadu7v3tzcyij424,1,wthr-mike.bsky.social,parkermolloy.com
did:plc:swyp6rpv24vvdzpiucf3765i,did:plc:cve7yepwg5yidccl2bh4bhaj,1,calder12.bsky.social,itsnothardev.bsky.social
did:plc:swyp6rpv24vvdzpiucf3765i,did:plc:oafswsuam3nnnl5j5eoqnisl,1,calder12.bsky.social,augustburnsroy.bsky.social
did:plc:swyp6rpv24vvdzpiucf3765i,did:plc:qq34koonfsjed54ix3ezvzpe,4,calder12.bsky.social,stephenburtch.bsky.social
did:plc:sxmtovmbnf5tfjiyq5ewqoex,did:plc:7e66jxi3x3js5ivn3yiy5e2e,1,fzypchz.bsky.social,apprecihate.bsky.social
did:plc:sxmtovmbnf5tfjiyq5ewqoex,did:plc:b2kutgxqlltwc6lhs724cfwr,1,fzypchz.bsky.social,theathletic.com
did:plc:sxmtovmbnf5tfjiyq5ewqoex,did:plc:kwlvdsth3xvfq7rmtm22ch45,1,fzypchz.bsky.social,roguestardust.bsky.social
did:plc:sxmtovmbnf5tfjiyq5ewqoex,did:plc:nspqsv2dplvzqmxnpu5ysucy,1,fzypchz.bsky.social,letsberational.bsky.social
did:plc:sxmtovmbnf5tfjiyq5ewqoex,did:plc:o44g3xneaa377jivwf5n5p36,2,fzypchz.bsky.social,gregburton.bsky.social
did:plc:sxqmtj2mpdmurwyb7gohwdgb,did:plc:6j3vkdlplakae7opya3cgcmz,1,withmorewit.bsky.social,makenomisteak.bsky.social
did:plc:sxqmtj2mpdmurwyb7gohwdgb,did:plc:c24xindkdmz3zmmylxhnyw5p,1,withmorewit.bsky.social,timfaklis.bsky.social
did:plc:sxqmtj2mpdmurwyb7gohwdgb,did:plc:dp4almqa43t6o6x5besyb6ej,2,withmorewit.bsky.social,mikebeight.bsky.social
did:plc:sxqmtj2mpdmurwyb7gohwdgb,did:plc:mfmr2gsrnzgtwofkkbybyk74,1,withmorewit.bsky.social,sullivanjeff.bsky.social
did:plc:sxqmtj2mpdmurwyb7gohwdgb,did:plc:ofc2wjhhi2r63yf2vdh5bu7e,1,withmorewit.bsky.social,eyetwitch.bsky.social
did:plc:sxqmtj2mpdmurwyb7gohwdgb,did:plc:qp2euaejo6bbhfjufdoxadnh,2,withmorewit.bsky.social,thefallon.bsky.social
did:plc:syh35gavsteoxru5h3yytt5v,did:plc:6435lftcmpvxasbkrtsw22i7,1,arjunbhattac.bsky.social,mcnees.bsky.social
did:plc:syltbvhjl4ovfvqawv25ihlm,did:plc:7dlhmih6zwcpsu3e54yykpvp,1,bourbon-meyer.bsky.social,kofie.bsky.social
did:plc:sypvr4hor2cjqk2vvpx6tctn,did:plc:whmaanyzmvssk6s6r66qryaq,1,nicspalate.bsky.social,breadbae.blacksky.app
did:plc:sz6xvgdyxhguwhh5hohrkyi5,did:plc:t4i3a4fawuzge3dsw2i2h2fw,1,joannadtaco.bsky.social,markjacob.bsky.social
did:plc:szc7s5sdl7wjlamm7ace7qnl,did:plc:3miydopadtxcap5d5dq7sydf,1,misterz03.bsky.social,madoccassia.bsky.social
did:plc:szcmcvejrxaaljsvxk7kbs7i,did:plc:qqdqgzpqwyho4cxzso62m54q,1,noisybrooklyn1.bsky.social,juliedicaro.bsky.social
did:plc:szik3jlbr6egrx7sbw27jz5x,did:plc:nkujivxyqdtzc3nc37z6vigj,1,oyveidt.bsky.social,economynewsus.bsky.social
did:plc:szk7hfpvkd27zxo4jaqdnm2m,did:plc:ozrhqae34vzv6mso2hsym65i,1,blicky1.bsky.social,omarisankofa.bsky.social
did:plc:szlofwf5sbw3ow7uufhrg4da,did:plc:6beluo5xgn65lmsf6x6xqq6x,1,deekle68.bsky.social,billoram.bsky.social
did:plc:szr5z3fvlqpwc2pil2i5brb2,did:plc:2osm6ol3lmsq3lbrhiyjfpu7,1,imsarahnow.bsky.social,kiraculous.net
did:plc:szr5z3fvlqpwc2pil2i5brb2,did:plc:u5jfkwcnbcwwtv3osxx2yzrj,2,imsarahnow.bsky.social,sarahxelizvbeth.bsky.social
did:plc:t23vdgskwp7pjycectjykh3u,did:plc:k6jgbx7wc657rq2tzziyxhti,2,muerdemetu.bsky.social,tediosa-miss.bsky.social
did:plc:t24wfksfkzur23gxyxvvenla,did:plc:dz7swnlgzjnxehyud3654vqd,1,patricksaxton.bsky.social,janecoaston.bsky.social
did:plc:t24wfksfkzur23gxyxvvenla,did:plc:vvusi4gbo5oiihgdgxdepbcp,1,patricksaxton.bsky.social,sjkamin.bsky.social
did:plc:t253pqf22arlgqwnmwy5xkns,did:plc:sa73fbx3vxzh2fw5pu5wmief,1,parasocialista.bsky.social,shamsbot.bsky.social
did:plc:t2fku3qhid2zf6f65zwlscu3,did:plc:ibyiiq55dxyj6uufvr2hevpg,1,perkustooth.bsky.social,styers.bsky.social
did:plc:t2fku3qhid2zf6f65zwlscu3,did:plc:odfqrlx5qtjfl5troxykqd5c,1,perkustooth.bsky.social,dwillis.bsky.social
did:plc:t2fku3qhid2zf6f65zwlscu3,did:plc:ponvvddpu4bnzaxpc6uthfpc,1,perkustooth.bsky.social,riverboatchris.bsky.social
did:plc:t2fku3qhid2zf6f65zwlscu3,did:plc:uycwm6qchm6zffatz5zlhlyd,2,perkustooth.bsky.social,joshuatanzer.bsky.social
did:plc:t2fsgbhi2smivsi4nkfz332v,did:plc:efktoi7qah3byyvuygczxjls,1,gsess.bsky.social,vivekmjacob.bsky.social
did:plc:t2fsgbhi2smivsi4nkfz332v,did:plc:rjwwg7e2ervlmmrusjlxwyr6,2,gsess.bsky.social,dhackett1565.bsky.social
did:plc:t2rul4vbiues4n2ou63kd5t3,did:plc:a2526nnbq5bfotp5pptoyvdh,1,davidmanque.bsky.social,jjdotbiz.bsky.social
did:plc:t2yu5uipmf5v6i73ksdc6zoh,did:plc:hf7ezrajxadu7v3tzcyij424,1,yeeterpopoff.bsky.social,parkermolloy.com
did:plc:t3jtdhumllz6euk5sd6bqchz,did:plc:jaq7276xjkaiueg7wgursiqq,1,edosky.bsky.social,mylo.bsky.social
did:plc:t3k3ngh34buqimtjjjhtu2xz,did:plc:5dwbpojkp6wykwcafasvwroi,1,johngpettus.bsky.social,daltonjohnson.bsky.social
did:plc:t3k3ngh34buqimtjjjhtu2xz,did:plc:6aruq2to5dssyoqwmt5v3rvu,2,johngpettus.bsky.social,courtneyfox1.bsky.social
did:plc:t3k3ngh34buqimtjjjhtu2xz,did:plc:sa73fbx3vxzh2fw5pu5wmief,2,johngpettus.bsky.social,shamsbot.bsky.social
did:plc:t3rejuk6lgttz44ulfxzvy3g,did:plc:vm3iepy54hjyq3tnrnc5xje4,1,pulhitzherprize.bsky.social,rogersparkman.bsky.social
did:plc:t4hxhxqyioobjim3t6u6dc4r,did:plc:bszbwdmcm3czlabs67kq4ouk,3,drewunga.bsky.social,metallungies.bsky.social
did:plc:t4hxhxqyioobjim3t6u6dc4r,did:plc:gtmcz53ywsepweilh2t3vrtl,1,drewunga.bsky.social,ejcabasal.bsky.social
did:plc:t54634txoz4qmmjrgogessur,did:plc:qqdilgtbxipva7e6bm5cgpws,1,patchrick.bsky.social,thirdmanmovies.bsky.social
did:plc:t54zn4dceyod2oevi2cxunvg,did:plc:v3ibi4s72mwzzuwwy5tv77pq,1,chriscardsfan.bsky.social,daynperry.bsky.social
did:plc:t56sypakeifzmzszxula4rlz,did:plc:hf7ezrajxadu7v3tzcyij424,1,mattlacks.bsky.social,parkermolloy.com
did:plc:t576g5mn7ilsujuxf7uayctq,did:plc:rj2ozuwehk3aayv7kpdyfau6,1,xalbador.bsky.social,alvaroescsis.bsky.social
did:plc:t5faw7g24ymod7eveckczj3r,did:plc:sa73fbx3vxzh2fw5pu5wmief,1,drewbacca35.bsky.social,shamsbot.bsky.social
did:plc:t5ovs2s26h5wsypd6s7h5kga,did:plc:kfs7jzwvi7fdopvoq74dmwta,1,marcmalon2.bsky.social,williamadler78.bsky.social
did:plc:t5q7g3zdqnbgeatpk356yphk,did:plc:sa73fbx3vxzh2fw5pu5wmief,1,bigezzzy.bsky.social,shamsbot.bsky.social
did:plc:t6ir6tophcozpmz2d74slsx4,did:plc:6beluo5xgn65lmsf6x6xqq6x,2,brandonmullen.bsky.social,billoram.bsky.social
did:plc:t6ir6tophcozpmz2d74slsx4,did:plc:l4l3tzs2t7qrvgdqdvbrgzol,1,brandonmullen.bsky.social,blazersunitracker.bsky.social
did:plc:t6rsaf6ze5uk7q2ojbyj4tzy,did:plc:fumrmvxo2jeoaugtpjskt35d,3,blejamichal.mastodon.social.ap.brid.gy,scentric.101010.pl.ap.brid.gy
did:plc:t6sdxsd7apo3b2mpkv6rrbdz,did:plc:4iclhmqdbyjswkstf6koflgk,1,pophouse.bsky.social,exitsouth.bsky.social
did:plc:t6x6ac5jmyjivyg6oy3mxp3w,did:plc:sa73fbx3vxzh2fw5pu5wmief,1,adampapageorgiou.bsky.social,shamsbot.bsky.social
did:plc:t6yoidjtsssswjxw7lt4f46v,did:plc:fgpyya4en5thfmi6usrr3kvv,1,andydport.bsky.social,jasonkirk.fyi
did:plc:t7ffmvn5o5mmbif4x4vi46fo,did:plc:33yuttg43domt6gyddetilkn,1,walkerhilton.bsky.social,nodunks.com
did:plc:t7ffmvn5o5mmbif4x4vi46fo,did:plc:hf7ezrajxadu7v3tzcyij424,1,walkerhilton.bsky.social,parkermolloy.com
did:plc:t7hkemnjo5edgu2s3yf62ysc,did:plc:luofuy2uw7g4vsd2vbwidtel,1,eastbayaye.bsky.social,keithsmithnba.bsky.social
did:plc:t7lztlgjuikbvv2oa52kilzw,did:plc:nztbvvo2gl4227zuxjf7gog3,1,biueskies.bsky.social,ddayen.bsky.social
did:plc:taks3zrsv2voclt6oj2o2cip,did:plc:2jprfvpdny5oxnqyjs2jijzm,1,warrior-nuns.bsky.social,spencito.bsky.social
did:plc:talmoxwt3cbzsk6q4tjkc2cg,did:plc:luofuy2uw7g4vsd2vbwidtel,1,prss13.bsky.social,keithsmithnba.bsky.social
did:plc:tamlxskegf74id7y3j4wmbp2,did:plc:7o536llvslh7ds4ofcx7xl63,1,proudacadian.bsky.social,chriswalker1964.bsky.social
did:plc:taumtue3ha42wu6lu3bac3hp,did:plc:53c6iilzqmigkgryx3bsbye3,1,fullyautomatedluxury.com,bronzeagebabies.bsky.social
did:plc:tawlifj75zny4yi5s7frfdcc,did:plc:t4i3a4fawuzge3dsw2i2h2fw,1,footscray61.bsky.social,markjacob.bsky.social
did:plc:tb37uiavs7kjum4n4g5yvtjr,did:plc:7o235zoinswgbgfo7tyb3rek,2,rahulastrohl.bsky.social,jacki.bsky.social
did:plc:tb37uiavs7kjum4n4g5yvtjr,did:plc:n3mr2ncepa2srs3ek5zai3fg,3,rahulastrohl.bsky.social,shawnfoss.bsky.social
did:plc:tb4afcezemqghwboih4vxlfb,did:plc:bmnx52xcridd33r4ebn6ifzm,1,la-33.bsky.social,nicolastscr.bsky.social
did:plc:tb4afcezemqghwboih4vxlfb,did:plc:rd3xjqinklzohadsvnwyuui3,1,la-33.bsky.social,yoleo.bsky.social
did:plc:tb4afcezemqghwboih4vxlfb,did:plc:s2ibun2lfcftexxcqsr4ryce,1,la-33.bsky.social,michaelvpina.bsky.social
did:plc:tb4afcezemqghwboih4vxlfb,did:plc:st7tvfpjplh3pecj3ahabprr,1,la-33.bsky.social,joemoreland.bsky.social
did:plc:tb63c254oo4mmlo7w56rvpsd,did:plc:fqsmj7o5mbb7n7oav2kkjuid,2,muddlehead.bsky.social,nbastat.bsky.social
did:plc:tbqj2oq3cfkf72weknsrc45y,did:plc:ph4u7fikda3oqy6dwdtskq3k,2,robwithoneb.bsky.social,booksandbows.bsky.social
did:plc:tbqzwnoqjoynggqaqnfazx2d,did:plc:b2kutgxqlltwc6lhs724cfwr,1,mailman28.bsky.social,theathletic.com
did:plc:tbuukekvdrjxns4otrssaavl,did:plc:4g2vccldhioj52mkhv3fekas,1,jakewaltersbets.bsky.social,nicholasb98.bsky.social
did:plc:tbuukekvdrjxns4otrssaavl,did:plc:7sfnardo5xxznxc6esxc5ooe,2,jakewaltersbets.bsky.social,nba.com
did:plc:tbuukekvdrjxns4otrssaavl,did:plc:i4ybqyma3vzqnkbgkubado5r,1,jakewaltersbets.bsky.social,edgesports.bsky.social
did:plc:tbxb5awgq7iz7wexx4knfzql,did:plc:6xavmse54akxck7wlul3k5d5,1,hammer59.bsky.social,fiveburger.bsky.social
did:plc:tbxb5awgq7iz7wexx4knfzql,did:plc:7uahugigvixjvxd5s2hidpad,1,hammer59.bsky.social,tonyreast.bsky.social
did:plc:tbxb5awgq7iz7wexx4knfzql,did:plc:aybotarrzwf3by4mhvtzyk5b,1,hammer59.bsky.social,benschleuss.bsky.social
did:plc:tbxb5awgq7iz7wexx4knfzql,did:plc:mugjc6wbc2b42mssogknbji4,1,hammer59.bsky.social,bwyld89.bsky.social
did:plc:tbxb5awgq7iz7wexx4knfzql,did:plc:omy7oy6uzqqsyatgdawskmh2,2,hammer59.bsky.social,nicklewis37.bsky.social
did:plc:tc2anabv6g6chdi56n5jkbwy,did:plc:tw77ipw5w2xwv3hzc6mrljsf,1,nuclearwombat.bsky.social,lukeknox.me
did:plc:tc4uqyfz3w2f6nicbnwaatjq,did:plc:6nhwsjr2e7g2b5fnaaiqu37h,4,yorush.threads.net.ap.brid.gy,notakshat.threads.net.ap.brid.gy
did:plc:tceporr2hgnsph6ea3veqnp5,did:plc:4v4a4j2y42ewm3wv6y3bifmq,2,llcoolray.bsky.social,threesteaksmafia.bsky.social
did:plc:tceporr2hgnsph6ea3veqnp5,did:plc:luofuy2uw7g4vsd2vbwidtel,1,llcoolray.bsky.social,keithsmithnba.bsky.social
did:plc:tceporr2hgnsph6ea3veqnp5,did:plc:lxicgzndy5flqlp6wlutv4u5,3,llcoolray.bsky.social,oldkingsfan.bsky.social
did:plc:tceporr2hgnsph6ea3veqnp5,did:plc:tlf5hilbsn7vlw3rzunbzvw3,2,llcoolray.bsky.social,fredsmith.bsky.social
did:plc:tceporr2hgnsph6ea3veqnp5,did:plc:urtzlgohgpyod45hftk3tzne,2,llcoolray.bsky.social,lotusprime.bsky.social
did:plc:tceporr2hgnsph6ea3veqnp5,did:plc:v2tljcu7j5dtf2gapcvzrvby,1,llcoolray.bsky.social,ltrain5.bsky.social
did:plc:tceporr2hgnsph6ea3veqnp5,did:plc:yvxgr32ufo75afd5qyoouxfc,1,llcoolray.bsky.social,shredberg.bsky.social
did:plc:tcm5byqizagmt3xpv44w6g2o,did:plc:pa3jceitipxtdlvittz2pdgv,2,patch45.bsky.social,thortschmann.bsky.social
did:plc:tcr2s4nx2jqusp4pl4kui6xe,did:plc:22fudzaxnal4ddodzv2o6mwk,1,alfiecharlietx.bsky.social,jmcdonaldsa.bsky.social
did:plc:tcxe3msgjrcwhglictxri6vq,did:plc:jshqxd76jx7q4kiwit3agj2s,1,imwintersmom.bsky.social,struggalo.bsky.social
did:plc:td5uhpf7o6lmrkhm6c75gqu4,did:plc:26375peygwnrijoepmy2fdcs,1,kpantsvp.bsky.social,washingtonstatestandard.com
did:plc:td5uhpf7o6lmrkhm6c75gqu4,did:plc:abenmoexfzllcswmvef5y5vp,2,kpantsvp.bsky.social,leahbh.bsky.social
did:plc:tebu5urp47y5p7b7s7ruhpmq,did:plc:6jpqgc6d4tplxcioxuh7khmr,1,adamfviv.bsky.social,jimowczarski.bsky.social
did:plc:tebu5urp47y5p7b7s7ruhpmq,did:plc:b6v54l7vnitivlnyqekh47xd,1,adamfviv.bsky.social,tiwindisch.gspn.info
did:plc:teslcgtcvmtvi3om7sxboxwk,did:plc:zcjj7vf2xqegs7wsfs6ucr63,1,seanhaspel.bsky.social,problematicotter.bsky.social
did:plc:tfpssovy4db6fmvschveeyzb,did:plc:sqfneztmrppffi4jambf7i56,3,snakeroot.bsky.social,captainacab.airbud.website
did:plc:tg6ffr23khkm6gu5xiq727fh,did:plc:dmoess6jgti7b3khcl4dafsz,1,yotemcyoteface.bsky.social,brendandavey.bsky.social
did:plc:tg7ecxzkzob4dg4ebcsshail,did:plc:wdcfu747ve7jannqbwz2vloq,2,squirrelygirl.bsky.social,brokensymmetry.art
did:plc:tg7vhtqnsayepvxtk4hhereb,did:plc:cyflytcyyyhawlrnnwiv25nd,1,crabwagoon.bsky.social,btoporek.bsky.social
did:plc:tgbcpyxwjxb4ttbf24n5dbyf,did:plc:7sfnardo5xxznxc6esxc5ooe,1,jcbrul.bsky.social,nba.com
did:plc:tgd5fqgz2ivxphgui2x564cw,did:plc:3saw24bvzgz5pnpvwqtfmqls,1,therealestjmark.bsky.social,letthemsparkle.bsky.social
did:plc:tgd5fqgz2ivxphgui2x564cw,did:plc:5wrb75vxgatuiw7xcuxfcib4,2,therealestjmark.bsky.social,bobbysegs.bsky.social
did:plc:tgd5fqgz2ivxphgui2x564cw,did:plc:c3ssnfiy2ujooisceybxyatc,3,therealestjmark.bsky.social,kyleaclark.bsky.social
did:plc:tgd5fqgz2ivxphgui2x564cw,did:plc:i2kcin3hpvlh3kky4vkxutjl,1,therealestjmark.bsky.social,jimreedy.bsky.social
did:plc:tgd5fqgz2ivxphgui2x564cw,did:plc:idifviortq7ein242dx32diz,2,therealestjmark.bsky.social,kris.com.co
did:plc:tgd5fqgz2ivxphgui2x564cw,did:plc:luofuy2uw7g4vsd2vbwidtel,1,therealestjmark.bsky.social,keithsmithnba.bsky.social
did:plc:tgd5fqgz2ivxphgui2x564cw,did:plc:s2ibun2lfcftexxcqsr4ryce,1,therealestjmark.bsky.social,michaelvpina.bsky.social
did:plc:tgd5fqgz2ivxphgui2x564cw,did:plc:tozp2vuynh75ukf44tpeqanm,3,therealestjmark.bsky.social,nbasketball.bsky.social
did:plc:tgd5fqgz2ivxphgui2x564cw,did:plc:uoumz6fjlsral6odboplm2sd,1,therealestjmark.bsky.social,susieb.bsky.social
did:plc:tgfpwqmiqf7buprfoyhespib,did:plc:vnqy25nt5jqtskfieukwmzbm,1,graysnaps.bsky.social,dloitz.bsky.social
did:plc:tgfpwqmiqf7buprfoyhespib,did:plc:wc2b4lfz2txevsii3tlhj2uv,1,graysnaps.bsky.social,keencommander.bsky.social
did:plc:tgfpwqmiqf7buprfoyhespib,did:plc:xzgl4d7idghxny23mfmvnm2k,1,graysnaps.bsky.social,broadfawn.bsky.social
did:plc:tghetbbd4ywulspz4mxrttec,did:plc:vqtakzi5bityrtbjj4cfan4l,1,bucklam66.bsky.social,bubbaprog.xyz
did:plc:tgizvfwtri5npzhhs7g72tvo,did:plc:35uepw63tghwbewxhzyemxfx,1,leighellis.bsky.social,gourmetspud.bsky.social
did:plc:tglbyr36qn4z7ia2omlc56ib,did:plc:2ufp6rz3xoexzw7s3dgfnbbt,1,kompa101.bsky.social,meninblazers.bsky.social
did:plc:tgmcpbkmb6epomhnzlg7jxc6,did:plc:2h5oj7dfciesiknuazc3s3mo,1,garrettatwork.bsky.social,usatoday.com
did:plc:tgmcpbkmb6epomhnzlg7jxc6,did:plc:7sfnardo5xxznxc6esxc5ooe,1,garrettatwork.bsky.social,nba.com
did:plc:tgsrhxdive6al3cgfd6ovgpo,did:plc:tw77ipw5w2xwv3hzc6mrljsf,1,sbagley.bsky.social,lukeknox.me
did:plc:tgw3d4hvw3x5ijrxax7lg26u,did:plc:ifyxesdcjo7arrw6gpixlokc,2,nkalamb.bsky.social,bobsyouruncle.bsky.social
did:plc:tgyuyhrxbxsh3inbez4i4sx7,did:plc:6ck6t5wybhxfsq4ghe5ju7ww,1,collegehoopstop50.bsky.social,morrisoncrying.bsky.social
did:plc:thetw5mbjmg6o6524qbiifna,did:plc:yoc6ycp4cwu2zymrikyr7jvb,2,kalgatron.bsky.social,luluroche.bsky.social
did:plc:thqn6rootxxpfgrsytd4ajrf,did:plc:2mxadfg4ck5lwlur64dsvan7,5,uncledirk.bsky.social,brenda2026.bsky.social
did:plc:thqn6rootxxpfgrsytd4ajrf,did:plc:3jbgblosjrq7bu7g2kahupqo,1,uncledirk.bsky.social,wax80.bsky.social
did:plc:thqn6rootxxpfgrsytd4ajrf,did:plc:66sspwqqklrukciv2cpgpt3d,1,uncledirk.bsky.social,atlanta-6.bsky.social
did:plc:thqn6rootxxpfgrsytd4ajrf,did:plc:7i2h7y7tueoqzjyngdzgds7s,1,uncledirk.bsky.social,thenbacentel-m.bsky.social
did:plc:thqn6rootxxpfgrsytd4ajrf,did:plc:gqgnr2obuwossobfnxw5xnxg,2,uncledirk.bsky.social,hoopsanalyst.bsky.social
did:plc:thqn6rootxxpfgrsytd4ajrf,did:plc:nk756gkpj52ryc6gaorkvctp,1,uncledirk.bsky.social,nbacobwebs.bsky.social
did:plc:thqn6rootxxpfgrsytd4ajrf,did:plc:skeutjl34ivrsa7pbj35pnuo,1,uncledirk.bsky.social,streethistory.bsky.social
did:plc:thx2dusfwykv5k2ph2mcqr5g,did:plc:soavqzdngz77gr7zerunusbm,1,johninthegarden.bsky.social,badger-in-mn.bsky.social
did:plc:ticz46or3zlwb4nrflnq2no3,did:plc:7kiebpr4nei4adwogfteigvy,1,xavier-perez.bsky.social,rememberthatguy.bsky.social
did:plc:tiim5abn5z26c7xtyfi6q65q,did:plc:3c2tjqygprf2s6km3caba5eg,1,johnmason.bsky.social,sobsax.bsky.social
did:plc:tikddq57a4n5hcmwf4qau4cw,did:plc:2mxadfg4ck5lwlur64dsvan7,3,heherenow.bsky.social,brenda2026.bsky.social
did:plc:tikddq57a4n5hcmwf4qau4cw,did:plc:b2kutgxqlltwc6lhs724cfwr,1,heherenow.bsky.social,theathletic.com
did:plc:timiwni3hj3wxgjz3honwdkj,did:plc:hf7ezrajxadu7v3tzcyij424,1,webrant.bsky.social,parkermolloy.com
did:plc:tiqhr2qapdyl7r4w6oo5kdvo,did:plc:4xaad7thmc4uqdhefbq6vizm,1,johnnydulicious.bsky.social,johnbull.wtf
did:plc:tisp66r56nphvvy3fp5k7cam,did:plc:g62tajye723r3fa4gqw7l7ql,1,russ41.bsky.social,pattymo.com
did:plc:tiwx2x4jhfjmblcu5mmm3zox,did:plc:sa73fbx3vxzh2fw5pu5wmief,1,elooto.bsky.social,shamsbot.bsky.social
did:plc:tj6idgv5zsczpgi33h7z4tpu,did:plc:4xburlnyru26gwmkjbbupvre,2,troutgirl.bsky.social,rithykhut.bsky.social
did:plc:tj6idgv5zsczpgi33h7z4tpu,did:plc:4yic4uhq6g2gnxpt5zpiu7cs,1,troutgirl.bsky.social,rogoway.bsky.social
did:plc:tjhz5qti55gpeioz5jgcf2lf,did:plc:pac3yyffe2s6udlooifg2dyl,1,genrando.moe.observer,thekingsherald.bsky.social
did:plc:tk32pf7q6xyremg2u6uj3gzz,did:plc:7sfnardo5xxznxc6esxc5ooe,1,delbertgseasons.bsky.social,nba.com
did:plc:tkcvaejcu6i3revgwcnxwvcw,did:plc:immbpfvfzvgqikhsancg7l6v,2,ricarddo.bsky.social,sk-serge.bsky.social
did:plc:tksydiibcoljsa7dycpk3bkv,did:plc:gt3unljcqhimumy5zgosk3gv,1,zombieparmesan.bsky.social,davidbix.bsky.social
did:plc:tkubwqbm4zugh6yxdr64hgbt,did:plc:b2kutgxqlltwc6lhs724cfwr,1,jadaki.bsky.social,theathletic.com
did:plc:tkuqokzuqucsyh3op43lg5ak,did:plc:yvy5ax23zpmoearxn6xsgqzf,1,ebwebb.bsky.social,btrowland.bsky.social
did:plc:tkwnkzbw36iu6tlhj5zxdfzy,did:plc:qqdqgzpqwyho4cxzso62m54q,1,ethanmenaker.bsky.social,juliedicaro.bsky.social
did:plc:tkwqgcy3gxozyhftdawu7zzy,did:plc:b2kutgxqlltwc6lhs724cfwr,1,tiagosemaga.bsky.social,theathletic.com
did:plc:tl4hxfh3txzcij4vxtakhldy,did:plc:xfy5nragrhqm2cqdef257uxe,1,classicshannon.bsky.social,waltdenver.bsky.social
did:plc:tl6ldv7wwu3a76gghdjwdaqc,did:plc:75w2ihcxl2dbypxznjjobcoj,1,trappedinazorb.bsky.social,pleatsplease.bsky.social
did:plc:tl6ldv7wwu3a76gghdjwdaqc,did:plc:7akuxirbw6xbcaudq3jnlnxk,1,trappedinazorb.bsky.social,danceyrselfdean.bsky.social
did:plc:tl6ldv7wwu3a76gghdjwdaqc,did:plc:7e552aob7ptycz4iygvph3nj,1,trappedinazorb.bsky.social,sohamandcheese.bsky.social
did:plc:tl6ldv7wwu3a76gghdjwdaqc,did:plc:lh64i2yb4nyl4u7ztpmvpufv,1,trappedinazorb.bsky.social,drewpowell123.bsky.social
did:plc:tl7zik52r2snt66gru24c4w5,did:plc:3xe2iqlcmlpivu7hzddsgsl4,2,budrohlfing.bsky.social,swydan.bsky.social
did:plc:tl7zik52r2snt66gru24c4w5,did:plc:g5ls6rrz7j3qpoxcicwrmcko,1,budrohlfing.bsky.social,oblid.bsky.social
did:plc:tl7zik52r2snt66gru24c4w5,did:plc:iq536cuudlcvpxsfe3nrrbh2,1,budrohlfing.bsky.social,robwgray.bsky.social
did:plc:tl7zik52r2snt66gru24c4w5,did:plc:natglytz2yjptlzsrl7r656m,3,budrohlfing.bsky.social,tomwesterholm.bsky.social
did:plc:tlf5hilbsn7vlw3rzunbzvw3,did:plc:pqjcxw3yphmvjaq7dzw2jnat,2,fredsmith.bsky.social,richhomieflom.bsky.social
did:plc:tlf5hilbsn7vlw3rzunbzvw3,did:plc:rmidzitxt6myxivb6ygllhl7,1,fredsmith.bsky.social,bswest5.bsky.social
did:plc:tlf5hilbsn7vlw3rzunbzvw3,did:plc:tceporr2hgnsph6ea3veqnp5,1,fredsmith.bsky.social,llcoolray.bsky.social
did:plc:tlf5hilbsn7vlw3rzunbzvw3,did:plc:urtzlgohgpyod45hftk3tzne,1,fredsmith.bsky.social,lotusprime.bsky.social
did:plc:tlf5hilbsn7vlw3rzunbzvw3,did:plc:vkscmsai332mec5jpn7yrwou,1,fredsmith.bsky.social,artemromanov.bsky.social
did:plc:tlf5hilbsn7vlw3rzunbzvw3,did:plc:wmrsk3r3oaheriferxt6l2c5,1,fredsmith.bsky.social,boneydanza.bsky.social
did:plc:tlf5hilbsn7vlw3rzunbzvw3,did:plc:yvxgr32ufo75afd5qyoouxfc,5,fredsmith.bsky.social,shredberg.bsky.social
did:plc:tlfkuaxfmbunmwdvetlvh6cf,did:plc:b2kutgxqlltwc6lhs724cfwr,1,manishgnk.bsky.social,theathletic.com
did:plc:tlhpadg6cgjkvwxt24woaz25,did:plc:7xgnlwciebszs7oaakgkwwln,1,naglebagel.bsky.social,thebyronmichael.bsky.social
did:plc:tlhpadg6cgjkvwxt24woaz25,did:plc:ibpqq5aemtuhcn3c3xowdl2v,1,naglebagel.bsky.social,oatsdad.bsky.social
did:plc:tln2sf7bem4f6rnbab5t4d4i,did:plc:gt3unljcqhimumy5zgosk3gv,1,duddyzomg.bsky.social,davidbix.bsky.social
did:plc:tln4j33eldzt3tids6n6whe6,did:plc:ohgtlharvpqu6wojus3n5fqd,1,philtyckoski.bsky.social,vlime286.bsky.social
did:plc:tln4j33eldzt3tids6n6whe6,did:plc:srnkqtcpptdtesojmwbgoek2,1,philtyckoski.bsky.social,rodger.bsky.social
did:plc:tltkoigrthr6rinpq7zwb6dy,did:plc:eovgswzzio4fdnrejyxr3kfa,2,carlos-psita.bsky.social,shrimpfriedman.bsky.social
did:plc:tmdqw5xfn3vaziphphhk7pal,did:plc:t4i3a4fawuzge3dsw2i2h2fw,1,mynameisdolph.bsky.social,markjacob.bsky.social
did:plc:tmqzpdkfu23l2af7pj3tgxqm,did:plc:6z5ukven6blrpxpqda4az7wq,1,adamkuphaldt.bsky.social,tallskinnyben.bsky.social
did:plc:tmvksreq2lpyg6b6gyz7fqsz,did:plc:4md3rkqkr6m6ifmggsbz6nde,1,ontopic.bsky.social,nbabeau.bsky.social
did:plc:tne6d463w7av3ruhurbjw2g4,did:plc:7wed5kvjnucpe7ipro2jg2bw,1,bostonianindc.bsky.social,spider247.bsky.social
did:plc:tne6d463w7av3ruhurbjw2g4,did:plc:f5vknjyo6v6ctlf7hernwc3q,1,bostonianindc.bsky.social,mrsceltics.bsky.social
did:plc:tne6d463w7av3ruhurbjw2g4,did:plc:so4jwkzhaqhagl2mdwgfaraa,1,bostonianindc.bsky.social,robd29.bsky.social
did:plc:tne6d463w7av3ruhurbjw2g4,did:plc:y3dvjnlgnytjs5p6h7b33y6f,1,bostonianindc.bsky.social,bostonjerry.bsky.social
did:plc:tne6d463w7av3ruhurbjw2g4,did:plc:yhuw4za5cbuqupk53ryhixmr,2,bostonianindc.bsky.social,redroundball.bsky.social
did:plc:to4hcmxtyrzdvgbwl7yim443,did:plc:immbpfvfzvgqikhsancg7l6v,1,victormarinho1978.bsky.social,sk-serge.bsky.social
did:plc:to665uwtrz6uuvcw7n6v6zho,did:plc:ptilbtx2nhrcmippqh7salyj,1,nickalps.bsky.social,lzamparo.bsky.social
did:plc:to6iqleihf6zwcrwficflpvt,did:plc:sa73fbx3vxzh2fw5pu5wmief,1,scikeefe.bsky.social,shamsbot.bsky.social
did:plc:to75kl45dtcjek2vabs3vr3j,did:plc:e3ktrbooe3mildj4hhwhsvtc,1,derekopp.bsky.social,mikeascotto.bsky.social
did:plc:to75kl45dtcjek2vabs3vr3j,did:plc:sa73fbx3vxzh2fw5pu5wmief,2,derekopp.bsky.social,shamsbot.bsky.social
did:plc:toioao64hs4jwk3vulcjnfng,did:plc:vypepewgdr5ae37qyh4ui5as,1,jontayler.bsky.social,russbengtson.bsky.social
did:plc:towfnmtcs7kqjvumdcb6wxcr,did:plc:2fil3vrrymlpa5uspsfgo37i,1,riteofshiva.bsky.social,justinanumudu.bsky.social
did:plc:tozp2vuynh75ukf44tpeqanm,did:plc:hqrpav4bwt4zphlck4or73dg,1,nbasketball.bsky.social,mikedynon.bsky.social
did:plc:tozp2vuynh75ukf44tpeqanm,did:plc:luofuy2uw7g4vsd2vbwidtel,1,nbasketball.bsky.social,keithsmithnba.bsky.social
did:plc:tozp2vuynh75ukf44tpeqanm,did:plc:ov3ixpbcdxxd4ueau3slthet,1,nbasketball.bsky.social,joelvideo.producer.blue
did:plc:tozp2vuynh75ukf44tpeqanm,did:plc:paf4vetn26bu7uggsie3vyrc,1,nbasketball.bsky.social,lawmurraythenu.bsky.social
did:plc:tozp2vuynh75ukf44tpeqanm,did:plc:tgd5fqgz2ivxphgui2x564cw,2,nbasketball.bsky.social,therealestjmark.bsky.social
did:plc:tozyyq5gujzpslnuty4raq7y,did:plc:sa73fbx3vxzh2fw5pu5wmief,1,russdanielnc.bsky.social,shamsbot.bsky.social
did:plc:tp4m53yg7zrqrub5dkmkapjg,did:plc:uou2m57cuqqxhl4fdajkovco,1,chrishatfield.bsky.social,milanasanovic.bsky.social
did:plc:tpdbdajy2gjfabgtc65hfuf3,did:plc:bnfrdyy72qmydfh63q3sfjxh,1,anakanaschofield.bsky.social,lemonemoji.bsky.social
did:plc:tqgq72dikzoej2nilprdok6y,did:plc:2z4tsx66ojfmi3vj5gfya5ib,1,mattburdetsky.bsky.social,martyvburen.bsky.social
did:plc:tql2q7zkrlvtjd7tekn35lvm,did:plc:oz6bkpnskcieebyvfstd4asb,1,boldslugger.com,baumann.bsky.social
did:plc:tqrjxnijpfnh4m6vjmfh5kj5,did:plc:yvy5ax23zpmoearxn6xsgqzf,1,pdonsky.bsky.social,btrowland.bsky.social
did:plc:trqqcu6a3xwkmserqrohveu5,did:plc:r667rqazxfur6la5i7o32vml,1,hunterw.bsky.social,jackmoli.bsky.social
did:plc:trre3uztmlz2katbmgxktd4o,did:plc:udj5sty2gbhfb4yisnkxd3aq,1,basketofadorable.bsky.social,russohockey.bsky.social
did:plc:tsehlcpadmu5bpaxnh5qbxsa,did:plc:4xpj3xjxsxxcuh3ghaulzdqu,1,phillptwist66.bsky.social,yourmandevine.bsky.social
did:plc:tsiwbo7btl2z53zfzju5gyax,did:plc:6q4ejkm5yoqucqfo65iqmerg,1,kjc65.bsky.social,markagee.bsky.social
did:plc:tsqgedpnxpdajtveutfdm2m4,did:plc:jhqb3zo6rlrg4wc4xdp7i3yj,1,lickmeimacid.bsky.social,phishsonian.bsky.social
did:plc:tsqgedpnxpdajtveutfdm2m4,did:plc:mzpyicefyv6olrsxthlot7cb,2,lickmeimacid.bsky.social,flyingwalruss.bsky.social
did:plc:tt3gzj3vafg76oov3wpyw5np,did:plc:vq47dnnhpwl2jir45t2vd76i,1,thementalystone.bsky.social,jimmyfk.bsky.social
did:plc:tu3qjfrnwarsypmclgz55enu,did:plc:6zpx4oaqtw6muwucqze25kdq,1,kcsurles13.bsky.social,batterypower.bsky.social
did:plc:tuezgllkro3n37ymvm6f3gta,did:plc:6dncpukanyxmwxedso4iysui,1,moonbar.bsky.social,cumtown20.bsky.social
did:plc:tuezgllkro3n37ymvm6f3gta,did:plc:gyqkmuwdxmdtogtqdbnz6gwp,1,moonbar.bsky.social,gfunksupreme.bsky.social
did:plc:tuezgllkro3n37ymvm6f3gta,did:plc:kazgwkgrncckkstazuh3odek,3,moonbar.bsky.social,quadoooo.bsky.social
did:plc:tuezgllkro3n37ymvm6f3gta,did:plc:m7kndhend6oqbzekjnghqwnz,1,moonbar.bsky.social,incognito420.bsky.social
did:plc:tuezgllkro3n37ymvm6f3gta,did:plc:sa73fbx3vxzh2fw5pu5wmief,4,moonbar.bsky.social,shamsbot.bsky.social
did:plc:tuncch5rvf3kwbthk62zgdke,did:plc:zpi2h7jv3e73g7yvkluhtivk,1,lennon-s.bsky.social,jillian-kate714.bsky.social
did:plc:tuqjelvfocqokccaxpbzosl7,did:plc:voi77qylhek7naxz3ajghrls,1,bkharmony.bsky.social,miketaddow.bsky.social
did:plc:tusj43dz56pmhimprvkgyf6k,did:plc:6elkozr74dmgtebnjmwcre7e,1,petergarnry.gesdacapital.com,midgardfinance.com
did:plc:tuv4asct35qlung6f4hozrre,did:plc:nk756gkpj52ryc6gaorkvctp,2,vaabdurahmanhassan.bsky.social,nbacobwebs.bsky.social
did:plc:tva2f5kd5butf5li3vfjn4c6,did:plc:voi77qylhek7naxz3ajghrls,1,jellyzedsy.bsky.social,miketaddow.bsky.social
did:plc:tvlmqqpqdahozj6ismw4f646,did:plc:jlloe75k2eegbd555bpr4miz,2,cascadetommy.bsky.social,gabeburgess.bsky.social
did:plc:tvqlwykzbqlpmtqg2tm5pqbj,did:plc:7sfnardo5xxznxc6esxc5ooe,1,rcrotty.bsky.social,nba.com
did:plc:tvqlwykzbqlpmtqg2tm5pqbj,did:plc:nk756gkpj52ryc6gaorkvctp,1,rcrotty.bsky.social,nbacobwebs.bsky.social
did:plc:tvwc6qsitfu5hfkhu6ga4x2a,did:plc:sa73fbx3vxzh2fw5pu5wmief,1,raphofthemany.bsky.social,shamsbot.bsky.social
did:plc:tw43cdik7mb5jcj625hztuof,did:plc:7sfnardo5xxznxc6esxc5ooe,1,sncal24.bsky.social,nba.com
did:plc:tw5bczsxphl5lwwc5axmmviw,did:plc:yojcn4mwd6swycj3bwlo5xpq,1,kcchia80.bsky.social,lethaljorts.bsky.social
did:plc:tw77ipw5w2xwv3hzc6mrljsf,did:plc:pjoyybcfo67s6mnytrqhqdyu,1,lukeknox.me,95sports.bsky.social
did:plc:twazdjty3jm6oomtwtjgw2ya,did:plc:niws4datih6dforyd7y22km4,1,mseans.bsky.social,sfchronicle.com
did:plc:twnch2drro4hipktgynyccaf,did:plc:wdcfu747ve7jannqbwz2vloq,1,ryankbonner.bsky.social,brokensymmetry.art
did:plc:twth7rse4wkrcjtpxxsvofzz,did:plc:ayjx2v7swhwigkl2p7mkb5uc,1,nonoharamalice.uwy.rest,finitexs.bsky.social
did:plc:twth7rse4wkrcjtpxxsvofzz,did:plc:leg5mx74iyu2jpjsg636a7zj,1,nonoharamalice.uwy.rest,suburbanrelapse.yuri.agency
did:plc:txbqvzbeljtgneeql7iajhxo,did:plc:e3ktrbooe3mildj4hhwhsvtc,3,gibbs52.bsky.social,mikeascotto.bsky.social
did:plc:txbqvzbeljtgneeql7iajhxo,did:plc:j24jtz7xkt5ttdsk32mmpkvn,2,gibbs52.bsky.social,johnhollinger.bsky.social
did:plc:txbqvzbeljtgneeql7iajhxo,did:plc:mtyaifw46xppbvcxeo6tl6wf,1,gibbs52.bsky.social,nateduncannba.bsky.social
did:plc:txbqvzbeljtgneeql7iajhxo,did:plc:sa73fbx3vxzh2fw5pu5wmief,1,gibbs52.bsky.social,shamsbot.bsky.social
did:plc:txcruggnwu6sq6337jzzivwv,did:plc:6jpqgc6d4tplxcioxuh7khmr,1,sage-alex.bsky.social,jimowczarski.bsky.social
did:plc:txyzaegibnulp3owody4avte,did:plc:nztbvvo2gl4227zuxjf7gog3,1,eironivek.partyvan.net,ddayen.bsky.social
did:plc:txzobkvgnakv2tjha4jwlqhk,did:plc:wdcfu747ve7jannqbwz2vloq,2,mjstedy.bsky.social,brokensymmetry.art
did:plc:txzobkvgnakv2tjha4jwlqhk,did:plc:wmrsk3r3oaheriferxt6l2c5,2,mjstedy.bsky.social,boneydanza.bsky.social
did:plc:ty7oqfzxt7ouio6oagdktdyj,did:plc:luofuy2uw7g4vsd2vbwidtel,2,ramays.bsky.social,keithsmithnba.bsky.social
did:plc:tyesvyzo24cqtyifcyihqxkk,did:plc:m4mccs7vpjzfljxkjum75h4b,1,killakow.bsky.social,dbauer09.bsky.social
did:plc:tyr7rk3um3evw4uomi57f36p,did:plc:wbpjhdry2la6ozeiqrdmpmms,1,bike4evr.myatproto.social,kpelton.bsky.social
did:plc:tywk52nnjhaluaox4plasp3s,did:plc:b6754hi2xy3rxuq4pbu62jgw,1,clippersdodgers.bsky.social,paulhudrick.bsky.social
did:plc:tywk52nnjhaluaox4plasp3s,did:plc:rih23ns7km23q6q3x6nscs25,1,clippersdodgers.bsky.social,johnnyappleseed.bsky.social
did:plc:tz4sfa7g7w7myslidmabew64,did:plc:dlbppl2kdyccutor3t3jsuan,1,husseman.bsky.social,evanempdx.bsky.social
did:plc:tz6hn7iyzbljfdcy6yuqho2y,did:plc:bbikyps55sib2fxg5wwhgmbk,1,itsamemikey.bsky.social,davecolon.bsky.social
did:plc:tzchbn6ovfchqiycacyjny7h,did:plc:brc6xpufk5nehbsy37elk7jb,2,mpbmke.com,creamcityjw.bsky.social
did:plc:tzchbn6ovfchqiycacyjny7h,did:plc:o5eoougcmfzuwshkcelwg47m,1,mpbmke.com,vkinwi.bsky.social
did:plc:tzchbn6ovfchqiycacyjny7h,did:plc:sko2id6mcnl6mxxb3h34nvyi,1,mpbmke.com,jpgorman.bsky.social
did:plc:tzchbn6ovfchqiycacyjny7h,did:plc:waoj7sifbp6n2josefuxhcod,1,mpbmke.com,matrueblood.bsky.social
did:plc:tzsep2i3hbrrzaahd2dv5fad,did:plc:m2tdiw6yphtre6p6m6skgzo6,1,cowhitchurch.bsky.social,cdgoldstein.baseballprospectus.com
did:plc:tzxsbqof7ja75nmwz6yee5kj,did:plc:b2kutgxqlltwc6lhs724cfwr,1,jmidnight.bsky.social,theathletic.com
did:plc:u225npql3xopap3xpe7ri3z7,did:plc:j24jtz7xkt5ttdsk32mmpkvn,1,captainrylz.bsky.social,johnhollinger.bsky.social
did:plc:u2352h6uj74ut7kfq7xpccc2,did:plc:ccnxr26hhmhexexxjh62tyye,1,himynameismichael.bsky.social,greg30.bsky.social
did:plc:u267soeworzguqh4kynafhw6,did:plc:2jprfvpdny5oxnqyjs2jijzm,1,birdman313.bsky.social,spencito.bsky.social
did:plc:u267soeworzguqh4kynafhw6,did:plc:2mxadfg4ck5lwlur64dsvan7,2,birdman313.bsky.social,brenda2026.bsky.social
did:plc:u2g7qrfqbnyehsbzdbn2w2uf,did:plc:26375peygwnrijoepmy2fdcs,1,thomaswolfe.bsky.social,washingtonstatestandard.com
did:plc:u2pgpbpkxm6wvybmuhi3gyj5,did:plc:22fudzaxnal4ddodzv2o6mwk,1,therealrubgarza.bsky.social,jmcdonaldsa.bsky.social
did:plc:u2zrkvyp6s3ngtcbknro3enw,did:plc:sa73fbx3vxzh2fw5pu5wmief,1,gaylord78.bsky.social,shamsbot.bsky.social
did:plc:u37ojtrgyezq2haj2awk622j,did:plc:e3ktrbooe3mildj4hhwhsvtc,1,scotttobias.bsky.social,mikeascotto.bsky.social
did:plc:u37ojtrgyezq2haj2awk622j,did:plc:s2ibun2lfcftexxcqsr4ryce,1,scotttobias.bsky.social,michaelvpina.bsky.social
did:plc:u3aoojkmzm65bewl3z6vcc2v,did:plc:unp5hfb6cg7kmd6jfeddvyxl,1,spac3monk3y.bsky.social,shadowborgg.bsky.social
did:plc:u3ehlowkbpz7m6luyvyoshmd,did:plc:d3voroytsczggvxqgz4ixjeu,1,blindmanbaldwin.bsky.social,httpreo.bsky.social
did:plc:u3ehlowkbpz7m6luyvyoshmd,did:plc:f6fbiilymypwoezyvorxt653,1,blindmanbaldwin.bsky.social,utm.bsky.social
did:plc:u3ehlowkbpz7m6luyvyoshmd,did:plc:nkizcyo6jb23jihrk2x6lyef,2,blindmanbaldwin.bsky.social,brentimus.bsky.social
did:plc:u3ehlowkbpz7m6luyvyoshmd,did:plc:vythbqlsulhf7p2xgufb3sqj,1,blindmanbaldwin.bsky.social,rockiesvsconnor.bsky.social
did:plc:u3g3rtwne4yypzk3w7m2mdfn,did:plc:2ftisfungz67x4uwuxxtpxnp,1,bvielhaber.bsky.social,kfrown.bsky.social
did:plc:u3g3rtwne4yypzk3w7m2mdfn,did:plc:6efkwq5ql72asmtlrgou25hv,1,bvielhaber.bsky.social,madtravels.bsky.social
did:plc:u3g3rtwne4yypzk3w7m2mdfn,did:plc:fvir4trmbwka2ufxo53jjn3h,1,bvielhaber.bsky.social,spindavies.bsky.social
did:plc:u3g3rtwne4yypzk3w7m2mdfn,did:plc:vsqpdbfrqt7p5p4tlssvjvop,1,bvielhaber.bsky.social,lukemeister.bsky.social
did:plc:u3p44a5xqrbpoc4q27oitmp3,did:plc:sa73fbx3vxzh2fw5pu5wmief,1,karenschwartzkopf.bsky.social,shamsbot.bsky.social
did:plc:u3r2q6crlehvzmecwys2kbbw,did:plc:ozrhqae34vzv6mso2hsym65i,1,graymamba.bsky.social,omarisankofa.bsky.social
did:plc:u3soskepkhvdlrgryrm77avt,did:plc:nk756gkpj52ryc6gaorkvctp,1,rosenkavalier70.bsky.social,nbacobwebs.bsky.social
did:plc:u3vv2uhdbiczy4ixz2nykvdd,did:plc:4md3rkqkr6m6ifmggsbz6nde,1,arlondiluthel.bsky.social,nbabeau.bsky.social
did:plc:u3wdyo3vvf2useslpfen6hst,did:plc:luofuy2uw7g4vsd2vbwidtel,1,seanmaertens.bsky.social,keithsmithnba.bsky.social
did:plc:u42biclynu2jwpugi3tn2bq7,did:plc:ndnnx5tn72zi5e7ejb4u3fwa,1,jcdenden.bsky.social,cinefeast33.bsky.social
did:plc:u45hqzk7counfbwyg5edhmvi,did:plc:xjdunnj4lajeyawxrz56wi4i,1,davelevitan.bsky.social,elchopo99.bsky.social
did:plc:u46ezms4bxhmxgwfcqvawpzm,did:plc:2nuztdyjqlhatqgovsik6c44,1,stu4calde.bsky.social,secretcleveland.bsky.social
did:plc:u46ezms4bxhmxgwfcqvawpzm,did:plc:3sv6fcfaqndsylahniftbkew,1,stu4calde.bsky.social,highmynameishi.bsky.social
did:plc:u46ezms4bxhmxgwfcqvawpzm,did:plc:7sfnardo5xxznxc6esxc5ooe,1,stu4calde.bsky.social,nba.com
did:plc:u46ezms4bxhmxgwfcqvawpzm,did:plc:sa73fbx3vxzh2fw5pu5wmief,1,stu4calde.bsky.social,shamsbot.bsky.social
did:plc:u46ezms4bxhmxgwfcqvawpzm,did:plc:yvy5ax23zpmoearxn6xsgqzf,1,stu4calde.bsky.social,btrowland.bsky.social
did:plc:u4exfcbfvxnvsjlycvrttld2,did:plc:fqsmj7o5mbb7n7oav2kkjuid,1,hier19.bsky.social,nbastat.bsky.social
did:plc:u4mi3m3hgtzerq2rycdv3bh3,did:plc:szxkt3ekyjatlwd7jknsmtv4,1,waffles99.bsky.social,erikg503.bsky.social
did:plc:u57ugmveenw2uu3ns7pbcj4d,did:plc:nkee2udfh3mazkqatimusiwm,1,rmkubinec.bsky.social,johnholbein1.bsky.social
did:plc:u5bimy2c24u76ucfaycqrw23,did:plc:yvxgr32ufo75afd5qyoouxfc,2,arcticfelix.com,shredberg.bsky.social
did:plc:u5jfkwcnbcwwtv3osxx2yzrj,did:plc:4nuuuk2lq5cqt2f5mgvizikq,1,sarahxelizvbeth.bsky.social,zealousagain.bsky.social
did:plc:u5jfkwcnbcwwtv3osxx2yzrj,did:plc:szr5z3fvlqpwc2pil2i5brb2,2,sarahxelizvbeth.bsky.social,imsarahnow.bsky.social
did:plc:u5uarhhhg6fbirrqh2mld3wa,did:plc:t4i3a4fawuzge3dsw2i2h2fw,1,socialgreedia.bsky.social,markjacob.bsky.social
did:plc:u647k7g6eky6nngxilrtgdft,did:plc:4z36im75uykjk3uh2ospah4f,1,act-three.bsky.social,eringrugan.bsky.social
did:plc:u6y3tc7jn7kyngh55372kdgw,did:plc:d4lr47qhkmumkyuvztsamuso,1,jaxsky.bsky.social,benpopovich.bsky.social
did:plc:u73yptafrxbhzryuufk65mcj,did:plc:tlf5hilbsn7vlw3rzunbzvw3,1,jackchad00.bsky.social,fredsmith.bsky.social
did:plc:u75rzjui2ibb3ty2hst6fbuo,did:plc:33pa64a4pmst5pzckxwuzktb,2,blaqabstract.blacksky.app,msnic0315.blacksky.app
did:plc:u7exh23kar23kidzui37bitm,did:plc:pafykfryhjyyhnvzzbygjcjf,1,allorin.bsky.social,c0urtney-danvers.bsky.social
did:plc:u7exh23kar23kidzui37bitm,did:plc:yqysm3qvv3z3t3imro5mriq4,1,allorin.bsky.social,johnneedarko.bsky.social
did:plc:u7lg6s27stprdmz2afwj2hdg,did:plc:g7a6qji72odgptnddtrkdchy,1,hellothisisdezzy.bsky.social,mrbuckbucknba.bsky.social
did:plc:uadw5ykrnxjmxuqxm4p4embx,did:plc:c4tua2dvwo3subelej2yzdpy,2,christhewriter.bsky.social,msmicaluv.bsky.social
did:plc:uai5hdyjhb7yxe4qkdpbw4yg,did:plc:5u2czs2hr6ypw63uo26x2a3g,1,dcarel.bsky.social,litwick.net
did:plc:uasmi5bd27n7vm6krtjljweb,did:plc:ctc33ovq3hfuio7dsvt2setq,1,asinwreck.bsky.social,grandpagames.bsky.social
did:plc:uasmi5bd27n7vm6krtjljweb,did:plc:r75hy7lkaay466pi6tislogy,1,asinwreck.bsky.social,brooklynbuckets.bsky.social
did:plc:uazh5w4fzbrecygc465soqd2,did:plc:bmvk3suczvuw6mszso6on6ss,1,croftycat.bsky.social,ageqned.bsky.social
did:plc:ubgit6dc7iwrk2wyqdmhbqqz,did:plc:yj436z2s2v37rvaw33lc4ryq,1,wiringthebrain.bsky.social,mbkplus.bsky.social
did:plc:ubhmfseodx6zjexcdwiu3uzb,did:plc:b2rbhknq7zeheyk6uv2e756v,1,natehousley.com,colyou.bsky.social
did:plc:ubrix7bxox72zs7bb3zpcqj2,did:plc:32wf2tdbchgci235ycgkbxi3,1,airedmania.bsky.social,aguyuno.bsky.social
did:plc:ubrix7bxox72zs7bb3zpcqj2,did:plc:bumu6s332o24fppobse7j3ms,1,airedmania.bsky.social,matttomic.bsky.social
did:plc:ubrix7bxox72zs7bb3zpcqj2,did:plc:k77if5kfdhshbodwowsi3uk2,2,airedmania.bsky.social,greggjlevine.bsky.social
did:plc:ubvji4cjdwg674jvi4o2kl55,did:plc:edhrmz7fpoicdxn5btro2bbx,1,sbunny.bsky.social,beepthief.bsky.social
did:plc:ubygiukywr33qu5rvkt33v7y,did:plc:luofuy2uw7g4vsd2vbwidtel,1,nofuturenoanswer.bsky.social,keithsmithnba.bsky.social
did:plc:ubygiukywr33qu5rvkt33v7y,did:plc:x4gxcq7uospumk5ewsitfvse,1,nofuturenoanswer.bsky.social,getsit.bsky.social
did:plc:ucemecsf3q4nypk55dtzniy3,did:plc:k6jgbx7wc657rq2tzziyxhti,1,barbatang.eurosky.social,tediosa-miss.bsky.social
did:plc:uciloyqiulmpthkbvgg4zxuf,did:plc:5m4hsavvv4odrnc6socrih3z,1,derfahrradpendler.bsky.social,verbalkint7.bsky.social
did:plc:uckcrckjk3kbez4ubcgmzvrl,did:plc:qqdqgzpqwyho4cxzso62m54q,1,davemclark.bsky.social,juliedicaro.bsky.social
did:plc:uclondubjjrducdtaiemaq3i,did:plc:gpfh2unm6jlr6qevxpq45tjd,2,jentrification.com,vilissathompson.bsky.social
did:plc:ucvim6sli66p33xui3urplbb,did:plc:44id3u6iwertwywmpvy5u4fh,1,oanababy.bsky.social,skeskali.ca
did:plc:ud3cwfh7fckxzjbiijufjwxn,did:plc:22fudzaxnal4ddodzv2o6mwk,2,sandypiz.bsky.social,jmcdonaldsa.bsky.social
did:plc:udatgjhmkbekordkaqln3qiv,did:plc:k6jgbx7wc657rq2tzziyxhti,2,drzoidbergreal.bsky.social,tediosa-miss.bsky.social
did:plc:udatgjhmkbekordkaqln3qiv,did:plc:ucemecsf3q4nypk55dtzniy3,1,drzoidbergreal.bsky.social,barbatang.eurosky.social
did:plc:udgcr5swdokahrcepk4enevb,did:plc:b6v54l7vnitivlnyqekh47xd,1,msparky64.bsky.social,tiwindisch.gspn.info
did:plc:uduvyjitzwsel67aax3w5nwh,did:plc:b6v54l7vnitivlnyqekh47xd,1,topher27.bsky.social,tiwindisch.gspn.info
did:plc:uecpqim5k5v3hhsmlzrv5zgw,did:plc:6beluo5xgn65lmsf6x6xqq6x,1,arthursmid.bsky.social,billoram.bsky.social
did:plc:uepdv26cnxsh33skpxiuwrp4,did:plc:7sfnardo5xxznxc6esxc5ooe,1,dan-the-man-k.bsky.social,nba.com
did:plc:uepdv26cnxsh33skpxiuwrp4,did:plc:cwoisadsh554flcux7i5szar,1,dan-the-man-k.bsky.social,dartadams.bsky.social
did:plc:uepstqaisuzzekixnaf6rvic,did:plc:bstcak3kpul2ddmjks5i6tgu,1,amorygatsby.bsky.social,starclusterr.bsky.social
did:plc:uevv3m3oznrwm4qpb4q6aoao,did:plc:sa73fbx3vxzh2fw5pu5wmief,1,newmexicoman.bsky.social,shamsbot.bsky.social
did:plc:ufl6gjngflv246zn4vf6yjyq,did:plc:h6wnp4nsffurzfah6kfplo5u,1,johnreecer.bsky.social,acosta32jp.bsky.social
did:plc:ufl6gjngflv246zn4vf6yjyq,did:plc:me7udh7ryneri3mtwuez43d3,1,johnreecer.bsky.social,cascadian1.bsky.social
did:plc:uflh2wfqbjtjx4fesmqrbd2r,did:plc:2fil3vrrymlpa5uspsfgo37i,1,elite99thc.bsky.social,justinanumudu.bsky.social
did:plc:uflksoeixedml7o3stdgargr,did:plc:dvuxylgfpqab3cuwuqf6wwlu,1,bflores41.bsky.social,mateo226.bsky.social
did:plc:ug3yfdmg4xpcs6puqxxe4mry,did:plc:2fil3vrrymlpa5uspsfgo37i,1,josephwelchvi.bsky.social,justinanumudu.bsky.social
did:plc:ug5p6q7m6xbjtsp7alhl2ykf,did:plc:zltqtmydso6kikzw7wafpj4p,1,ntpnate.bsky.social,ugarles.bsky.social
did:plc:ug646ucu2d77gjlcg2crgnbc,did:plc:j24jtz7xkt5ttdsk32mmpkvn,1,brandonpassey.bsky.social,johnhollinger.bsky.social
did:plc:ugi4hfw7gyqdvbgxx6wldhtf,did:plc:sa73fbx3vxzh2fw5pu5wmief,1,bobbyslots4.bsky.social,shamsbot.bsky.social
did:plc:ugj4tvwyes4f2d7tfn3beatq,did:plc:26375peygwnrijoepmy2fdcs,1,rabsinthe.scot,washingtonstatestandard.com
did:plc:ugj4tvwyes4f2d7tfn3beatq,did:plc:gtma2f4cb3cduquz6bi5rjdu,1,rabsinthe.scot,zelledog.bsky.social
did:plc:ugj4tvwyes4f2d7tfn3beatq,did:plc:r3djyc3wcuipehuupkhjgjzi,1,rabsinthe.scot,jasoncampbell617.bsky.social
did:plc:uhpeqgd6wbn3n7dtzfkw63gt,did:plc:a67zdrt4nl2tv2qojpngogbq,1,chainbo007.bsky.social,apnews.com
did:plc:uhz77trw3gpob42535jmcrma,did:plc:khkkkhl5yezvfymz4g4tnukt,1,tasmelas.bsky.social,johnschuhmann.bsky.social
did:plc:ui2fklhzeki57p4dnczs7m2h,did:plc:nze65mr7kto3u6qu3vk3bkcj,1,mta1209.bsky.social,febrazink.bsky.social
did:plc:uidijpepy22mtanwystvwlmi,did:plc:e62gb2ushvtvjvqcbrxeaw2n,1,blueraven.bsky.social,chrislhayes.bsky.social
did:plc:uj3zyf2nlre7t5orkcukexi4,did:plc:b2kutgxqlltwc6lhs724cfwr,1,playest.bsky.social,theathletic.com
did:plc:uj3zyf2nlre7t5orkcukexi4,did:plc:b6v54l7vnitivlnyqekh47xd,1,playest.bsky.social,tiwindisch.gspn.info
did:plc:uj3zyf2nlre7t5orkcukexi4,did:plc:dlbppl2kdyccutor3t3jsuan,1,playest.bsky.social,evanempdx.bsky.social
did:plc:uj3zyf2nlre7t5orkcukexi4,did:plc:dsjwrxalcgukpinoyrwzt3kk,1,playest.bsky.social,fastbreakbreak.bsky.social
did:plc:uj3zyf2nlre7t5orkcukexi4,did:plc:eafy3bofqxk77joghna7sgpt,3,playest.bsky.social,shoozumoops.bsky.social
did:plc:uj3zyf2nlre7t5orkcukexi4,did:plc:g7a6qji72odgptnddtrkdchy,1,playest.bsky.social,mrbuckbucknba.bsky.social
did:plc:uj3zyf2nlre7t5orkcukexi4,did:plc:i732zeq2rkbq2db66afktt5i,1,playest.bsky.social,hoopshypeofficial.bsky.social
did:plc:uj3zyf2nlre7t5orkcukexi4,did:plc:mnfrg3uranmquicq6zz7gdij,1,playest.bsky.social,thefarmerjones.bsky.social
did:plc:uj3zyf2nlre7t5orkcukexi4,did:plc:nvk46qsh4f2q6m5wm4j3mdw3,1,playest.bsky.social,basquiatball.bsky.social
did:plc:uj3zyf2nlre7t5orkcukexi4,did:plc:ozrhqae34vzv6mso2hsym65i,1,playest.bsky.social,omarisankofa.bsky.social
did:plc:uj3zyf2nlre7t5orkcukexi4,did:plc:sn7radd6opfhsq54pta4w66w,1,playest.bsky.social,nba.bankbryan.com
did:plc:uj3zyf2nlre7t5orkcukexi4,did:plc:v6t35iu5fyqpknfrctaayutf,2,playest.bsky.social,clayhardy.bsky.social
did:plc:uj3zyf2nlre7t5orkcukexi4,did:plc:vl7xfk75ufxgmolpoect47ez,2,playest.bsky.social,thuginator.bsky.social
did:plc:uj4nx2l6kpnzgndqae7cuuwl,did:plc:24sgxdlbxabrqazkrz4awpc5,1,geraldmcgrew.bsky.social,thecorlew.bsky.social
did:plc:uj4nx2l6kpnzgndqae7cuuwl,did:plc:lyr2nmjy7wmxadcfqdewmh7j,1,geraldmcgrew.bsky.social,dlchandler123.bsky.social
did:plc:uj4nx2l6kpnzgndqae7cuuwl,did:plc:p5jodnvfcsra6agz7bdkf52t,1,geraldmcgrew.bsky.social,jeffblix.bsky.social
did:plc:uj4nx2l6kpnzgndqae7cuuwl,did:plc:u3aoojkmzm65bewl3z6vcc2v,1,geraldmcgrew.bsky.social,spac3monk3y.bsky.social
did:plc:uj4nx2l6kpnzgndqae7cuuwl,did:plc:urjcxmd6o2spyko2sfja5ceb,1,geraldmcgrew.bsky.social,britbowman.bsky.social
did:plc:uj4nx2l6kpnzgndqae7cuuwl,did:plc:vua3nif7yluqys62cf6ecktr,1,geraldmcgrew.bsky.social,salsa-wits.bsky.social
did:plc:uj4nx2l6kpnzgndqae7cuuwl,did:plc:wmrsk3r3oaheriferxt6l2c5,1,geraldmcgrew.bsky.social,boneydanza.bsky.social
did:plc:ujlclavya3rcnvqklk35c4m3,did:plc:h5yshb47uc5xo2klgilg4tpl,1,actualbob.art,davedraeger.bsky.social
did:plc:ujotf23cvy5kdn2g2ixznlmh,did:plc:7kn5bnqfwrgdnq2fep5mjkqr,1,kimball.network,malcolmsjustice.bsky.social
did:plc:ujuf5oka3aovkljwynjqvn4a,did:plc:xqkiycxt66ufxqftban3zup7,2,pouder.bsky.social,basketghoul.bsky.social
did:plc:uk7rsmsirq2xt3yguez3s4go,did:plc:jpnthlnrxuvpq6shn6yxleaa,1,bangoladderdunk.bsky.social,mebartl8.bsky.social
did:plc:uk7rsmsirq2xt3yguez3s4go,did:plc:wkbysllyarm4b3kxrj3mfxau,2,bangoladderdunk.bsky.social,stpaulite.bsky.social
did:plc:ukjmjhewz75z3nwtae5ralfu,did:plc:zwgszo4ivnszs2sitaakccbb,1,colbylanham.bsky.social,samvecenie.bsky.social
did:plc:ukq52bkuvbik3h5ehwa34ngx,did:plc:ptilbtx2nhrcmippqh7salyj,3,joecannonlondon.bsky.social,lzamparo.bsky.social
did:plc:ukx6re2jdkh53xnirut6tr6k,did:plc:2k77kngw6l3q27pitvz7lh2b,1,criminallyvu1gar.bsky.social,jenramose.online
did:plc:ukzyde6xpmjmcpumfrbgzwdl,did:plc:tb2bwzxom5qv4542ru3zqcgu,1,dimlan.bsky.social,jakemgrumbach.bsky.social
did:plc:ul7idvxfhkhg774sfqotf253,did:plc:sd4v2ma6bdcosbre553yn63k,1,mikegrady.bsky.social,sharo1.bsky.social
did:plc:ulaexgv7hpnzfcxekjncw2yy,did:plc:ks7tk3c5weofvotvizhdtewx,1,erich-online.bsky.social,alexincommunity.bsky.social
did:plc:ulbpyj3s2vlxqjufmxkcnd63,did:plc:ozrhqae34vzv6mso2hsym65i,1,evanpatrickw.bsky.social,omarisankofa.bsky.social
did:plc:ulh4g276hlivjd5nq6sschzf,did:plc:zxkvgvplqecxcnkpuayzllcw,1,stephenkeef.bsky.social,themecca.bsky.social
did:plc:ulnirkhddyje3be7d4eq2q7c,did:plc:teslcgtcvmtvi3om7sxboxwk,1,nougatmachine.bsky.social,seanhaspel.bsky.social
did:plc:ulqwe77brk4rqkrbruyi3c6i,did:plc:k3i3d2xfibssxz2lbm45x54o,1,reynoldstop20.bsky.social,joshgondelman.bsky.social
did:plc:ulr5cszuy7ubmpljbff2uajt,did:plc:bpx5ab47lqy7zgxu222b4n2z,1,nancychadwick.bsky.social,mayorofoakland.bsky.social
did:plc:ulrkohuk5kctbycfel6d4oag,did:plc:zm2d7blovgyjghpvi2bfnhqg,1,milous.bsky.social,drevoigt.bsky.social
did:plc:um3mniz6h4ty3lg2e4aksgoj,did:plc:n5cmylzjjykismbgq5k6jrfb,2,runningwaldo.bsky.social,dunots.voidsent.com
did:plc:um3mniz6h4ty3lg2e4aksgoj,did:plc:zzilxqve6xvnklnx7fmhz4s2,1,runningwaldo.bsky.social,milesdavismorales.bsky.social
did:plc:umbvajqmbqozmejj7hlwndha,did:plc:vwxjcad52e7enw4qabtsywkw,1,jefftheytp.bsky.social,kingprui40dash.bsky.social
did:plc:umkocktcevpthnfqx3p656vq,did:plc:ozrhqae34vzv6mso2hsym65i,1,bobmc1230.bsky.social,omarisankofa.bsky.social
did:plc:umr34sm3nlaamsqcuxm3p4wp,did:plc:elcfcmw7yr5btvn62gevvqe4,2,talkinkings.bsky.social,mirannlolani.bsky.social
did:plc:umr34sm3nlaamsqcuxm3p4wp,did:plc:vu5swjxgbdpcsrhthj37lsju,1,talkinkings.bsky.social,dr-thompson.bsky.social
did:plc:umtajgh4cj3evvrmlqev5mi3,did:plc:ykqb2yhkbm4ngkn442k64zrc,1,numotiv.bsky.social,thehockeywriters.bsky.social
did:plc:umtr4kkuzn3sdes66a5aiaee,did:plc:4xpj3xjxsxxcuh3ghaulzdqu,1,solisreport.com,yourmandevine.bsky.social
did:plc:umtr4kkuzn3sdes66a5aiaee,did:plc:puqn7p4kxv6xtysydndhbulu,1,solisreport.com,whs.bsky.social
did:plc:umtr4kkuzn3sdes66a5aiaee,did:plc:yaednivr2bwik2fux27l6sgm,2,solisreport.com,velodus.bsky.social
did:plc:umxrcjoj3xsg6ibjaxai6xq4,did:plc:ozrhqae34vzv6mso2hsym65i,1,mjzande.bsky.social,omarisankofa.bsky.social
did:plc:umz7wckgm3watnl27zqb37q2,did:plc:4muri6zol4jwdltg2kdiu6vm,1,mrtiddies.bsky.social,jeradwalker.bsky.social
did:plc:unhyjom7c5jjzuan5mqiidej,did:plc:44ys7gijqhhnzyubtzkupca3,1,martin-stillion.bsky.social,paulknepper.bsky.social
did:plc:unhyjom7c5jjzuan5mqiidej,did:plc:pbpfdstv2rtrqrmplptxki5n,1,martin-stillion.bsky.social,keira413.bsky.social
did:plc:unjksultjmceslvaqqikojwo,did:plc:sa73fbx3vxzh2fw5pu5wmief,1,jennehjenkins.bsky.social,shamsbot.bsky.social
did:plc:unkjslqvthtvc7iv7n7cchs6,did:plc:c4beyrl6wnpfekzf3elewvpu,1,phtevenbenvon.bsky.social,scottyco.bsky.social
did:plc:unkjslqvthtvc7iv7n7cchs6,did:plc:g7a6qji72odgptnddtrkdchy,1,phtevenbenvon.bsky.social,mrbuckbucknba.bsky.social
did:plc:unkjslqvthtvc7iv7n7cchs6,did:plc:zy6sn6tkic24e6p52g2yh4zn,1,phtevenbenvon.bsky.social,rajandelman.bsky.social
did:plc:unp5hfb6cg7kmd6jfeddvyxl,did:plc:e62gb2ushvtvjvqcbrxeaw2n,1,shadowborgg.bsky.social,chrislhayes.bsky.social
did:plc:unp5hfb6cg7kmd6jfeddvyxl,did:plc:lydpmbuyethpzjta6jeya6m6,1,shadowborgg.bsky.social,claudiiigrl.bsky.social
did:plc:unp5hfb6cg7kmd6jfeddvyxl,did:plc:mx62ni2prhriaagd7jfa65zk,1,shadowborgg.bsky.social,stevejones20.bsky.social
did:plc:uny5xcfbw3k66tk6kvuskgdz,did:plc:5a4dvuk77zctsbxu4b6jy7nz,2,red-nederland.bsky.social,umbrios.bsky.social
did:plc:uo53q552an4tekstlbvhqv5v,did:plc:b5s7pvomuo3xwd3wgdpnohtt,1,nickbpss.bsky.social,bullsjay.bsky.social
did:plc:uo53q552an4tekstlbvhqv5v,did:plc:s42iw2fbfmgsgh7hdtvvoaao,1,nickbpss.bsky.social,hoopinformatics.bsky.social
did:plc:uojatinshm5235jwyhwjr5qz,did:plc:b2kutgxqlltwc6lhs724cfwr,1,brianmj.bsky.social,theathletic.com
did:plc:uos6dmznsvlghapiepkyjyvx,did:plc:t4i3a4fawuzge3dsw2i2h2fw,1,lizpollockbooks.bsky.social,markjacob.bsky.social
did:plc:uosuubxkloc3bmspiv7gnuyf,did:plc:6y3zulpfknfey5qemwhc4frl,1,thefeenmachine.bsky.social,jledwardsiii.bsky.social
did:plc:uosuubxkloc3bmspiv7gnuyf,did:plc:luofuy2uw7g4vsd2vbwidtel,1,thefeenmachine.bsky.social,keithsmithnba.bsky.social
did:plc:uot2muy7bgn6ju7lj23ztk3i,did:plc:2fomrpx4jkvehobzzvjxubk7,1,mellyinchains.bsky.social,blueribbs.bsky.social
did:plc:uot2muy7bgn6ju7lj23ztk3i,did:plc:67sjetcan5vcnon4p36wrjrv,1,mellyinchains.bsky.social,belugasturgeon.bsky.social
did:plc:uot2muy7bgn6ju7lj23ztk3i,did:plc:i4ngn2uohtq3ylheivqgbzwh,1,mellyinchains.bsky.social,sedge.bsky.social
did:plc:uot2muy7bgn6ju7lj23ztk3i,did:plc:qvp3qddydjnden3wuj32ruce,2,mellyinchains.bsky.social,fairestcinderella.myatproto.social
did:plc:uot2muy7bgn6ju7lj23ztk3i,did:plc:vhawnn7cz77rbjnrtkxrzh7b,1,mellyinchains.bsky.social,nymc32986.bsky.social
did:plc:uot2muy7bgn6ju7lj23ztk3i,did:plc:zhtyz5czhvadtpwmldk3q7cy,1,mellyinchains.bsky.social,elpardack.bsky.social
did:plc:uou2m57cuqqxhl4fdajkovco,did:plc:4xpj3xjxsxxcuh3ghaulzdqu,1,milanasanovic.bsky.social,yourmandevine.bsky.social
did:plc:uou2m57cuqqxhl4fdajkovco,did:plc:7kn5bnqfwrgdnq2fep5mjkqr,1,milanasanovic.bsky.social,malcolmsjustice.bsky.social
did:plc:uou2m57cuqqxhl4fdajkovco,did:plc:7ut56i3tgnblkrpn6nrldeen,1,milanasanovic.bsky.social,jasonwaterfalls.bsky.social
did:plc:uou2m57cuqqxhl4fdajkovco,did:plc:b2kutgxqlltwc6lhs724cfwr,4,milanasanovic.bsky.social,theathletic.com
did:plc:uou2m57cuqqxhl4fdajkovco,did:plc:sa73fbx3vxzh2fw5pu5wmief,6,milanasanovic.bsky.social,shamsbot.bsky.social
did:plc:uoumz6fjlsral6odboplm2sd,did:plc:6aruq2to5dssyoqwmt5v3rvu,1,susieb.bsky.social,courtneyfox1.bsky.social
did:plc:uoumz6fjlsral6odboplm2sd,did:plc:cc7tzd4bb5sh6d5taioq256d,1,susieb.bsky.social,candacepedraza.bsky.social
did:plc:uoumz6fjlsral6odboplm2sd,did:plc:inqsf2vb3fk6hj2x5r2xd72j,1,susieb.bsky.social,kdonhoops.com
did:plc:uoumz6fjlsral6odboplm2sd,did:plc:jozhpdmnzdn3cn6g4adsajxu,1,susieb.bsky.social,tvbrain.bsky.social
did:plc:uoumz6fjlsral6odboplm2sd,did:plc:kieme6lsxzsbmcizqr4snp7b,6,susieb.bsky.social,animeiscool.bsky.social
did:plc:uoumz6fjlsral6odboplm2sd,did:plc:ne344shcm2jowdwh5whzkgfn,1,susieb.bsky.social,faignews.bsky.social
did:plc:uoumz6fjlsral6odboplm2sd,did:plc:nv3np6dxtucrv4tdx23wqubq,1,susieb.bsky.social,verboseminimalist.bsky.social
did:plc:uoumz6fjlsral6odboplm2sd,did:plc:o7vf6svlej76yk3wfyj2b67c,1,susieb.bsky.social,hombrehambre.bsky.social
did:plc:uoumz6fjlsral6odboplm2sd,did:plc:oslte2he75ktffyqbbdgisaa,1,susieb.bsky.social,parkerbs.bsky.social
did:plc:uoumz6fjlsral6odboplm2sd,did:plc:sa73fbx3vxzh2fw5pu5wmief,1,susieb.bsky.social,shamsbot.bsky.social
did:plc:uoumz6fjlsral6odboplm2sd,did:plc:srzymqzqmylynq5em3ieuemq,2,susieb.bsky.social,actioncookbook.com
did:plc:uoumz6fjlsral6odboplm2sd,did:plc:tgd5fqgz2ivxphgui2x564cw,2,susieb.bsky.social,therealestjmark.bsky.social
did:plc:uoumz6fjlsral6odboplm2sd,did:plc:vu5swjxgbdpcsrhthj37lsju,1,susieb.bsky.social,dr-thompson.bsky.social
did:plc:uoumz6fjlsral6odboplm2sd,did:plc:xl2cf6bjd7kyypprejx5b4oj,1,susieb.bsky.social,boomhauertjs.bsky.social
did:plc:uoznwrl2zrch4guocxxtrp3n,did:plc:2ufp6rz3xoexzw7s3dgfnbbt,1,adoptmorecats.bsky.social,meninblazers.bsky.social
did:plc:upbjwpn3rsshockohrn7wjxq,did:plc:sa73fbx3vxzh2fw5pu5wmief,1,mikeysandmel.bsky.social,shamsbot.bsky.social
did:plc:upbjwpn3rsshockohrn7wjxq,did:plc:so4jwkzhaqhagl2mdwgfaraa,1,mikeysandmel.bsky.social,robd29.bsky.social
did:plc:upr4imh4klftvmjifb3di6rj,did:plc:x5v2pnd4qfr5a3zx7teic36e,1,josephzucker.bsky.social,dtcwonder.bsky.social
did:plc:upxlmnwfxmwgk4h46ac7wln6,did:plc:fpsl6df7b36lbgvgk5w5m5nl,1,truebluebrenda.bsky.social,sarahloudandshort.bsky.social
did:plc:upyahvwpcdjq7insn36zdznp,did:plc:b2kutgxqlltwc6lhs724cfwr,1,jeffschwartz.bsky.social,theathletic.com
did:plc:upyfnkgyrjwn3fazfs5h2eq4,did:plc:h2a5kxu5vmu6xcdlzadnhw4y,2,lakeicychill.bsky.social,btothed.bsky.social
did:plc:uq4efj37tiyykcyla44cxhos,did:plc:dk6vxaa5eww54weaj67ehai2,1,mrjohnbusiness.bsky.social,blaqdocdown.bsky.social
did:plc:uqdmhylnjxwrwy2hutiqkyry,did:plc:e62gb2ushvtvjvqcbrxeaw2n,1,booradley31.bsky.social,chrislhayes.bsky.social
did:plc:uqfkkc3yfvh3yzhfrez25kja,did:plc:bractkjdljkfowg5a6y46a5t,2,gingers4hal.bsky.social,roey.bsky.social
did:plc:uqqjc2t5jdz6osnsay4n6m6s,did:plc:cb5p4rsijpkth4qmfnogkmgy,1,gengaara.bsky.social,ybbilnosbocaj.bsky.social
did:plc:uqqjc2t5jdz6osnsay4n6m6s,did:plc:f75ykg3xtpq67uuftea6y646,2,gengaara.bsky.social,superbeastbrew.bsky.social
did:plc:uqqjc2t5jdz6osnsay4n6m6s,did:plc:jrpwkpac6iln5fvva4fq5twa,1,gengaara.bsky.social,carloapostoli.ft.com
did:plc:uqqjc2t5jdz6osnsay4n6m6s,did:plc:n6tihxklrwn2gkajlqgla7ar,1,gengaara.bsky.social,mylittlebloggie.bsky.social
did:plc:uqtnb34oh7coqgyvk3ghtqcv,did:plc:2xfccxia4t234diuubuqqkkn,1,kinefresh.bsky.social,jasonlogic.bsky.social
did:plc:uqtnb34oh7coqgyvk3ghtqcv,did:plc:5dwbpojkp6wykwcafasvwroi,1,kinefresh.bsky.social,daltonjohnson.bsky.social
did:plc:uqtnb34oh7coqgyvk3ghtqcv,did:plc:7s4zluw3gkj7xqjrpe2pybeq,1,kinefresh.bsky.social,mrhamburgerbuns.bsky.social
did:plc:uqtnb34oh7coqgyvk3ghtqcv,did:plc:ht52dcxiba7oivrlzaeob2wj,1,kinefresh.bsky.social,beefalo.bsky.social
did:plc:uqtnb34oh7coqgyvk3ghtqcv,did:plc:nrzonytvdybfyy7t7b3jr6le,1,kinefresh.bsky.social,montepoole.bsky.social
did:plc:uquvpkxzlze3hxe3oasldwou,did:plc:rkpzrwxex34r36ypejhew7ml,1,mattgarmark93.bsky.social,howardbeck.bsky.social
did:plc:uquwnajmvsuj2d64zeweknje,did:plc:iofleex37x2clxedzha5ywgy,1,bushyt0p.bsky.social,mplsnightmayor.bsky.social
did:plc:uquwnajmvsuj2d64zeweknje,did:plc:r62qixbqqk4zqt6vdzc4x3up,1,bushyt0p.bsky.social,therealnbw.bsky.social
did:plc:urdk2e6xtrlaa2g6mnzc3ks7,did:plc:sa73fbx3vxzh2fw5pu5wmief,1,joelmathis.bsky.social,shamsbot.bsky.social
did:plc:urtzlgohgpyod45hftk3tzne,did:plc:2vx7moe4gf6qh3x5s4pokkie,1,lotusprime.bsky.social,ashleysays.bsky.social
did:plc:urtzlgohgpyod45hftk3tzne,did:plc:2zzcbttrdksv74zfz3egfcyf,1,lotusprime.bsky.social,reddtrain.bsky.social
did:plc:urtzlgohgpyod45hftk3tzne,did:plc:4xaad7thmc4uqdhefbq6vizm,13,lotusprime.bsky.social,johnbull.wtf
did:plc:urtzlgohgpyod45hftk3tzne,did:plc:agyhgh7dna67njsgrswpnnzf,1,lotusprime.bsky.social,royalssac206fan.bsky.social
did:plc:urtzlgohgpyod45hftk3tzne,did:plc:cwqp26rx7z6h76g6lo2ykbjk,3,lotusprime.bsky.social,gwiss.bsky.social
did:plc:urtzlgohgpyod45hftk3tzne,did:plc:dczyqdu4vmfvbepwadf2vy4p,1,lotusprime.bsky.social,flurryfrom30.bsky.social
did:plc:urtzlgohgpyod45hftk3tzne,did:plc:fk27hb7ntk272s3gpa3se2bb,1,lotusprime.bsky.social,snacksonsnackz.bsky.social
did:plc:urtzlgohgpyod45hftk3tzne,did:plc:lxicgzndy5flqlp6wlutv4u5,8,lotusprime.bsky.social,oldkingsfan.bsky.social
did:plc:urtzlgohgpyod45hftk3tzne,did:plc:qkeqy47j2tqyr7easic3v5o5,1,lotusprime.bsky.social,mshadey.bsky.social
did:plc:urtzlgohgpyod45hftk3tzne,did:plc:qptwb42tm73u3y3r62vdwppf,1,lotusprime.bsky.social,kellenpastore.bsky.social
did:plc:urtzlgohgpyod45hftk3tzne,did:plc:rmidzitxt6myxivb6ygllhl7,1,lotusprime.bsky.social,bswest5.bsky.social
did:plc:urtzlgohgpyod45hftk3tzne,did:plc:sg6pt3vdsqnz5la57gx2jrha,1,lotusprime.bsky.social,bye-byemars.bsky.social
did:plc:urtzlgohgpyod45hftk3tzne,did:plc:tceporr2hgnsph6ea3veqnp5,2,lotusprime.bsky.social,llcoolray.bsky.social
did:plc:urtzlgohgpyod45hftk3tzne,did:plc:tlf5hilbsn7vlw3rzunbzvw3,4,lotusprime.bsky.social,fredsmith.bsky.social
did:plc:urtzlgohgpyod45hftk3tzne,did:plc:v66lo42pbnhfuptab4hr7hi2,1,lotusprime.bsky.social,sethpartnow.bsky.social
did:plc:urtzlgohgpyod45hftk3tzne,did:plc:wm3f6aam36u7dd4ztget5p63,1,lotusprime.bsky.social,bkivett.bsky.social
did:plc:urtzlgohgpyod45hftk3tzne,did:plc:yvxgr32ufo75afd5qyoouxfc,3,lotusprime.bsky.social,shredberg.bsky.social
did:plc:usrdc5azmiv6yyxdaoc4g3kv,did:plc:s2ibun2lfcftexxcqsr4ryce,1,drcornwater.bsky.social,michaelvpina.bsky.social
did:plc:usrtknbvwruruvoq72pano2a,did:plc:pa3jceitipxtdlvittz2pdgv,2,degoat17.bsky.social,thortschmann.bsky.social
did:plc:usrwwg7bd3z7qjylf7q7ajks,did:plc:2apohx2tdagf752komnr5bmi,3,mistabobdobalina.bsky.social,tjay56.bsky.social
did:plc:usrwwg7bd3z7qjylf7q7ajks,did:plc:ztxprxk7nn2tiuz5bhq7hilo,1,mistabobdobalina.bsky.social,namanth.bsky.social
did:plc:ustgaitem2q3cf4fxxx3n744,did:plc:3bskuhu5fv2azw6cmf7xf64q,1,penaltyboxpro.bsky.social,brgulker.bsky.social
did:plc:ut443kt7uyddl4trdehiyclz,did:plc:7vnaslmocusfll2e33k4jdhm,1,tallpaulor.bsky.social,joeviraynba.bsky.social
did:plc:ut443kt7uyddl4trdehiyclz,did:plc:ll23rgrkk7tvdjey3kflygoq,1,tallpaulor.bsky.social,anthonyvslater.bsky.social
did:plc:utagao6hdvzub6jcnbpba56u,did:plc:22fudzaxnal4ddodzv2o6mwk,1,foglandia.bsky.social,jmcdonaldsa.bsky.social
did:plc:utagao6hdvzub6jcnbpba56u,did:plc:6aruq2to5dssyoqwmt5v3rvu,1,foglandia.bsky.social,courtneyfox1.bsky.social
did:plc:utagao6hdvzub6jcnbpba56u,did:plc:6jpqgc6d4tplxcioxuh7khmr,1,foglandia.bsky.social,jimowczarski.bsky.social
did:plc:utagao6hdvzub6jcnbpba56u,did:plc:qp4l3ltpjckiymruvra5xkpb,1,foglandia.bsky.social,tessde.bsky.social
did:plc:utagao6hdvzub6jcnbpba56u,did:plc:sskboyevrvghclhrrgpttls5,1,foglandia.bsky.social,ericapricot.bsky.social
did:plc:utagao6hdvzub6jcnbpba56u,did:plc:zazcjahlcb3jfrhcriq7xpn7,1,foglandia.bsky.social,tsnofficial.bsky.social
did:plc:utbuxtdmpe6qqzml6oips3wq,did:plc:5qplyxvvka7bmse47pzcbi23,1,pigmiller.bsky.social,jdart.bsky.social
did:plc:utgi5x4oj6hcbv3jntlzy2jp,did:plc:6jpqgc6d4tplxcioxuh7khmr,1,drstats.bsky.social,jimowczarski.bsky.social
did:plc:utj2a2cyhuokp4gy6vbgye7b,did:plc:22fudzaxnal4ddodzv2o6mwk,1,colodude.bsky.social,jmcdonaldsa.bsky.social
did:plc:utj2a2cyhuokp4gy6vbgye7b,did:plc:2i2l6t4uh4y7vahpn7hiqx3f,1,colodude.bsky.social,iztokfranko.bsky.social
did:plc:utj2a2cyhuokp4gy6vbgye7b,did:plc:2jprfvpdny5oxnqyjs2jijzm,1,colodude.bsky.social,spencito.bsky.social
did:plc:utkiki7o7a6xlltlthdrwy5f,did:plc:7sfnardo5xxznxc6esxc5ooe,1,mackenzievogt.net,nba.com
did:plc:utkr2nekmhmg6xmtv3ohvy42,did:plc:xwoe4oiptaly7myvwb6uihyt,1,lampjaded.bsky.social,annbonnys.bsky.social
did:plc:utlcx3mzauhgyucqmjhew43u,did:plc:2emupgm6taztttxwrjk4qk22,1,startabuzz.bsky.social,1robgunther.bsky.social
did:plc:utlcx3mzauhgyucqmjhew43u,did:plc:sa73fbx3vxzh2fw5pu5wmief,1,startabuzz.bsky.social,shamsbot.bsky.social
did:plc:utybe4atmj6w3feubduxv5o2,did:plc:tuncch5rvf3kwbthk62zgdke,1,glowdaphglow.bsky.social,lennon-s.bsky.social
did:plc:utybe4atmj6w3feubduxv5o2,did:plc:wkssondobxmk6he4okuumupb,1,glowdaphglow.bsky.social,msmey80.bsky.social
did:plc:uul6nneawbl6nsb76ivg45qn,did:plc:cfdiophp2oon6xxrssw6cwz7,1,nolannice.bsky.social,bringmethenews.bsky.social
did:plc:uumaemqc4wqaodqhapb6xjti,did:plc:7sfnardo5xxznxc6esxc5ooe,2,meanmaxine.bsky.social,nba.com
did:plc:uumaemqc4wqaodqhapb6xjti,did:plc:f6fbiilymypwoezyvorxt653,1,meanmaxine.bsky.social,utm.bsky.social
did:plc:uumaemqc4wqaodqhapb6xjti,did:plc:lyrhzsfcnpthqs3t5ks6pqzv,1,meanmaxine.bsky.social,marcjspears.bsky.social
did:plc:uv5wigyjjmfjd2iiywxbxjfy,did:plc:7sfnardo5xxznxc6esxc5ooe,1,mcconnell.bsky.social,nba.com
did:plc:uvb5j47ex3ca3lwgmnofyzsb,did:plc:pl33ceejn7bdxm273rxdetsk,2,rszporer.bsky.social,shadowsofzhadum.bsky.social
did:plc:uvghjv4xjn7f6j6gf5vovb77,did:plc:savltyoxhe4cc3sxqyspvvpy,1,keithejefferson.bsky.social,pomegranateyum57.bsky.social
did:plc:uvn23eisfuvj5m2im7kdw2wr,did:plc:6t6vdkdtsu2ktffzdydkymey,1,argle-bargler.bsky.social,goodifitgoes.bsky.social
did:plc:uvn23eisfuvj5m2im7kdw2wr,did:plc:lui5vtqk73rsaes5ygx5mjuw,1,argle-bargler.bsky.social,jamieshaw5.bsky.social
did:plc:uvn23eisfuvj5m2im7kdw2wr,did:plc:p5ixn42uyeqfxh54hc5qxsl4,1,argle-bargler.bsky.social,johnathanochonueve.bsky.social
did:plc:uvn23eisfuvj5m2im7kdw2wr,did:plc:sa73fbx3vxzh2fw5pu5wmief,1,argle-bargler.bsky.social,shamsbot.bsky.social
did:plc:uvn23eisfuvj5m2im7kdw2wr,did:plc:wcthfe6ptjk4im6m6k7ouh4k,1,argle-bargler.bsky.social,knickfilmskool.bsky.social
did:plc:uwbe3i7bi7ziqhrwrtuf22ss,did:plc:gm3dj4rwdlluuu7w5vps5wh7,1,jamesfinngarner.bsky.social,jclillig2.bsky.social
did:plc:uwbe3i7bi7ziqhrwrtuf22ss,did:plc:vm3iepy54hjyq3tnrnc5xje4,1,jamesfinngarner.bsky.social,rogersparkman.bsky.social
did:plc:uwcztd46ga4mptcm6seetc6q,did:plc:x4gxcq7uospumk5ewsitfvse,1,gothedistance49.bsky.social,getsit.bsky.social
did:plc:uwhjgngw4quj43csbn7tl3fj,did:plc:sa73fbx3vxzh2fw5pu5wmief,1,regenrancher.bsky.social,shamsbot.bsky.social
did:plc:uwixawamap65w3yscbgw23ij,did:plc:sko2id6mcnl6mxxb3h34nvyi,3,nregib.bsky.social,jpgorman.bsky.social
did:plc:uwp5i5vohu4ojtauz45b25cu,did:plc:sa73fbx3vxzh2fw5pu5wmief,1,amplifly.bsky.social,shamsbot.bsky.social
did:plc:uwunrc4me5vby6eef4xymwbh,did:plc:7btzhhnunmjdlv527haplsrw,1,wildstreet.bsky.social,bbhkf.bsky.social
did:plc:uwunrc4me5vby6eef4xymwbh,did:plc:b2kutgxqlltwc6lhs724cfwr,1,wildstreet.bsky.social,theathletic.com
did:plc:uwunrc4me5vby6eef4xymwbh,did:plc:j24jtz7xkt5ttdsk32mmpkvn,1,wildstreet.bsky.social,johnhollinger.bsky.social
did:plc:uwunrc4me5vby6eef4xymwbh,did:plc:msdl65eakj32yep7ulddld2d,1,wildstreet.bsky.social,laconicicon.bsky.social
did:plc:uwunrc4me5vby6eef4xymwbh,did:plc:rwdjay3uyh4atcl5tlxsl2qe,4,wildstreet.bsky.social,tophtalk.bsky.social
did:plc:uwunrc4me5vby6eef4xymwbh,did:plc:vcumvue2gcsxexermtdg6cr7,2,wildstreet.bsky.social,tommybeernba.bsky.social
did:plc:uwunrc4me5vby6eef4xymwbh,did:plc:vq76kvbhxplwtmmbi5om6p3v,1,wildstreet.bsky.social,mattraytalk.bsky.social
did:plc:uwunrc4me5vby6eef4xymwbh,did:plc:zxkvgvplqecxcnkpuayzllcw,2,wildstreet.bsky.social,themecca.bsky.social
did:plc:uwv7bci772lm3x2pggsej7ui,did:plc:7giugsiydb7mj2j3a5u6nuyn,1,asparaguspee.bsky.social,canishoopus.bsky.social
did:plc:uwv7bci772lm3x2pggsej7ui,did:plc:py7chfax4ftugpcpyj2binih,1,asparaguspee.bsky.social,christopherhine.bsky.social
did:plc:uwxkz5w2accrgpluvr6dhpq4,did:plc:gu3xjint3jkignzrljz2rtlb,1,colinstu.birdbutt.com,gilmorelion.bsky.social
did:plc:uwxqtsaq3gwokgtkzxzmqn4i,did:plc:e3ktrbooe3mildj4hhwhsvtc,1,typod.bsky.social,mikeascotto.bsky.social
did:plc:ux2qicqrqlogxztnh5czj2ks,did:plc:phe37hfjiqhnw3xz5qbatplq,1,yungvincey.bsky.social,deadxcrows.bsky.social
did:plc:uxbemr4loyumy52no7rzz4fy,did:plc:sa73fbx3vxzh2fw5pu5wmief,1,scharrsilicio.bsky.social,shamsbot.bsky.social
did:plc:uxdeuk5enc3mmn3r4evxrsu3,did:plc:vua3nif7yluqys62cf6ecktr,2,tiptoe39.bsky.social,salsa-wits.bsky.social
did:plc:uxfgnj445d6imnatrvha2bv6,did:plc:hlarg4juss7g4wyekxvasc7n,1,virgotex.bsky.social,alleysofmpls.bsky.social
did:plc:uxkoahuipm6lthilgynkq2uj,did:plc:xav3zyko74nb5mwr4cng6ngo,1,rayoso.bsky.social,discontinuedfoods.bsky.social
did:plc:uxs7ldv3o7dgf2zuvw6j4dbx,did:plc:22fudzaxnal4ddodzv2o6mwk,2,andirant.bsky.social,jmcdonaldsa.bsky.social
did:plc:uxs7ldv3o7dgf2zuvw6j4dbx,did:plc:76p43dzbkzhicomig4fqeg33,1,andirant.bsky.social,tripleathe2nd.bsky.social
did:plc:uxvmjrn4n6uwlcxpzjlu2p53,did:plc:fh2hiaa6b4ybvjj25j5kvikm,1,stopthemagtards.bsky.social,h-seldon.bsky.social
did:plc:uxvmjrn4n6uwlcxpzjlu2p53,did:plc:wyn45imrgixwx4nh7tgvhabn,1,stopthemagtards.bsky.social,pridenorprejudice.bsky.social
did:plc:uycwm6qchm6zffatz5zlhlyd,did:plc:t2fku3qhid2zf6f65zwlscu3,1,joshuatanzer.bsky.social,perkustooth.bsky.social
did:plc:uyg243delkl75pur4t5cytkw,did:plc:5qplyxvvka7bmse47pzcbi23,1,gregor1965.bsky.social,jdart.bsky.social
did:plc:uygbkkl3w772u644vky4u7iw,did:plc:t4i3a4fawuzge3dsw2i2h2fw,1,mrmucketymuck.bsky.social,markjacob.bsky.social
did:plc:uzoapbmjcsjk4tvowyhsalgc,did:plc:4kxaujevio7kizmcshgxvseq,1,interpellateme.bsky.social,kingfitch1990.bsky.social
did:plc:v22vmxqj4civ7o2nqz4manin,did:plc:jgmxlsqaj6inwjqx3eowix6i,1,charlesdeguava.bsky.social,snowden.st
did:plc:v2tljcu7j5dtf2gapcvzrvby,did:plc:tlf5hilbsn7vlw3rzunbzvw3,1,ltrain5.bsky.social,fredsmith.bsky.social
did:plc:v2uvpi2e7wyfbnqjwuurf7ms,did:plc:v66lo42pbnhfuptab4hr7hi2,1,gubihero.bsky.social,sethpartnow.bsky.social
did:plc:v2wnwl4465rk7pe4uexbc2b4,did:plc:zmuav4sywd3yu4vztirftu3b,1,blazinbuck.bsky.social,jordantreske.bsky.social
did:plc:v2zuyw5hkrdxu4pgympy2s3y,did:plc:5qwi3qlql6ssbxbbbk7qnjkm,2,dogfather7.bsky.social,marceleggstein.bsky.social
did:plc:v2zuyw5hkrdxu4pgympy2s3y,did:plc:lgaex6ipwgl6v5bmgkb2pwtk,2,dogfather7.bsky.social,hinterhofjargon.bsky.social
did:plc:v2zuyw5hkrdxu4pgympy2s3y,did:plc:pa3jceitipxtdlvittz2pdgv,2,dogfather7.bsky.social,thortschmann.bsky.social
did:plc:v33raro2uyn3ie5kafrlwftg,did:plc:476maad6nfijz7nx3ecioac6,1,michalberg.cz,olehkosel.bsky.social
did:plc:v33us6ae36e4zl2qqijueffi,did:plc:coy63d6etpzca2cgn2rf5ozm,1,herrgabriel.bsky.social,misotrasvidas.aldea.social
did:plc:v33us6ae36e4zl2qqijueffi,did:plc:er4x5loskarnsx5yjvvnsa35,1,herrgabriel.bsky.social,mellamopersona.aldea.social
did:plc:v3dyi52skx6se2ebvrz6mqsf,did:plc:m55hgnzcpv3zcr7jazn74ek5,1,ltuhura.bsky.social,bebesbirdhouse.bsky.social
did:plc:v3ibi4s72mwzzuwwy5tv77pq,did:plc:5jjdxh5khm2aogk3a7ysq3lr,1,daynperry.bsky.social,robinrainer2.bsky.social
did:plc:v3rvpshtirgoxscnmcjr7q2c,did:plc:k37ousn7t2cc4mslvdhbgobi,1,adamjst.bsky.social,will-jones.bsky.social
did:plc:v3vwf4llcxnd4n7rergsb5kl,did:plc:gt3unljcqhimumy5zgosk3gv,1,likeyeahwellok.bsky.social,davidbix.bsky.social
did:plc:v43ulty2brf2f2okgvf6oaza,did:plc:k3i3d2xfibssxz2lbm45x54o,1,muleyd.bsky.social,joshgondelman.bsky.social
did:plc:v4adavgaldr6uxscpl6jwaeq,did:plc:traer34gkcgums7iiflbjiab,1,jjsentenza.bsky.social,nickvanexit.bsky.social
did:plc:v4ocrutt6rwbnggr5tb7ktsn,did:plc:5ehplizoyxc7edbvzcdw62z5,1,archaicprospect.bsky.social,fauxwren.bsky.social
did:plc:v4q32tjalzqej7f4qz5uqy7e,did:plc:e62gb2ushvtvjvqcbrxeaw2n,1,chromosomeid.bsky.social,chrislhayes.bsky.social
did:plc:v4q32tjalzqej7f4qz5uqy7e,did:plc:ggkmukeghkb7sfd7dxr34woq,1,chromosomeid.bsky.social,chill708.bsky.social
did:plc:v4uplp3kg4rii42zttdy5yy5,did:plc:rt7e6aqnmbw4e2dqzbln46wq,4,agentcooper1983.bsky.social,maaronjo.bsky.social
did:plc:v4uplp3kg4rii42zttdy5yy5,did:plc:sa73fbx3vxzh2fw5pu5wmief,1,agentcooper1983.bsky.social,shamsbot.bsky.social
did:plc:v54k3gt2dcjehyd33xmsbwqe,did:plc:6ypenl5u26g2zbc6gc4aqop2,1,chadfinn.bsky.social,jtomase.bsky.social
did:plc:v56qjhg6k4qd3ufxn7xhs7fx,did:plc:kdvkohfy7btmsdkg5mwuzjbw,1,bronckielanche.bsky.social,nuggets.bsky.social
did:plc:v5go74bq6bmeykmkrh3oayyk,did:plc:sa73fbx3vxzh2fw5pu5wmief,1,itshurleytime.bsky.social,shamsbot.bsky.social
did:plc:v5jl5v6lpsxraicxvjearya5,did:plc:bl4jfmqcvokkzdkzapbrq7ho,2,brentyndo.bsky.social,jobesz44.bsky.social
did:plc:v5ykgxw7y7ommwev5zolcxqm,did:plc:yvy5ax23zpmoearxn6xsgqzf,2,mlnga.bsky.social,btrowland.bsky.social
did:plc:v5zfa7ikxk3blhwaccr3z5i5,did:plc:6gbjhccglid7xtjzd25mxaau,1,msmambo.bsky.social,michaeldelicio.bsky.social
did:plc:v66lo42pbnhfuptab4hr7hi2,did:plc:4xaad7thmc4uqdhefbq6vizm,3,sethpartnow.bsky.social,johnbull.wtf
did:plc:v66lo42pbnhfuptab4hr7hi2,did:plc:dopbstmnsij5ipmn6sr3fd43,1,sethpartnow.bsky.social,sethrosenthal.bsky.social
did:plc:v6t35iu5fyqpknfrctaayutf,did:plc:uj3zyf2nlre7t5orkcukexi4,1,clayhardy.bsky.social,playest.bsky.social
did:plc:v6x2iuhp55dyzpchbrd6tyds,did:plc:qfkjzqgrbdhmspxlijshjc5k,1,pfkelly.bsky.social,gdm.rocks
did:plc:v6xd7qcm4tsgb4ndo547vh4n,did:plc:rcuzzv2rwqp6s7yn3lomtva7,1,jeskeets.bsky.social,jaysyk.bsky.social
did:plc:v7tgiubzoh7cxshhmpcnnlng,did:plc:fgpyya4en5thfmi6usrr3kvv,1,addisonsmithesq.bsky.social,jasonkirk.fyi
did:plc:va2m2i64eucz42bha6dkpc33,did:plc:cfg4kvfdm345cvr6q5ohvvkt,1,wilsonjettone.bsky.social,mgcroadster.bsky.social
did:plc:va2yfo5lakdl2ryyow5jcahm,did:plc:2m6fnqqirmfks5xakni7paqv,1,natedorsey60l.bsky.social,gregpinelo.bsky.social
did:plc:va6jcgdoknimuxaa6ooljqxk,did:plc:b6ifksscllmlnu43f3znvnw2,1,bobbybuckets313.bsky.social,oobh.bsky.social
did:plc:vaevyimmc6eat2rqyupxarhy,did:plc:2su6e6a6pvnmehjhexwconsc,2,midwestache.bsky.social,circlecitygay.bsky.social
did:plc:vaevyimmc6eat2rqyupxarhy,did:plc:mblrblk2fph5dfnmmgz3zyul,1,midwestache.bsky.social,tksobi.bsky.social
did:plc:vajrjb5mfymqeeratntt6d2g,did:plc:7sfnardo5xxznxc6esxc5ooe,1,topo507.bsky.social,nba.com
did:plc:varcyhf2ywtdbjh6etw6u5jo,did:plc:aii7twankqtrkspfpvetcxvq,1,izmeagain.bsky.social,jazzreads.bsky.social
did:plc:vb7iikxpdtc3ox5o27tjl4sl,did:plc:6bfobt7ssw6scat2h3uzvg25,3,oldbaby.bsky.social,badposter.lol
did:plc:vbnrosghuzmkrngjhvi356zf,did:plc:stnds3lpe36fa2nb4msw42rg,1,chuck-kirby.bsky.social,honestlarry.bsky.social
did:plc:vbq3k2c3ijowvq6jnmkuyvbi,did:plc:tl6ldv7wwu3a76gghdjwdaqc,1,asleepturnpike.bsky.social,trappedinazorb.bsky.social
did:plc:vc5gqsirtkoyuqskeogkqiht,did:plc:cyflytcyyyhawlrnnwiv25nd,1,mktwgoldstein.bsky.social,btoporek.bsky.social
did:plc:vc7f4oafdgxsihk4cry2xpze,did:plc:aztirhi4lcyupygel6fz6h22,1,jcsalterego.bsky.social,bfmitchell.bsky.social
did:plc:vc7f4oafdgxsihk4cry2xpze,did:plc:i4yqih65sftboupjwcnegqea,1,jcsalterego.bsky.social,bartsmith.bsky.social
did:plc:vc7gkpywv6giqcbnjvczsrqp,did:plc:oz6bkpnskcieebyvfstd4asb,1,lizroscher.bsky.social,baumann.bsky.social
did:plc:vcc2m5cyxy2ox6n545tlxzkr,did:plc:g2aq2tld5ukrbi7txlusrfel,1,geraltofphilly.bsky.social,johngonzalez.bsky.social
did:plc:vcj4mjxarq7f57rqe2poim3b,did:plc:7giugsiydb7mj2j3a5u6nuyn,1,nedzissou.bsky.social,canishoopus.bsky.social
did:plc:vck5kip3ynqq4ha2a2ntwmr5,did:plc:22fudzaxnal4ddodzv2o6mwk,2,martinkroeger.dk,jmcdonaldsa.bsky.social
did:plc:vcry2gt5cfrk6fhnlneuyzkg,did:plc:iyqwgl4jqgfkenduzefwnprg,1,origwolfepack.bsky.social,chrislempesis.bsky.social
did:plc:vcumvue2gcsxexermtdg6cr7,did:plc:uwunrc4me5vby6eef4xymwbh,1,tommybeernba.bsky.social,wildstreet.bsky.social
did:plc:vczfx2dcqnna24ma26ace4wi,did:plc:b2kutgxqlltwc6lhs724cfwr,1,solace617.bsky.social,theathletic.com
did:plc:vd7rarf3jqvkry7wrh52buce,did:plc:t4i3a4fawuzge3dsw2i2h2fw,1,hebalevitt.bsky.social,markjacob.bsky.social
did:plc:vdataqp43f5bxhbpmhiztzvz,did:plc:nyhnflzpiytm3ydacqbdqnqt,1,cecilnagy.bsky.social,seanyyz.bsky.social
did:plc:vdishdmpsww7b3e4ey7hx53t,did:plc:nyjqrij2kphhkt3cmvi7ryyg,1,jda5id.com,nolanhahn.bsky.social
did:plc:vdr5kbdaticrcwtvc3y6vqps,did:plc:prh57kfychp5kmr6fod3drkq,1,cackalackygooner.bsky.social,twincitiesgooners.bsky.social
did:plc:vdrivgk3mnbaaynd2uh2kdma,did:plc:nugufccfjvpl4p4twnr4pco3,1,00-gram.bsky.social,waldersports.bsky.social
did:plc:vdyw7lv45m755ne5sxelimkn,did:plc:5hputtkqrqbwjqow5hckvguf,4,taastee.blacksky.app,mdot1.bsky.social
did:plc:vefzh2tiuemdpissmq3nwoqk,did:plc:ykogcak73ztvcv22kscseimg,1,intothewall.bsky.social,ramsandhoosiers.bsky.social
did:plc:verqqazdteohzwehykkrkre5,did:plc:xsvfffxjw2dvdw32q4zkxfta,1,spreeeeeeeeeeee.bsky.social,rey-rey.net
did:plc:verqqazdteohzwehykkrkre5,did:plc:zgw663lwxmujmen5k4jmjair,1,spreeeeeeeeeeee.bsky.social,danfavale.bsky.social
did:plc:veunk7acwr6z2kreaiywbw4u,did:plc:gda4iajw57bkuzbpnt24x6vt,1,joyouspanther.bsky.social,andrewwmiller.com
did:plc:veunk7acwr6z2kreaiywbw4u,did:plc:sa73fbx3vxzh2fw5pu5wmief,1,joyouspanther.bsky.social,shamsbot.bsky.social
did:plc:vf5yjl4sz5by2epajwfae4gl,did:plc:2emupgm6taztttxwrjk4qk22,1,mtslots.bsky.social,1robgunther.bsky.social
did:plc:vfemrhp5bbx5f23wtk5nknvz,did:plc:jszy2fvtipwprnjhe7pxytfv,1,sini5tar.bsky.social,chicagotribune.com
did:plc:vfi77nom5cwpnhurnxhy7ltj,did:plc:xmqfcnozngferecpmmu73i4v,1,lasagnazero.bsky.social,joeovies.bsky.social
did:plc:vfojmjsozyiddsubys2gqk32,did:plc:6qwtiw4zof5wvf76wmltkiag,1,loyalroyal.bsky.social,damonskis.bsky.social
did:plc:vfojmjsozyiddsubys2gqk32,did:plc:gdaihxggchxcylraxgztzb6z,1,loyalroyal.bsky.social,helloitsmechloe.bsky.social
did:plc:vfojmjsozyiddsubys2gqk32,did:plc:ne344shcm2jowdwh5whzkgfn,1,loyalroyal.bsky.social,faignews.bsky.social
did:plc:vfp4irzifd7r2pkra6fyvd4u,did:plc:ktm6re4cnbcv5bz7z6sger35,1,atrpdx.bsky.social,walkoffbalk.bsky.social
did:plc:vfq2agslg2sbjzekt7tnist7,did:plc:6mbsium2s6bjj22ouaxjuu4x,1,karmitthesnitch.bsky.social,thebennatan.bsky.social
did:plc:vfq2agslg2sbjzekt7tnist7,did:plc:cyflytcyyyhawlrnnwiv25nd,2,karmitthesnitch.bsky.social,btoporek.bsky.social
did:plc:vfutz6zl3mpx2oyczksscpsy,did:plc:gpeuaxhofz2u5zuftro4k6uv,1,vgmuseum.bsky.social,gamesmaster5555.bsky.social
did:plc:vg6357x2o7oomjvxqt6rthj2,did:plc:xmqfcnozngferecpmmu73i4v,1,amy-new-sky.bsky.social,joeovies.bsky.social
did:plc:vgng6gg2uxdlqc2e4hnwiahp,did:plc:3vrtws7qibiqus5h2wuq2at2,1,jeddadiah-tomas.bsky.social,mbkings.bsky.social
did:plc:vgng6gg2uxdlqc2e4hnwiahp,did:plc:6z5ukven6blrpxpqda4az7wq,1,jeddadiah-tomas.bsky.social,tallskinnyben.bsky.social
did:plc:vgng6gg2uxdlqc2e4hnwiahp,did:plc:ml7jaq5xrzjp7wekbetnd2nb,3,jeddadiah-tomas.bsky.social,benjaminabaya.com
did:plc:vgng6gg2uxdlqc2e4hnwiahp,did:plc:pac3yyffe2s6udlooifg2dyl,2,jeddadiah-tomas.bsky.social,thekingsherald.bsky.social
did:plc:vgng6gg2uxdlqc2e4hnwiahp,did:plc:q2u3j6t4edsdfj2zj5sjgrz3,1,jeddadiah-tomas.bsky.social,brendennba.bsky.social
did:plc:vgng6gg2uxdlqc2e4hnwiahp,did:plc:x4gxcq7uospumk5ewsitfvse,1,jeddadiah-tomas.bsky.social,getsit.bsky.social
did:plc:vgwy2b3rrcewfdazrkanjbg4,did:plc:7nbq7mmfhtdjlehtcbktfmsm,1,veryimportant.lawyer,noahhunter.bsky.social
did:plc:vgwy2b3rrcewfdazrkanjbg4,did:plc:hf7ezrajxadu7v3tzcyij424,2,veryimportant.lawyer,parkermolloy.com
did:plc:vgwy2b3rrcewfdazrkanjbg4,did:plc:luj2weaxox76i4qtfj3qgqsj,1,veryimportant.lawyer,adijoseph.bsky.social
did:plc:vgwy2b3rrcewfdazrkanjbg4,did:plc:pu475gkwzjapusiz2rrpie3a,1,veryimportant.lawyer,chinajoeflynn.bsky.social
did:plc:vh35ls3pm3o7jdjjw2uh7jjz,did:plc:hf7ezrajxadu7v3tzcyij424,1,tylercheung.bsky.social,parkermolloy.com
did:plc:vh5uq5ewqojvpdcucvfmmax6,did:plc:qxzivh5uhnv2ztr242wd4jnk,1,greenmoose99.bsky.social,fcartoscelli3.bsky.social
did:plc:vhawnn7cz77rbjnrtkxrzh7b,did:plc:oyjfugwmwjidtn2ygp3jm3ei,1,nymc32986.bsky.social,hafk.bsky.social
did:plc:vhawnn7cz77rbjnrtkxrzh7b,did:plc:uot2muy7bgn6ju7lj23ztk3i,5,nymc32986.bsky.social,mellyinchains.bsky.social
did:plc:vhhlqtoqj5hvgviyfihjyagz,did:plc:funaknp2vl6gapo6dyaf5grw,1,mcnulla.bsky.social,jeffgspurs.bsky.social
did:plc:vhhlqtoqj5hvgviyfihjyagz,did:plc:lmpsrhr4uqujljodp5ibb37g,1,mcnulla.bsky.social,nbaskythreads.bsky.social
did:plc:vhhlqtoqj5hvgviyfihjyagz,did:plc:v5jl5v6lpsxraicxvjearya5,1,mcnulla.bsky.social,brentyndo.bsky.social
did:plc:vhhlqtoqj5hvgviyfihjyagz,did:plc:wvkue2udygbo2cs6bwsivr4z,1,mcnulla.bsky.social,news247planet.bsky.social
did:plc:vhnfwd6hi6kvpkv6cswbzmai,did:plc:26375peygwnrijoepmy2fdcs,1,ol-guillermo.bsky.social,washingtonstatestandard.com
did:plc:vhnfwd6hi6kvpkv6cswbzmai,did:plc:b2kutgxqlltwc6lhs724cfwr,1,ol-guillermo.bsky.social,theathletic.com
did:plc:vhnfwd6hi6kvpkv6cswbzmai,did:plc:luofuy2uw7g4vsd2vbwidtel,1,ol-guillermo.bsky.social,keithsmithnba.bsky.social
did:plc:vhnfwd6hi6kvpkv6cswbzmai,did:plc:pafykfryhjyyhnvzzbygjcjf,2,ol-guillermo.bsky.social,c0urtney-danvers.bsky.social
did:plc:vhqyqqfqeylpuov4wql3oy4b,did:plc:habzvkjqgvnw7a3xv6s5qvsu,1,imccullough.bsky.social,dmmgetc.bsky.social
did:plc:vhqyqqfqeylpuov4wql3oy4b,did:plc:luofuy2uw7g4vsd2vbwidtel,1,imccullough.bsky.social,keithsmithnba.bsky.social
did:plc:vigw4cmdhwvcwbacyogz3qzx,did:plc:qqdqgzpqwyho4cxzso62m54q,1,karenmoongoddess.bsky.social,juliedicaro.bsky.social
did:plc:vir57wksxr3oijdhnjcllrp7,did:plc:py7chfax4ftugpcpyj2binih,1,jimcookmsp.bsky.social,christopherhine.bsky.social
did:plc:vir57wksxr3oijdhnjcllrp7,did:plc:trxxappu7imi7vcpi64uinjn,1,jimcookmsp.bsky.social,johnnyasheville.bsky.social
did:plc:viuetxadfuszx4tiukyn4gfu,did:plc:b2kutgxqlltwc6lhs724cfwr,1,markwmcd4.bsky.social,theathletic.com
did:plc:vj2cbrm7b3p5vosgmrcxhe2g,did:plc:e62gb2ushvtvjvqcbrxeaw2n,1,zilognmotohost.bsky.social,chrislhayes.bsky.social
did:plc:vj2cbrm7b3p5vosgmrcxhe2g,did:plc:upr4imh4klftvmjifb3di6rj,1,zilognmotohost.bsky.social,josephzucker.bsky.social
did:plc:vjgdpgtm6sbmz32bor42bxub,did:plc:oaghntcihvzqkirfcn4faarb,1,dgasser.bsky.social,mitchellepner.bsky.social
did:plc:vjqzdpvsy62ugfenawq4duhx,did:plc:cyflytcyyyhawlrnnwiv25nd,1,old-man-johnson.bsky.social,btoporek.bsky.social
did:plc:vkcfjrkbymykmiedhjvagsp7,did:plc:e7fdktkwv37ws6rljgnoljfz,1,alexanderckane.bsky.social,jbeede.bsky.social
did:plc:vkqjs7v2wn4od42knq4csgnj,did:plc:77r5i7bdjm2fm5bk4qcpwblw,2,upuque.bsky.social,paintnpdx.bsky.social
did:plc:vkscmsai332mec5jpn7yrwou,did:plc:tlf5hilbsn7vlw3rzunbzvw3,1,artemromanov.bsky.social,fredsmith.bsky.social
did:plc:vl7xfk75ufxgmolpoect47ez,did:plc:nxbs3p7sn4i6i73tkw6xwhxz,1,thuginator.bsky.social,genxkelly.bsky.social
did:plc:vl7xfk75ufxgmolpoect47ez,did:plc:uj3zyf2nlre7t5orkcukexi4,2,thuginator.bsky.social,playest.bsky.social
did:plc:vl7xfk75ufxgmolpoect47ez,did:plc:yaxysnurlgxh5uytadl66yvn,3,thuginator.bsky.social,ripcitykeith.bsky.social
did:plc:vlbsl66mhkb2uurlqzczugr3,did:plc:sa73fbx3vxzh2fw5pu5wmief,1,highsierra6100.bsky.social,shamsbot.bsky.social
did:plc:vlhcxdn3ghu24tuf4wqbxke5,did:plc:paf4vetn26bu7uggsie3vyrc,1,bewilder619.bsky.social,lawmurraythenu.bsky.social
did:plc:vlhcxdn3ghu24tuf4wqbxke5,did:plc:vqym5crxn2544jx3vzooto3n,1,bewilder619.bsky.social,bestclipfan.bsky.social
did:plc:vlhhxgchgvz6cu2cec4nb7cx,did:plc:waoj7sifbp6n2josefuxhcod,1,fullcounttommy.bsky.social,matrueblood.bsky.social
did:plc:vlohamj2t4vaesgypnajqehk,did:plc:g7a6qji72odgptnddtrkdchy,1,solana77.bsky.social,mrbuckbucknba.bsky.social
did:plc:vlok63tvtdztzfhj4tgk6y3j,did:plc:k6dttcbfdx4xwhvpfqylyl34,1,charlieoconn.bsky.social,theflyersprism.bsky.social
did:plc:vlplfcuprv4wnqdh2apci7ia,did:plc:26375peygwnrijoepmy2fdcs,1,johnwalczak.bsky.social,washingtonstatestandard.com
did:plc:vm3iepy54hjyq3tnrnc5xje4,did:plc:uwbe3i7bi7ziqhrwrtuf22ss,1,rogersparkman.bsky.social,jamesfinngarner.bsky.social
did:plc:vmuzw3azpzkoqblyodclv53z,did:plc:rrh5me656wmncolysevqhc4y,1,symonpratt.bsky.social,adamaaronson.bsky.social
did:plc:vnqy25nt5jqtskfieukwmzbm,did:plc:g7a6qji72odgptnddtrkdchy,2,dloitz.bsky.social,mrbuckbucknba.bsky.social
did:plc:vnqy25nt5jqtskfieukwmzbm,did:plc:luofuy2uw7g4vsd2vbwidtel,5,dloitz.bsky.social,keithsmithnba.bsky.social
did:plc:vnqy25nt5jqtskfieukwmzbm,did:plc:odrm6vwb4hl6jqvz46ali4ll,1,dloitz.bsky.social,opinionatedwino.bsky.social
did:plc:vnqy25nt5jqtskfieukwmzbm,did:plc:oiurjhhcgtgkujuksrr4jxqk,1,dloitz.bsky.social,joshrobbins.bsky.social
did:plc:vnqy25nt5jqtskfieukwmzbm,did:plc:paf4vetn26bu7uggsie3vyrc,1,dloitz.bsky.social,lawmurraythenu.bsky.social
did:plc:vnqy25nt5jqtskfieukwmzbm,did:plc:sa73fbx3vxzh2fw5pu5wmief,2,dloitz.bsky.social,shamsbot.bsky.social
did:plc:vnyesdkoui5dutd2dzcqxbgt,did:plc:4wagnviqszco5yy37lzgggl3,1,richardamann.bsky.social,jm539581.bsky.social
did:plc:vo5d2u4yykiy64dxnh7vug7w,did:plc:6jpqgc6d4tplxcioxuh7khmr,1,dizzlevernetti.bsky.social,jimowczarski.bsky.social
did:plc:vof5necvfp7wbev3xh7o2j3u,did:plc:7ksdv5tdc5pgtzjdc3mm6r2g,1,rafamonje.bsky.social,diario.red
did:plc:vomglg72dcbaq6haskhc2quf,did:plc:baqegknyonql3dppy43lqaeg,1,mikeytime41.bsky.social,harrisongrimm.bsky.social
did:plc:vomglg72dcbaq6haskhc2quf,did:plc:e3ktrbooe3mildj4hhwhsvtc,1,mikeytime41.bsky.social,mikeascotto.bsky.social
did:plc:vop66cocf34xijty4i3fkb4v,did:plc:t4i3a4fawuzge3dsw2i2h2fw,1,goodparliament.bsky.social,markjacob.bsky.social
did:plc:vpbernhkthlhzdybhar225b2,did:plc:4e6sxvjurtssobsfnzucqqwq,1,scottstrivia.bsky.social,susanmills158.bsky.social
did:plc:vpbernhkthlhzdybhar225b2,did:plc:j5itcajzspjeqsnnkgj2zsyx,1,scottstrivia.bsky.social,joanronhock.bsky.social
did:plc:vpbernhkthlhzdybhar225b2,did:plc:jnwdt7hj4fb5wz7f555zs2cn,1,scottstrivia.bsky.social,rosewig.bsky.social
did:plc:vplksimsqa7kz73omnpzo7qw,did:plc:5t3z7zuo2rbw4xhzyre2wclw,1,felina510.bsky.social,marqed4death.blacksky.app
did:plc:vpzzh52af5tzddhxuhf3zgrh,did:plc:x4lax6zgks5p54i625edfheb,1,siropdocco.bsky.social,dannyfonz.bsky.social
did:plc:vq3u47qikgfxsc7urdf4iv47,did:plc:t4i3a4fawuzge3dsw2i2h2fw,1,ginalolajupiter.bsky.social,markjacob.bsky.social
did:plc:vq47dnnhpwl2jir45t2vd76i,did:plc:h2a5kxu5vmu6xcdlzadnhw4y,3,jimmyfk.bsky.social,btothed.bsky.social
did:plc:vq47dnnhpwl2jir45t2vd76i,did:plc:i6do4inruuxdv7p4sit6wnyn,3,jimmyfk.bsky.social,danshafer.bsky.social
did:plc:vq47dnnhpwl2jir45t2vd76i,did:plc:whhcdajiyhuhv4whb6vjwgpl,1,jimmyfk.bsky.social,dmaciejewski.bsky.social
did:plc:vq47dnnhpwl2jir45t2vd76i,did:plc:wkbysllyarm4b3kxrj3mfxau,1,jimmyfk.bsky.social,stpaulite.bsky.social
did:plc:vqtakzi5bityrtbjj4cfan4l,did:plc:iube2dajl4h7hknntpuyoeym,1,bubbaprog.xyz,grahamj.bsky.social
did:plc:vqts57lodmy54tmvr3yylfu6,did:plc:bws3wklsuzzt2a6dudwkr2bv,1,chunk22.bsky.social,brooklyn9099.bsky.social
did:plc:vqym5crxn2544jx3vzooto3n,did:plc:p5ixn42uyeqfxh54hc5qxsl4,1,bestclipfan.bsky.social,johnathanochonueve.bsky.social
did:plc:vqym5crxn2544jx3vzooto3n,did:plc:sa73fbx3vxzh2fw5pu5wmief,1,bestclipfan.bsky.social,shamsbot.bsky.social
did:plc:vqzygotlbrcmbv4hidmnxa4z,did:plc:d5fcwvteifrltvhrkaoncaxr,1,onlyonejj.bsky.social,goody2sneakers.blacksky.app
did:plc:vrcxgs6bjghzx7henluygaul,did:plc:cwoisadsh554flcux7i5szar,1,dhardin.bsky.social,dartadams.bsky.social
did:plc:vrt3o4fw6zb63ybu4kk2di2s,did:plc:luofuy2uw7g4vsd2vbwidtel,1,mammoth-mike.bsky.social,keithsmithnba.bsky.social
did:plc:vsjwxs3dz2gv7eizsihqs5hk,did:plc:luofuy2uw7g4vsd2vbwidtel,1,stoney337.bsky.social,keithsmithnba.bsky.social
did:plc:vsjwxs3dz2gv7eizsihqs5hk,did:plc:sa73fbx3vxzh2fw5pu5wmief,1,stoney337.bsky.social,shamsbot.bsky.social
did:plc:vsklsfkjmynme3prwotp2hpi,did:plc:2t4ptcyt6qhmy3m42tuljgwd,1,austincharlesla.bsky.social,pesanchez.bsky.social
did:plc:vsqkxclsayayemgxp5eyqrfz,did:plc:sa73fbx3vxzh2fw5pu5wmief,1,mousedance.bsky.social,shamsbot.bsky.social
did:plc:vsqpdbfrqt7p5p4tlssvjvop,did:plc:22fudzaxnal4ddodzv2o6mwk,1,lukemeister.bsky.social,jmcdonaldsa.bsky.social
did:plc:vsqpdbfrqt7p5p4tlssvjvop,did:plc:j24jtz7xkt5ttdsk32mmpkvn,1,lukemeister.bsky.social,johnhollinger.bsky.social
did:plc:vsqpdbfrqt7p5p4tlssvjvop,did:plc:y3v2urzjdf5kawk72ymmxytd,1,lukemeister.bsky.social,jermany.bsky.social
did:plc:vu5swjxgbdpcsrhthj37lsju,did:plc:eu4mhbymwbenkogsr7sdz63d,1,dr-thompson.bsky.social,definitelyjustbob.bsky.social
did:plc:vu5swjxgbdpcsrhthj37lsju,did:plc:o7nvaeky6b42dplp2ssdudvw,1,dr-thompson.bsky.social,ohnohedidnt24.bsky.social
did:plc:vu5swjxgbdpcsrhthj37lsju,did:plc:umr34sm3nlaamsqcuxm3p4wp,1,dr-thompson.bsky.social,talkinkings.bsky.social
did:plc:vua3nif7yluqys62cf6ecktr,did:plc:uxdeuk5enc3mmn3r4evxrsu3,1,salsa-wits.bsky.social,tiptoe39.bsky.social
did:plc:vuo5cghonwmfblp2khoojsrl,did:plc:6jpqgc6d4tplxcioxuh7khmr,1,nickyclamps.bsky.social,jimowczarski.bsky.social
did:plc:vuo5cghonwmfblp2khoojsrl,did:plc:glmxe4fbzv5zu4vblv7hnh4b,1,nickyclamps.bsky.social,marlaef.bsky.social
did:plc:vvc4t6lho3wyaplmeg747bzs,did:plc:f3wswzku32p4pst6weqvv7e5,1,theshayd.bsky.social,fastfingersaudit.bsky.social
did:plc:vvusi4gbo5oiihgdgxdepbcp,did:plc:aybotarrzwf3by4mhvtzyk5b,1,sjkamin.bsky.social,benschleuss.bsky.social
did:plc:vvusi4gbo5oiihgdgxdepbcp,did:plc:jrpwkpac6iln5fvva4fq5twa,1,sjkamin.bsky.social,carloapostoli.ft.com
did:plc:vvusi4gbo5oiihgdgxdepbcp,did:plc:luofuy2uw7g4vsd2vbwidtel,1,sjkamin.bsky.social,keithsmithnba.bsky.social
did:plc:vw4k5hghpxj5rscv2poseara,did:plc:e62gb2ushvtvjvqcbrxeaw2n,1,86-emall.bsky.social,chrislhayes.bsky.social
did:plc:vw4sfkfvggi2a3mbfm2xgh52,did:plc:7vagxrj6ra6fikqrpm6a45v2,1,lexluddy.xyz,philsalv.bsky.social
did:plc:vwn7nizx6f7mky53a4kgkvtw,did:plc:b2kutgxqlltwc6lhs724cfwr,1,sportingfandom.bsky.social,theathletic.com
did:plc:vwxutee6gopkcochlvzuafki,did:plc:lyvztfv2xp5su33ype2ddqgk,1,raquelnyc1990.bsky.social,bibliophile99.bsky.social
did:plc:vx3lmquijgn4b246jeo2opki,did:plc:bnrvxigpgotzdtuz6c5wahcb,1,plootube.bsky.social,bugsysig.bsky.social
did:plc:vx3lmquijgn4b246jeo2opki,did:plc:cc7tzd4bb5sh6d5taioq256d,2,plootube.bsky.social,candacepedraza.bsky.social
did:plc:vxbzzvdpkuryrnky7bzql3j5,did:plc:zunweygjhrb2zknpcs2ke5rw,1,icehockeystick.bsky.social,dreyesceron.bsky.social
did:plc:vxhjfavsmnb36us2rzsv64tt,did:plc:4bpnr3jjcw235244hglgrm2g,1,ab4aoc.bsky.social,choclvr.bsky.social
did:plc:vxidex3kqale3fnkpdxmabx2,did:plc:siueopps7kegtrqorauilhlp,1,ty-anderson.bsky.social,janney.bsky.social
did:plc:vynl6il44o4q7zjaudjtbiqn,did:plc:dwt2qbqzkfrhootj6ax62fpw,2,ptros.bsky.social,johncorn.bsky.social
did:plc:vynl6il44o4q7zjaudjtbiqn,did:plc:glmxe4fbzv5zu4vblv7hnh4b,1,ptros.bsky.social,marlaef.bsky.social
did:plc:vypepewgdr5ae37qyh4ui5as,did:plc:dlbppl2kdyccutor3t3jsuan,1,russbengtson.bsky.social,evanempdx.bsky.social
did:plc:vypepewgdr5ae37qyh4ui5as,did:plc:paf4vetn26bu7uggsie3vyrc,1,russbengtson.bsky.social,lawmurraythenu.bsky.social
did:plc:vypepewgdr5ae37qyh4ui5as,did:plc:veunk7acwr6z2kreaiywbw4u,1,russbengtson.bsky.social,joyouspanther.bsky.social
did:plc:vypepewgdr5ae37qyh4ui5as,did:plc:voi77qylhek7naxz3ajghrls,1,russbengtson.bsky.social,miketaddow.bsky.social
did:plc:vypepewgdr5ae37qyh4ui5as,did:plc:vqtakzi5bityrtbjj4cfan4l,1,russbengtson.bsky.social,bubbaprog.xyz
did:plc:vythbqlsulhf7p2xgufb3sqj,did:plc:u3ehlowkbpz7m6luyvyoshmd,1,rockiesvsconnor.bsky.social,blindmanbaldwin.bsky.social
did:plc:vz5s2bjieysjmlle7patjucp,did:plc:cyflytcyyyhawlrnnwiv25nd,1,jesuszoidberg.bsky.social,btoporek.bsky.social
did:plc:vzjvjxhejzpimb3tza7lcgct,did:plc:hf7ezrajxadu7v3tzcyij424,1,godzillavs.bsky.social,parkermolloy.com
did:plc:vzv6r6pzy5wrudt7q6q73u4b,did:plc:2mxadfg4ck5lwlur64dsvan7,1,kontinentalkitties.bsky.social,brenda2026.bsky.social
did:plc:vzvuuoeytlh4ylsthl6a3ezx,did:plc:e62gb2ushvtvjvqcbrxeaw2n,1,laprintmaker.bsky.social,chrislhayes.bsky.social
did:plc:w27fa5wqj4wuuzeyutxwgxxr,did:plc:nsttbhhihov4y5yejsri2zlr,1,subversivecomedy.bsky.social,nancylevinestearns.bsky.social
did:plc:w2nqougpqzyrcfea2czgookp,did:plc:rrh5me656wmncolysevqhc4y,1,toddkbailey.bsky.social,adamaaronson.bsky.social
did:plc:w2nw52yygxzjzsj4wlx5ti3m,did:plc:b2kutgxqlltwc6lhs724cfwr,1,superturbo.bsky.social,theathletic.com
did:plc:w2xsqdepu3h3iovyxioamsgl,did:plc:o2xuk3kmy2xwif2j5p5fe4vr,1,veryvivian.northsky.social,deadheadgirly.bsky.social
did:plc:w33vdlszgay2mejigqxqcyku,did:plc:e62gb2ushvtvjvqcbrxeaw2n,1,dersonhendorion.bsky.social,chrislhayes.bsky.social
did:plc:w36wee3tnhrj752f7s7qukjs,did:plc:fgpyya4en5thfmi6usrr3kvv,1,dktrstrangelove.bsky.social,jasonkirk.fyi
did:plc:w3upqwzuc6th2k5wkdmtgoqa,did:plc:luofuy2uw7g4vsd2vbwidtel,1,willybeamin413.bsky.social,keithsmithnba.bsky.social
did:plc:w4cabs2kgni7ssxtspyktnx2,did:plc:kyjcajocwguwumqkggc5ujfu,1,willymayzzz.bsky.social,coxsportsohio.bsky.social
did:plc:w4msmrmlevrhkqhdrum62r7y,did:plc:b2kutgxqlltwc6lhs724cfwr,1,grumpyjay.bsky.social,theathletic.com
did:plc:w5mqijvba4ikitbtljhxn6gs,did:plc:ppxb5lb5drfz2kcgb77l7tie,1,dblewis.bsky.social,shamus.bsky.social
did:plc:w5q45t3jdvm2gjuygr5tfeqa,did:plc:nk756gkpj52ryc6gaorkvctp,1,larsiversen.bsky.social,nbacobwebs.bsky.social
did:plc:w5t2oyxbujsao46lh72cevxw,did:plc:2fil3vrrymlpa5uspsfgo37i,1,neptunelover.bsky.social,justinanumudu.bsky.social
did:plc:w5uqfqu2xlmx6hxsumdxa76b,did:plc:2fil3vrrymlpa5uspsfgo37i,1,sdphilliesfan.bsky.social,justinanumudu.bsky.social
did:plc:w5uqfqu2xlmx6hxsumdxa76b,did:plc:elsreb5fzv2hzxafxr6i6wrw,1,sdphilliesfan.bsky.social,magiclady58.bsky.social
did:plc:w5v3k4m55isf3hblop4xov4x,did:plc:u7yyl3drjaey2fnljmw7vyiu,1,whatsupspence.bsky.social,daveycurry.bsky.social
did:plc:w6cltrwvsgjs7lc45sxmjanq,did:plc:cyflytcyyyhawlrnnwiv25nd,1,donnysmithern.bsky.social,btoporek.bsky.social
did:plc:w6cltrwvsgjs7lc45sxmjanq,did:plc:sa73fbx3vxzh2fw5pu5wmief,1,donnysmithern.bsky.social,shamsbot.bsky.social
did:plc:w6j7id5ue4faoc4qb64lctap,did:plc:sskboyevrvghclhrrgpttls5,1,thomascutuil.bsky.social,ericapricot.bsky.social
did:plc:w7mstdanllkdyjcvkjh2mdvh,did:plc:5tlwm4ujvnudrzndqubefgiu,1,hateitorlevitt.bsky.social,danny.page
did:plc:w7mstdanllkdyjcvkjh2mdvh,did:plc:zvgi4eon2fvlemnmaqnmayuk,1,hateitorlevitt.bsky.social,johnkaralis.com
did:plc:w7n7j3vsrmvn43xx25opcfgs,did:plc:44ys7gijqhhnzyubtzkupca3,1,mr-dain.bsky.social,paulknepper.bsky.social
did:plc:w7n7j3vsrmvn43xx25opcfgs,did:plc:fub72umhin72ipq7x7pt6qxk,1,mr-dain.bsky.social,obid2473.bsky.social
did:plc:w7n7j3vsrmvn43xx25opcfgs,did:plc:pmuekp5b3drwnwa7ibv43kd6,1,mr-dain.bsky.social,buddy-k.bsky.social
did:plc:w7y7oqx6rp5b6fh2myjj4a4n,did:plc:srnkqtcpptdtesojmwbgoek2,1,bkey1970.myatproto.social,rodger.bsky.social
did:plc:wadkk6rv4byucqr6tupmfjbu,did:plc:fxj4bu6nocauhlkn3yhhbeqw,1,kimberjohnson.bsky.social,ita99.bsky.social
did:plc:wajdvjtbxxz4b5tbhs7iixbs,did:plc:e3ktrbooe3mildj4hhwhsvtc,1,vasudevank.bsky.social,mikeascotto.bsky.social
did:plc:wajdvjtbxxz4b5tbhs7iixbs,did:plc:fqsmj7o5mbb7n7oav2kkjuid,1,vasudevank.bsky.social,nbastat.bsky.social
did:plc:wajdvjtbxxz4b5tbhs7iixbs,did:plc:g7a6qji72odgptnddtrkdchy,2,vasudevank.bsky.social,mrbuckbucknba.bsky.social
did:plc:wajdvjtbxxz4b5tbhs7iixbs,did:plc:nzt4zxtfvfqfw3mkk2357pgq,2,vasudevank.bsky.social,hardbap.bsky.social
did:plc:wajdvjtbxxz4b5tbhs7iixbs,did:plc:qpid6iui7eh3pirw63j6ggt4,1,vasudevank.bsky.social,jj617.bsky.social
did:plc:wajdvjtbxxz4b5tbhs7iixbs,did:plc:sa73fbx3vxzh2fw5pu5wmief,1,vasudevank.bsky.social,shamsbot.bsky.social
did:plc:wajdvjtbxxz4b5tbhs7iixbs,did:plc:zvgi4eon2fvlemnmaqnmayuk,1,vasudevank.bsky.social,johnkaralis.com
did:plc:wav2issotoqbtspooxlbzeft,did:plc:bzy5rjjduvvkxno5xe3evl3f,1,grubreport.bsky.social,lollardfish.bsky.social
did:plc:wavov6tfzk6fw5yfia6sal4d,did:plc:6t6vdkdtsu2ktffzdydkymey,1,mburchett.bsky.social,goodifitgoes.bsky.social
did:plc:wavov6tfzk6fw5yfia6sal4d,did:plc:kyjcajocwguwumqkggc5ujfu,1,mburchett.bsky.social,coxsportsohio.bsky.social
did:plc:waw6zjjsfghvwrlqafxp7syz,did:plc:4go2od3zyenlagh2gb3o7zhe,1,annaknutson.bsky.social,fishgutzombies.bsky.social
did:plc:waw6zjjsfghvwrlqafxp7syz,did:plc:cgofokv3lrf6vf2kbbi7vwik,1,annaknutson.bsky.social,absoloj.bsky.social
did:plc:waw6zjjsfghvwrlqafxp7syz,did:plc:cyzodwj2gne2vex7man44nir,1,annaknutson.bsky.social,gpthacker.bsky.social
did:plc:waw6zjjsfghvwrlqafxp7syz,did:plc:os3fnft6rrbfowtaafw5trpl,2,annaknutson.bsky.social,nfluger.bsky.social
did:plc:waw6zjjsfghvwrlqafxp7syz,did:plc:yespptplvnse4fwrxgh6vxoz,1,annaknutson.bsky.social,winnesota.bsky.social
did:plc:wbpc33o34bdehepwteafovi3,did:plc:26375peygwnrijoepmy2fdcs,1,kiko26.bsky.social,washingtonstatestandard.com
did:plc:wbpjhdry2la6ozeiqrdmpmms,did:plc:4bfq3ywumjbidz3z5d72zeau,1,kpelton.bsky.social,dmo35.bsky.social
did:plc:wbpjhdry2la6ozeiqrdmpmms,did:plc:6ckvfr3ud52jjedyhye2zpbk,1,kpelton.bsky.social,billyconard.bsky.social
did:plc:wbpjhdry2la6ozeiqrdmpmms,did:plc:6daqsidtm7hl45eohryisabi,2,kpelton.bsky.social,runbabyo.bsky.social
did:plc:wbpjhdry2la6ozeiqrdmpmms,did:plc:dbcvvhbzrx6ayywq6i4pzihb,1,kpelton.bsky.social,richardcohen.bsky.social
did:plc:wbpjhdry2la6ozeiqrdmpmms,did:plc:jqxl2y7zrfqpdvbgzx43fwsh,1,kpelton.bsky.social,sleepingmonkey.bsky.social
did:plc:wbpjhdry2la6ozeiqrdmpmms,did:plc:mqonn2jva7oynmnxixwnh3io,1,kpelton.bsky.social,zjwhitman.bsky.social
did:plc:wbpjhdry2la6ozeiqrdmpmms,did:plc:zpapzfbfr7lztjo5bxqb7dwb,1,kpelton.bsky.social,trazzz123.bsky.social
did:plc:wbqc5xoc2dt4d4fwqaabxfu7,did:plc:bvn5oncrh2mie4nxuzbiqjmi,1,stupidseth.bsky.social,juliapoe.bsky.social
did:plc:wc2b4lfz2txevsii3tlhj2uv,did:plc:tgfpwqmiqf7buprfoyhespib,1,keencommander.bsky.social,graysnaps.bsky.social
did:plc:wcihvwdx4zaltgddhtz5a4ct,did:plc:a7zvzcmpk4um5wrlg2vleeis,1,merks.bsky.social,asypniew.bsky.social
did:plc:wcihvwdx4zaltgddhtz5a4ct,did:plc:sa73fbx3vxzh2fw5pu5wmief,1,merks.bsky.social,shamsbot.bsky.social
did:plc:wckq2bfhkw66lfbtmdki3rdd,did:plc:x63e3rdepw2zmb5stszedwcc,1,sailoop.bsky.social,deadboidonut.bsky.social
did:plc:wcq2rr37wt3jcj4xui4m26k6,did:plc:r75hy7lkaay466pi6tislogy,1,growndistracted.bsky.social,brooklynbuckets.bsky.social
did:plc:wcug6hezkupyq5dsyngs4g2o,did:plc:b2kutgxqlltwc6lhs724cfwr,1,wagon18.bsky.social,theathletic.com
did:plc:wdancjsajrehrfx4gbf6n7br,did:plc:k6jgbx7wc657rq2tzziyxhti,1,nyconene.bsky.social,tediosa-miss.bsky.social
did:plc:wdbavdispmi24skduk5yrkjn,did:plc:ax7rysolsh33xnejgfizhkqj,1,therealtfv.bsky.social,gretab.bsky.social
did:plc:wdcfu747ve7jannqbwz2vloq,did:plc:e3ktrbooe3mildj4hhwhsvtc,1,brokensymmetry.art,mikeascotto.bsky.social
did:plc:wdcfu747ve7jannqbwz2vloq,did:plc:jbe67uj6cqbop63fcqjg23eg,1,brokensymmetry.art,joeythebonzo.bsky.social
did:plc:wdcfu747ve7jannqbwz2vloq,did:plc:tg7ecxzkzob4dg4ebcsshail,1,brokensymmetry.art,squirrelygirl.bsky.social
did:plc:wdcfu747ve7jannqbwz2vloq,did:plc:twnch2drro4hipktgynyccaf,1,brokensymmetry.art,ryankbonner.bsky.social
did:plc:wdcfu747ve7jannqbwz2vloq,did:plc:txzobkvgnakv2tjha4jwlqhk,1,brokensymmetry.art,mjstedy.bsky.social
did:plc:wdcfu747ve7jannqbwz2vloq,did:plc:wmrsk3r3oaheriferxt6l2c5,2,brokensymmetry.art,boneydanza.bsky.social
did:plc:wdcfu747ve7jannqbwz2vloq,did:plc:zm4k6pnbawuwxyvefg5s2jrq,1,brokensymmetry.art,dgotte75.bsky.social
did:plc:wdcnndzrk4jcesctpaj62ffd,did:plc:4md3rkqkr6m6ifmggsbz6nde,1,elbasketballrim.bsky.social,nbabeau.bsky.social
did:plc:wdrdm5zsrad2abdfmobhl36f,did:plc:egmrk2mpyhpq56qblaxx4kb6,1,twesq.bsky.social,irishoutsider.bsky.social
did:plc:wdunpcd3kky25ocugsdkfglo,did:plc:6jpqgc6d4tplxcioxuh7khmr,1,bucksfanmike.bsky.social,jimowczarski.bsky.social
did:plc:wdunpcd3kky25ocugsdkfglo,did:plc:wkbysllyarm4b3kxrj3mfxau,1,bucksfanmike.bsky.social,stpaulite.bsky.social
did:plc:wej44ztq2hwxndv5sfv4vvoe,did:plc:2vx7moe4gf6qh3x5s4pokkie,1,cold-feet.bsky.social,ashleysays.bsky.social
did:plc:wfaldq4l36lubac5hutbeqgn,did:plc:ecpfoutqlj2n2g4uxqhu52g3,2,bruceciskie.bsky.social,hustlingdog.bsky.social
did:plc:wfhljp3cd3zlldavd5vo3viw,did:plc:7akuxirbw6xbcaudq3jnlnxk,1,bbburgerrr.bsky.social,danceyrselfdean.bsky.social
did:plc:wfhljp3cd3zlldavd5vo3viw,did:plc:lydpmbuyethpzjta6jeya6m6,1,bbburgerrr.bsky.social,claudiiigrl.bsky.social
did:plc:wftsfb3znktnxuqy46gnizvb,did:plc:26375peygwnrijoepmy2fdcs,1,nerdbrick.bsky.social,washingtonstatestandard.com
did:plc:wg42lji5gs4pua5p5hdvqci6,did:plc:22fudzaxnal4ddodzv2o6mwk,1,crispymainer.bsky.social,jmcdonaldsa.bsky.social
did:plc:wg42lji5gs4pua5p5hdvqci6,did:plc:wllu3uivi6y3nrtjjtz2gpsk,1,crispymainer.bsky.social,seangrandepbp.bsky.social
did:plc:whhcdajiyhuhv4whb6vjwgpl,did:plc:vq47dnnhpwl2jir45t2vd76i,1,dmaciejewski.bsky.social,jimmyfk.bsky.social
did:plc:whigmudcbrjmse5ez6grt7de,did:plc:uqtnb34oh7coqgyvk3ghtqcv,1,imalaserpewpew.bsky.social,kinefresh.bsky.social
did:plc:whmaanyzmvssk6s6r66qryaq,did:plc:sypvr4hor2cjqk2vvpx6tctn,1,breadbae.blacksky.app,nicspalate.bsky.social
did:plc:wholozs4zceo63wiobfvfnra,did:plc:dz7swnlgzjnxehyud3654vqd,1,captfamous.bsky.social,janecoaston.bsky.social
did:plc:wholozs4zceo63wiobfvfnra,did:plc:inqsf2vb3fk6hj2x5r2xd72j,1,captfamous.bsky.social,kdonhoops.com
did:plc:wholozs4zceo63wiobfvfnra,did:plc:luofuy2uw7g4vsd2vbwidtel,3,captfamous.bsky.social,keithsmithnba.bsky.social
did:plc:wholozs4zceo63wiobfvfnra,did:plc:r3ez554dn4nt2hquypu4rw2h,1,captfamous.bsky.social,indiana85.bsky.social
did:plc:wholozs4zceo63wiobfvfnra,did:plc:tceporr2hgnsph6ea3veqnp5,1,captfamous.bsky.social,llcoolray.bsky.social
did:plc:wholozs4zceo63wiobfvfnra,did:plc:zvgi4eon2fvlemnmaqnmayuk,2,captfamous.bsky.social,johnkaralis.com
did:plc:whplk4xrufi7hkh7ntcky36q,did:plc:b2kutgxqlltwc6lhs724cfwr,1,ben-223.bsky.social,theathletic.com
did:plc:whu2w6ztwn6miwkdtfset3zz,did:plc:n6tihxklrwn2gkajlqgla7ar,1,ajm6792.bsky.social,mylittlebloggie.bsky.social
did:plc:wi4lo6qooc52zjxgv4i2fafg,did:plc:a7s3zbf3m62o33ic2fflxhfp,1,mature69regan.bsky.social,exhibitionistnudi.bsky.social
did:plc:wi6gch2mls3o2fxnygce6dmx,did:plc:b2kutgxqlltwc6lhs724cfwr,1,papagiorgio.bsky.social,theathletic.com
did:plc:wii66dcc6f55vmfqoz7yv6rz,did:plc:t4i3a4fawuzge3dsw2i2h2fw,1,katpic57.bsky.social,markjacob.bsky.social
did:plc:win6osvx3grvq56rnchwsxtt,did:plc:4sqpt76q7fonuug3rhyp5riw,1,hpechan.bsky.social,angusmcdeath.bsky.social
did:plc:wj222j7j4agz3k4ikhxrbb4r,did:plc:4xpj3xjxsxxcuh3ghaulzdqu,2,ekoreen.bsky.social,yourmandevine.bsky.social
did:plc:wj222j7j4agz3k4ikhxrbb4r,did:plc:eoyxqj4ubtlsoawomwovkbfg,3,ekoreen.bsky.social,easymmack.bsky.social
did:plc:wj222j7j4agz3k4ikhxrbb4r,did:plc:j24jtz7xkt5ttdsk32mmpkvn,2,ekoreen.bsky.social,johnhollinger.bsky.social
did:plc:wj222j7j4agz3k4ikhxrbb4r,did:plc:luofuy2uw7g4vsd2vbwidtel,1,ekoreen.bsky.social,keithsmithnba.bsky.social
did:plc:wj222j7j4agz3k4ikhxrbb4r,did:plc:paf4vetn26bu7uggsie3vyrc,1,ekoreen.bsky.social,lawmurraythenu.bsky.social
did:plc:wj3y3rjlwevluumgkthz73uh,did:plc:aybotarrzwf3by4mhvtzyk5b,1,wolvesondelay.bsky.social,benschleuss.bsky.social
did:plc:wjcie35pn6o3jwg4rapzicwy,did:plc:hb5s4bd5ctk6inznrn6gf6hx,1,mrquindazzi.bsky.social,basketballtalk.bsky.social
did:plc:wjcie35pn6o3jwg4rapzicwy,did:plc:luofuy2uw7g4vsd2vbwidtel,1,mrquindazzi.bsky.social,keithsmithnba.bsky.social
did:plc:wjcie35pn6o3jwg4rapzicwy,did:plc:natglytz2yjptlzsrl7r656m,1,mrquindazzi.bsky.social,tomwesterholm.bsky.social
did:plc:wjcie35pn6o3jwg4rapzicwy,did:plc:zvgi4eon2fvlemnmaqnmayuk,1,mrquindazzi.bsky.social,johnkaralis.com
did:plc:wjq4sy2q7efirropxrimfptf,did:plc:t4i3a4fawuzge3dsw2i2h2fw,1,kristinekenyon.bsky.social,markjacob.bsky.social
did:plc:wjzgmghmvdbpkap46h6wg6fa,did:plc:sa73fbx3vxzh2fw5pu5wmief,1,bdubcubs.bsky.social,shamsbot.bsky.social
did:plc:wkacyvfndx4txxjbxtzk7icd,did:plc:6xavmse54akxck7wlul3k5d5,1,ozmunjay.bsky.social,fiveburger.bsky.social
did:plc:wkbysllyarm4b3kxrj3mfxau,did:plc:a2txthtridtt2ewikkihcsmz,1,stpaulite.bsky.social,nickclawson.bsky.social
did:plc:wkbysllyarm4b3kxrj3mfxau,did:plc:b6v54l7vnitivlnyqekh47xd,1,stpaulite.bsky.social,tiwindisch.gspn.info
did:plc:wkbysllyarm4b3kxrj3mfxau,did:plc:c3nhpdtyydxcyu5empwuotmo,1,stpaulite.bsky.social,gjsquared.bsky.social
did:plc:wkbysllyarm4b3kxrj3mfxau,did:plc:fguoj4gkt6hxgm3rv73rsfmj,2,stpaulite.bsky.social,rynrly.bsky.social
did:plc:wkbysllyarm4b3kxrj3mfxau,did:plc:i47xvbdnryptseltkv2bvvyi,1,stpaulite.bsky.social,bwpngold.bsky.social
did:plc:wkbysllyarm4b3kxrj3mfxau,did:plc:iyqwgl4jqgfkenduzefwnprg,2,stpaulite.bsky.social,chrislempesis.bsky.social
did:plc:wkbysllyarm4b3kxrj3mfxau,did:plc:jpnthlnrxuvpq6shn6yxleaa,4,stpaulite.bsky.social,mebartl8.bsky.social
did:plc:wkbysllyarm4b3kxrj3mfxau,did:plc:morcnwi6bnqshmhlb5qwk5rp,1,stpaulite.bsky.social,kylebirling.bsky.social
did:plc:wkbysllyarm4b3kxrj3mfxau,did:plc:uk7rsmsirq2xt3yguez3s4go,2,stpaulite.bsky.social,bangoladderdunk.bsky.social
did:plc:wkbysllyarm4b3kxrj3mfxau,did:plc:vq47dnnhpwl2jir45t2vd76i,1,stpaulite.bsky.social,jimmyfk.bsky.social
did:plc:wkbysllyarm4b3kxrj3mfxau,did:plc:yuqa2tjvuc2aykl4juq2mtyc,1,stpaulite.bsky.social,slcpios50.bsky.social
did:plc:wkbysllyarm4b3kxrj3mfxau,did:plc:z5mb5sp42zgb4wxqhj4rzpq5,1,stpaulite.bsky.social,mkejoe.bsky.social
did:plc:wkbysllyarm4b3kxrj3mfxau,did:plc:zsnim3cifnoiamcmtdt3xi2m,1,stpaulite.bsky.social,ckeller141.bsky.social
did:plc:wkssondobxmk6he4okuumupb,did:plc:utybe4atmj6w3feubduxv5o2,1,msmey80.bsky.social,glowdaphglow.bsky.social
did:plc:wlf4i6jwstheknrpz64k4zon,did:plc:wdcfu747ve7jannqbwz2vloq,1,dingbat1477.bsky.social,brokensymmetry.art
did:plc:wln3djwnfncxo72vrrmwx75g,did:plc:hf7ezrajxadu7v3tzcyij424,1,iqgrv.bsky.social,parkermolloy.com
did:plc:wlrdsxxbtovaavicdxqol53k,did:plc:b2kutgxqlltwc6lhs724cfwr,1,vandemoere.bsky.social,theathletic.com
did:plc:wlx4d2d4ahn4y6outgj4m67n,did:plc:sa73fbx3vxzh2fw5pu5wmief,1,smeli.bsky.social,shamsbot.bsky.social
did:plc:wm3f6aam36u7dd4ztget5p63,did:plc:df2gzsny4y5khzaa5rsfrblr,1,bkivett.bsky.social,jameshamnba.bsky.social
did:plc:wm3f6aam36u7dd4ztget5p63,did:plc:urtzlgohgpyod45hftk3tzne,1,bkivett.bsky.social,lotusprime.bsky.social
did:plc:wm44w4u342ruydlmxbr7g57t,did:plc:fg5ks6bevpbwkha6o3s2y27h,1,incompetentweiner.bsky.social,alexkirshner.com
did:plc:wm44w4u342ruydlmxbr7g57t,did:plc:j24jtz7xkt5ttdsk32mmpkvn,1,incompetentweiner.bsky.social,johnhollinger.bsky.social
did:plc:wm44w4u342ruydlmxbr7g57t,did:plc:vypepewgdr5ae37qyh4ui5as,1,incompetentweiner.bsky.social,russbengtson.bsky.social
did:plc:wm5r7rrw2pxj24qbniokofs3,did:plc:nztbvvo2gl4227zuxjf7gog3,1,ransackedroom.bsky.social,ddayen.bsky.social
did:plc:wma5ibbislflql3rgfvmu632,did:plc:2ufp6rz3xoexzw7s3dgfnbbt,1,deaddropholiday.bsky.social,meninblazers.bsky.social
did:plc:wmqeyoxhxyod73wcot4sqhe7,did:plc:zebwupgebiiynx36ubrbunhn,1,jonhamm.bsky.social,prezmullet.bsky.social
did:plc:wmrsk3r3oaheriferxt6l2c5,did:plc:qkwptvtdrtbxxjcfcnnmqmkp,3,boneydanza.bsky.social,zevfern.bsky.social
did:plc:wmrsk3r3oaheriferxt6l2c5,did:plc:tlf5hilbsn7vlw3rzunbzvw3,1,boneydanza.bsky.social,fredsmith.bsky.social
did:plc:wmrsk3r3oaheriferxt6l2c5,did:plc:txzobkvgnakv2tjha4jwlqhk,2,boneydanza.bsky.social,mjstedy.bsky.social
did:plc:wmrsk3r3oaheriferxt6l2c5,did:plc:wdcfu747ve7jannqbwz2vloq,2,boneydanza.bsky.social,brokensymmetry.art
did:plc:wmsnv27cqhlucif2vjjhx2t3,did:plc:t4i3a4fawuzge3dsw2i2h2fw,1,calsantafe.bsky.social,markjacob.bsky.social
did:plc:wmtaovlyklauqsduiiqv5laq,did:plc:yya6wnyy4abb6hgkypepoz5o,1,jpauter.bsky.social,frightwig.bsky.social
did:plc:wnho5eqwg7biytuuaucv3uis,did:plc:rrh5me656wmncolysevqhc4y,1,dreagles.bsky.social,adamaaronson.bsky.social
did:plc:wnno37ppjexptevv5iic3a5p,did:plc:25lslhwbx5x46jpitjpugyby,1,thanksihateit603.bsky.social,gallen89.bsky.social
did:plc:wo3r7swip7dhpifb6wqorcmy,did:plc:sa73fbx3vxzh2fw5pu5wmief,1,caldwell32.bsky.social,shamsbot.bsky.social
did:plc:woe4w3is7bibbzev4lb2bnqj,did:plc:4xaad7thmc4uqdhefbq6vizm,2,jaydubveedub.bsky.social,johnbull.wtf
did:plc:woe4w3is7bibbzev4lb2bnqj,did:plc:mnfrg3uranmquicq6zz7gdij,1,jaydubveedub.bsky.social,thefarmerjones.bsky.social
did:plc:woe4w3is7bibbzev4lb2bnqj,did:plc:urtzlgohgpyod45hftk3tzne,1,jaydubveedub.bsky.social,lotusprime.bsky.social
did:plc:wokarlka6ub2krxpv23hwub4,did:plc:m6k3shpis3mngo5ygpxa27hl,1,mjmoller.bsky.social,thedailygopher.bsky.social
did:plc:womgiopwnjlmn5iax6wqxly5,did:plc:cyflytcyyyhawlrnnwiv25nd,1,falconpaladin.bsky.social,btoporek.bsky.social
did:plc:woub34lbtvksel5wtnvmzvej,did:plc:luofuy2uw7g4vsd2vbwidtel,1,dcarts.bsky.social,keithsmithnba.bsky.social
did:plc:wovvsa3c7xieerny5plpo6z2,did:plc:rel6zoh5cabk5aehngt2wmk7,1,joestieb.bsky.social,wizardsfan73.bsky.social
did:plc:woxocmw6tzlypsx5gv6ocww5,did:plc:hhv67ydqswmrizaz5dqlz336,1,jstriebel.com,ipacers.bsky.social
did:plc:woxocmw6tzlypsx5gv6ocww5,did:plc:pdgveagcybvzfwa7qbcdifvn,4,jstriebel.com,cidmcdp.bsky.social
did:plc:wp6hsd75tury6lssw75ztqsf,did:plc:b2kutgxqlltwc6lhs724cfwr,1,nanham.bsky.social,theathletic.com
did:plc:wp6oep3l55j76cnpvn5uased,did:plc:ce7p6rrbfby6rq7y3gpdzffz,1,lindseyadler.bsky.social,zgoldberg.bsky.social
did:plc:wp6oep3l55j76cnpvn5uased,did:plc:e62gb2ushvtvjvqcbrxeaw2n,1,lindseyadler.bsky.social,chrislhayes.bsky.social
did:plc:wpgg4wrie6q4vtnxans2hst4,did:plc:7uahugigvixjvxd5s2hidpad,2,garyprkr.bsky.social,tonyreast.bsky.social
did:plc:wplwohxvdncympqpvkijnvpm,did:plc:6k7zfvrnus4vjjtnh6xl6hmb,1,ricklockett.bsky.social,mikenordson.bsky.social
did:plc:wpvqdnqnbz2m4rbprsq54xjf,did:plc:2fil3vrrymlpa5uspsfgo37i,1,ellisonx.bsky.social,justinanumudu.bsky.social
did:plc:wpvqdnqnbz2m4rbprsq54xjf,did:plc:2jprfvpdny5oxnqyjs2jijzm,1,ellisonx.bsky.social,spencito.bsky.social
did:plc:wq3k62iybrcncdxx23z2noa5,did:plc:25lslhwbx5x46jpitjpugyby,1,kbenjaminstone.bsky.social,gallen89.bsky.social
did:plc:wq3k62iybrcncdxx23z2noa5,did:plc:6jpqgc6d4tplxcioxuh7khmr,1,kbenjaminstone.bsky.social,jimowczarski.bsky.social
did:plc:wq3k62iybrcncdxx23z2noa5,did:plc:fcfedums2jv4jfzvqogatc7i,1,kbenjaminstone.bsky.social,jesseltaylor.bsky.social
did:plc:wq3k62iybrcncdxx23z2noa5,did:plc:fqsmj7o5mbb7n7oav2kkjuid,1,kbenjaminstone.bsky.social,nbastat.bsky.social
did:plc:wqcjshuzmwdndl4whfgescxd,did:plc:yj436z2s2v37rvaw33lc4ryq,1,dougsloane.bsky.social,mbkplus.bsky.social
did:plc:wqd6thuftjwpzgosbl3tkp2e,did:plc:k2qvkfou3p4mjup5yt35sle4,2,danclyne.bsky.social,wiseposter.bsky.social
did:plc:wr5ctuofq4jmupl2a3jiqgbw,did:plc:cyflytcyyyhawlrnnwiv25nd,1,reidmitchell.bsky.social,btoporek.bsky.social
did:plc:wr5ctuofq4jmupl2a3jiqgbw,did:plc:rrh5me656wmncolysevqhc4y,1,reidmitchell.bsky.social,adamaaronson.bsky.social
did:plc:wr5ctuofq4jmupl2a3jiqgbw,did:plc:zfxkhiy2lyomncn3lykkwzi7,1,reidmitchell.bsky.social,austinkrell.bsky.social
did:plc:wrj744bitpnvqf23qimex7eo,did:plc:ksoq2mbzpv3hxcfhujzlmvsn,1,0ffthebench.bsky.social,libertyballers.bsky.social
did:plc:wrj744bitpnvqf23qimex7eo,did:plc:sa73fbx3vxzh2fw5pu5wmief,1,0ffthebench.bsky.social,shamsbot.bsky.social
did:plc:wrj744bitpnvqf23qimex7eo,did:plc:zfxkhiy2lyomncn3lykkwzi7,1,0ffthebench.bsky.social,austinkrell.bsky.social
did:plc:ws3luxw3gvv7enbmtp5i2wl6,did:plc:7sfnardo5xxznxc6esxc5ooe,1,itsmrmgb.bsky.social,nba.com
did:plc:ws3luxw3gvv7enbmtp5i2wl6,did:plc:e4yx3alnrgpmssb47s2p44uq,1,itsmrmgb.bsky.social,mifordemocracy.bsky.social
did:plc:ws3luxw3gvv7enbmtp5i2wl6,did:plc:prs7f3c3mnvzbwb64evg6rnm,2,itsmrmgb.bsky.social,raptorsscotland.bsky.social
did:plc:ws5fycwz2p4xxvniyf3g4rj2,did:plc:mt7yv7flsjd2s5x5bz4tl7jm,1,crypte.bsky.social,charlie.griefer.com
did:plc:ws5fycwz2p4xxvniyf3g4rj2,did:plc:t4i3a4fawuzge3dsw2i2h2fw,1,crypte.bsky.social,markjacob.bsky.social
did:plc:wseth24is2z4p7qqqs5rfhe6,did:plc:mh7gfvwaoqbn2zomtxasynm6,2,lepetitereboot.bsky.social,ceereespeaks.bsky.social
did:plc:wsgqktlwf4i5h2vtr73suew3,did:plc:ppxb5lb5drfz2kcgb77l7tie,1,colonblow.bsky.social,shamus.bsky.social
did:plc:wspk7owdibvovltr5rdu6qii,did:plc:k6jgbx7wc657rq2tzziyxhti,1,arpagon.bsky.social,tediosa-miss.bsky.social
did:plc:wsrrbmafessk2kkozgqfbrhz,did:plc:zrvckwgjhyinozyzyucecgsh,1,tiffyfone.bsky.social,morganvcat.bsky.social
did:plc:wswzqk3ciwqkeo3iimejaqmq,did:plc:t4i3a4fawuzge3dsw2i2h2fw,1,1toughguy2.bsky.social,markjacob.bsky.social
did:plc:wsybngqp6l5ba4dt7twc26iz,did:plc:5dwbpojkp6wykwcafasvwroi,1,phgoldstein.bsky.social,daltonjohnson.bsky.social
did:plc:wt5cdkc3op6sbrshc4e36nlt,did:plc:hf7ezrajxadu7v3tzcyij424,1,jesustralfaz.bsky.social,parkermolloy.com
did:plc:wte45n5czvhx4vgl4ji6pg4s,did:plc:j24jtz7xkt5ttdsk32mmpkvn,1,76ersbluehens.bsky.social,johnhollinger.bsky.social
did:plc:wte45n5czvhx4vgl4ji6pg4s,did:plc:p27crk6w4tlgtv2ojc5jblde,1,76ersbluehens.bsky.social,youngkeydet.bsky.social
did:plc:wte45n5czvhx4vgl4ji6pg4s,did:plc:rrh5me656wmncolysevqhc4y,1,76ersbluehens.bsky.social,adamaaronson.bsky.social
did:plc:wtm4eogbnsjtclgejscfnvue,did:plc:3uuqepzcthwvmamvlr3zw7rc,1,fifthdentist.bsky.social,jacksimone.bsky.social
did:plc:wtomiqbzp5beepom45krg6xy,did:plc:7sfnardo5xxznxc6esxc5ooe,1,redrumink.bsky.social,nba.com
did:plc:wtp6hfs4qbnd5wn33qhybqfn,did:plc:bmvk3suczvuw6mszso6on6ss,1,cyberzerozx.bsky.social,ageqned.bsky.social
did:plc:wtw2nt7bsjz62il5rrmqxvoj,did:plc:qxzivh5uhnv2ztr242wd4jnk,1,caderedkey.bsky.social,fcartoscelli3.bsky.social
did:plc:wvauhk2kzu5qxtemqvpkqk2e,did:plc:yj436z2s2v37rvaw33lc4ryq,1,ellisor.net,mbkplus.bsky.social
did:plc:wveidvmniob6egctikkiu4hv,did:plc:3rqsnzjklridm7dxyxa6vcuj,3,mentoch.bsky.social,krazykudu.bsky.social
did:plc:wveidvmniob6egctikkiu4hv,did:plc:aeejuvgn6dvk2l2hanq57ut2,5,mentoch.bsky.social,papashot.bsky.social
did:plc:wveidvmniob6egctikkiu4hv,did:plc:ajsmlh2eanz6of62kwtfdk7i,1,mentoch.bsky.social,joef-3.bsky.social
did:plc:wveidvmniob6egctikkiu4hv,did:plc:ddna2kh5c3ktbafswoevceh7,9,mentoch.bsky.social,noeldickover.bsky.social
did:plc:wveidvmniob6egctikkiu4hv,did:plc:e7ycpxpb5kk6s75wdjukr6ym,1,mentoch.bsky.social,witzkers.bsky.social
did:plc:wveidvmniob6egctikkiu4hv,did:plc:elmyhdo5f35s5suf4fdxwoty,2,mentoch.bsky.social,texanokie07.bsky.social
did:plc:wveidvmniob6egctikkiu4hv,did:plc:fnfl5uxzbpk5zobi64t6gb2x,1,mentoch.bsky.social,lepre45.bsky.social
did:plc:wveidvmniob6egctikkiu4hv,did:plc:jfvspog5j2lhl6iohcrg3mnl,5,mentoch.bsky.social,troyponce.bsky.social
did:plc:wveidvmniob6egctikkiu4hv,did:plc:luofuy2uw7g4vsd2vbwidtel,2,mentoch.bsky.social,keithsmithnba.bsky.social
did:plc:wveidvmniob6egctikkiu4hv,did:plc:m6l5sf7iopal5apcdzw4patq,1,mentoch.bsky.social,robfromva.bsky.social
did:plc:wveidvmniob6egctikkiu4hv,did:plc:msfxgbmi7py5kypsybrobqyr,2,mentoch.bsky.social,moesquare.bsky.social
did:plc:wveidvmniob6egctikkiu4hv,did:plc:nkizcyo6jb23jihrk2x6lyef,5,mentoch.bsky.social,brentimus.bsky.social
did:plc:wveidvmniob6egctikkiu4hv,did:plc:ozrhqae34vzv6mso2hsym65i,1,mentoch.bsky.social,omarisankofa.bsky.social
did:plc:wveidvmniob6egctikkiu4hv,did:plc:phe37hfjiqhnw3xz5qbatplq,2,mentoch.bsky.social,deadxcrows.bsky.social
did:plc:wveidvmniob6egctikkiu4hv,did:plc:qbtesqlb2a5uhutyt4c3ub4n,1,mentoch.bsky.social,jerrelxl.bsky.social
did:plc:wveidvmniob6egctikkiu4hv,did:plc:u3ehlowkbpz7m6luyvyoshmd,2,mentoch.bsky.social,blindmanbaldwin.bsky.social
did:plc:wvgsxqzckoew6kshijyeehoe,did:plc:hb5s4bd5ctk6inznrn6gf6hx,1,grumpist.bsky.social,basketballtalk.bsky.social
did:plc:wvimwtbnxkwkn23tumfktoya,did:plc:xkzamczb4qhnr2gfh4alpesa,1,jbtk.bsky.social,timbhealey.bsky.social
did:plc:wvjtggcs7tmqps6ujjagxeq2,did:plc:b2kutgxqlltwc6lhs724cfwr,1,jeolmoz2.bsky.social,theathletic.com
did:plc:wvna5epbkrwpeps33vgyfgzu,did:plc:g2aq2tld5ukrbi7txlusrfel,1,jimlee21.bsky.social,johngonzalez.bsky.social
did:plc:wwgsu266lhyrg5hbx6csgsm3,did:plc:2fao4czshg2meveeegsxnlfx,1,robhanna.bsky.social,8inthebox1974.bsky.social
did:plc:wxqyosu2lk2d4jueyxkwjn2w,did:plc:odfqrlx5qtjfl5troxykqd5c,1,toddmintz.bsky.social,dwillis.bsky.social
did:plc:wy3qbrvrhurv3b2f4bx4cqw2,did:plc:4za4evmhsstfh3ex2o37weog,1,hodgepodge.bsky.social,jeffreykeese.bsky.social
did:plc:wy6upolw3srdya5g2ycqhpwf,did:plc:nze65mr7kto3u6qu3vk3bkcj,1,950jan.bsky.social,febrazink.bsky.social
did:plc:wycuooucm5m5rb3ymznovaxa,did:plc:7sfnardo5xxznxc6esxc5ooe,1,miensha0.bsky.social,nba.com
did:plc:wycuooucm5m5rb3ymznovaxa,did:plc:b2s6kjw645zuk2qbfgkbtdnw,1,miensha0.bsky.social,standwithus.bsky.social
did:plc:wyj36dttunu53eb4mjm5eidk,did:plc:zq7rskycn2zdp76ra2bs2cnw,1,jasonallonby.bsky.social,pbsimpulse9.bsky.social
did:plc:wyms6ahzsfieb3rtqypzjurp,did:plc:cre3szemxvelgwxfwjwliwwe,1,hoyaghost.bsky.social,christopherrennie.bsky.social
did:plc:wyn45imrgixwx4nh7tgvhabn,did:plc:uxvmjrn4n6uwlcxpzjlu2p53,1,pridenorprejudice.bsky.social,stopthemagtards.bsky.social
did:plc:wyplwfnmsz56xfwrwuxwfnku,did:plc:5n7jq32lowhmcjvftrljijvm,1,mindeniteross.bsky.social,lindsayfickas.bsky.social
did:plc:wzpgt6z5dcqldirvcapkpm6w,did:plc:ocnjlyq7oe4if2mro2mlal5r,1,zenakeita.bsky.social,doughy-joey.bsky.social
did:plc:wztpbq3ll65irdt556y2hywo,did:plc:ubbw452rsazc436oq5xnagp7,1,jilliannicola.bsky.social,tombogert.bsky.social
did:plc:wzzmtqp56tyu5m4a5wygc5hh,did:plc:7lvxwobg2zrzgwpepyzxxjev,1,keyboardwriter.bsky.social,dirtbagqueer.rocks
did:plc:x2rljlfmu5kt2kq6uifpk2sp,did:plc:26375peygwnrijoepmy2fdcs,1,sunluvindawgz.bsky.social,washingtonstatestandard.com
did:plc:x2rljlfmu5kt2kq6uifpk2sp,did:plc:7dcd3uqkmkcpuiyfa63rjsea,1,sunluvindawgz.bsky.social,secularoutpost.bsky.social
did:plc:x36punkyuzfatgw34afystyg,did:plc:snzcjljmmvrk7dotx6inqtmt,1,syndicatedghost.blacksky.app,eastonishere.bsky.social
did:plc:x3affcvpwwkbbcxrceryf777,did:plc:pbt54fn2bdada5c55nmbosnr,2,hworlds17.bsky.social,annajane10000.bsky.social
did:plc:x3pk3v2oxjxoopxzgpohwkl2,did:plc:7sfnardo5xxznxc6esxc5ooe,1,cohenismo.bsky.social,nba.com
did:plc:x453mkragkflbkellxuwpv2s,did:plc:zaqgoezpsvft7zi53li74mmu,2,cwoodrun.bsky.social,steelglory.bsky.social
did:plc:x475leqwn2hahjrwav5kdhke,did:plc:2pwapmv5aopc73qckdrfdb7g,1,carcelmousineau.bsky.social,dadloop.bsky.social
did:plc:x4bhmjc6cqvwdajjyqfequic,did:plc:vythbqlsulhf7p2xgufb3sqj,1,mastertones.bsky.social,rockiesvsconnor.bsky.social
did:plc:x4gxcq7uospumk5ewsitfvse,did:plc:3hxkwno3xcg3kb5dd3wgrgiq,1,getsit.bsky.social,breeze38.bsky.social
did:plc:x4gxcq7uospumk5ewsitfvse,did:plc:6og4wz3ljh65rwhrspnr25ah,1,getsit.bsky.social,jazzazzin.bsky.social
did:plc:x4gxcq7uospumk5ewsitfvse,did:plc:a3ybrbabfw4tpq3jpyii4slk,2,getsit.bsky.social,dadshammdad.bsky.social
did:plc:x4gxcq7uospumk5ewsitfvse,did:plc:b2rbhknq7zeheyk6uv2e756v,2,getsit.bsky.social,colyou.bsky.social
did:plc:x4gxcq7uospumk5ewsitfvse,did:plc:bia4bgkgw63cd53w2z5futqq,1,getsit.bsky.social,geester12000.bsky.social
did:plc:x4gxcq7uospumk5ewsitfvse,did:plc:dgivipsubywryd3pjggdyawm,2,getsit.bsky.social,markrussellpereira.bsky.social
did:plc:x4gxcq7uospumk5ewsitfvse,did:plc:dryq7wdmprllqnqtceox3a6n,1,getsit.bsky.social,slamdaddymcnasty.bsky.social
did:plc:x4gxcq7uospumk5ewsitfvse,did:plc:f6fbiilymypwoezyvorxt653,1,getsit.bsky.social,utm.bsky.social
did:plc:x4gxcq7uospumk5ewsitfvse,did:plc:fg2gp6f3gp2znzhugonf4fk3,1,getsit.bsky.social,rgiss.bsky.social
did:plc:x4gxcq7uospumk5ewsitfvse,did:plc:fw2fn7adombm3nvhur5desrv,1,getsit.bsky.social,gayjolsen.bsky.social
did:plc:x4gxcq7uospumk5ewsitfvse,did:plc:jaq7276xjkaiueg7wgursiqq,1,getsit.bsky.social,mylo.bsky.social
did:plc:x4gxcq7uospumk5ewsitfvse,did:plc:lauezbqzum4uwso6wcaslbpd,1,getsit.bsky.social,jakeofthemountains.bsky.social
did:plc:x4gxcq7uospumk5ewsitfvse,did:plc:o5d7zrst4uuv7f45byscx3hc,3,getsit.bsky.social,dillonnba.bsky.social
did:plc:x4gxcq7uospumk5ewsitfvse,did:plc:ov7yyu2taf5uzitjznhc2rto,2,getsit.bsky.social,modakhilnba.bsky.social
did:plc:x4gxcq7uospumk5ewsitfvse,did:plc:ubygiukywr33qu5rvkt33v7y,1,getsit.bsky.social,nofuturenoanswer.bsky.social
did:plc:x4gxcq7uospumk5ewsitfvse,did:plc:vgng6gg2uxdlqc2e4hnwiahp,1,getsit.bsky.social,jeddadiah-tomas.bsky.social
did:plc:x4gxcq7uospumk5ewsitfvse,did:plc:yd26h4u5rmn6xtk56yn5n7y4,1,getsit.bsky.social,bencoombs.bsky.social
did:plc:x4gytg5tteopiytqzwuq7z3q,did:plc:2mxadfg4ck5lwlur64dsvan7,5,jsiege226.bsky.social,brenda2026.bsky.social
did:plc:x4gytg5tteopiytqzwuq7z3q,did:plc:3pntdwicww5rqhzwpvxiisn3,1,jsiege226.bsky.social,paulfischer.bsky.social
did:plc:x4gytg5tteopiytqzwuq7z3q,did:plc:7s2nftzuiyp3px3s2zqwy2zt,1,jsiege226.bsky.social,trejames.bsky.social
did:plc:x4gytg5tteopiytqzwuq7z3q,did:plc:b2kutgxqlltwc6lhs724cfwr,1,jsiege226.bsky.social,theathletic.com
did:plc:x4kbcl5qbsfu6uubpzh4t3aw,did:plc:uqtnb34oh7coqgyvk3ghtqcv,1,sleandres.bsky.social,kinefresh.bsky.social
did:plc:x4lax6zgks5p54i625edfheb,did:plc:cmqjwabfvyi52rwvtr3pouag,2,dannyfonz.bsky.social,grostaquin.eurosky.social
did:plc:x4qyokjtdzgl7gmqhsw4ajqj,did:plc:k3i3d2xfibssxz2lbm45x54o,1,bencollins.bsky.social,joshgondelman.bsky.social
did:plc:x4qyokjtdzgl7gmqhsw4ajqj,did:plc:mtfaxzqle5h6stf7y6tmuxf7,1,bencollins.bsky.social,sichrismannix.bsky.social
did:plc:x4qyokjtdzgl7gmqhsw4ajqj,did:plc:sa73fbx3vxzh2fw5pu5wmief,2,bencollins.bsky.social,shamsbot.bsky.social
did:plc:x4vyg4nvlbgm45i44zndgg56,did:plc:mfhbago3y3glkwuryqt3n444,1,jr-jedd.bsky.social,trashtalkfr.bsky.social
did:plc:x4wwdjibggmad2pqvrufpkax,did:plc:crcybmshorvvegmbkp5rvgjv,1,jlrmarin.bsky.social,nbcswarriors.bsky.social
did:plc:x4wwdjibggmad2pqvrufpkax,did:plc:yaednivr2bwik2fux27l6sgm,1,jlrmarin.bsky.social,velodus.bsky.social
did:plc:x4xtngei3cvmolxyhp5g7uhb,did:plc:qnskrlg244edfnkc5nyyer2t,1,elenachania.bsky.social,ekstaticx.bsky.social
did:plc:x5tecqlsmd25t7wh7uo7olvy,did:plc:btbyqeyeodud4mdiff2dkrxa,1,tonycapp.bsky.social,jessichords.bsky.social
did:plc:x5v2pnd4qfr5a3zx7teic36e,did:plc:sa73fbx3vxzh2fw5pu5wmief,1,dtcwonder.bsky.social,shamsbot.bsky.social
did:plc:x5v2pnd4qfr5a3zx7teic36e,did:plc:upr4imh4klftvmjifb3di6rj,1,dtcwonder.bsky.social,josephzucker.bsky.social
did:plc:x5ws4443357brulpdp7zl2qt,did:plc:22fudzaxnal4ddodzv2o6mwk,1,mikefinger.bsky.social,jmcdonaldsa.bsky.social
did:plc:x63e3rdepw2zmb5stszedwcc,did:plc:luofuy2uw7g4vsd2vbwidtel,1,deadboidonut.bsky.social,keithsmithnba.bsky.social
did:plc:x63e3rdepw2zmb5stszedwcc,did:plc:rofaxfpvsmk4obrui6343556,1,deadboidonut.bsky.social,malachiconstant.bsky.social
did:plc:x63e3rdepw2zmb5stszedwcc,did:plc:wckq2bfhkw66lfbtmdki3rdd,1,deadboidonut.bsky.social,sailoop.bsky.social
did:plc:x64emp4sopqzq4jbphaw35mi,did:plc:pj333yvbcnxq3o4uigy36bgf,1,changedmyname.bsky.social,hoyainnj.bsky.social
did:plc:x6njyeyi47bqs2kueuv3mrg5,did:plc:6ck6t5wybhxfsq4ghe5ju7ww,1,professorbutts.com,morrisoncrying.bsky.social
did:plc:x6nv3cbmamp47ahrl2aglbpi,did:plc:aozfxcddrdsqyz4pt727c2v7,1,jasonfanelli.com,sicknantangelo.bsky.social
did:plc:x6rs5grhawruvwtskem6hfe4,did:plc:g3fvb2cxn4yxcq3rjd2llqv5,1,slickseesghosts.bsky.social,davidaldridgedc.bsky.social
did:plc:x6uk5vvkydarbbisb3nhqv22,did:plc:wvj77lpvtufet76t2kgbxgk4,1,wednesdayschild21.bsky.social,chrisjamessauve.bsky.social
did:plc:x77b32wlghayeyuzkvt7qd4v,did:plc:maqxe4oag6x7caxpmk65iilo,1,colbosch.bsky.social,otsumamiboy.bsky.social
did:plc:x7kwgmkdqfx7nubvepcnsysa,did:plc:aokpzge4eb5voimmwqwjl5c2,1,rockit1.bsky.social,xxyamaxx.bsky.social
did:plc:x7qnagglj7jjl37m22lqtpob,did:plc:etzczqw4brjs6sjxwyyxewla,1,josephcasciaro.bsky.social,dtc2000.bsky.social
did:plc:xatjkmbxwbdd34mop6dbrhin,did:plc:4kup7ou3ksibapvyiom6m7fu,1,hamms716.bsky.social,mythoughtsrealized.bsky.social
did:plc:xatjkmbxwbdd34mop6dbrhin,did:plc:5jb2734ccyccx6a3hjjuzhrr,1,hamms716.bsky.social,kleinman.bsky.social
did:plc:xatjkmbxwbdd34mop6dbrhin,did:plc:mok2wbtsd6r4ls5cvo3avomx,2,hamms716.bsky.social,docbenway.bsky.social
did:plc:xatjkmbxwbdd34mop6dbrhin,did:plc:r6nmrtup3g4xwdk4sgw2k2z5,2,hamms716.bsky.social,alexfrompgh.bsky.social
did:plc:xatjkmbxwbdd34mop6dbrhin,did:plc:sanjdnfszpuiencndclday4o,1,hamms716.bsky.social,zachkram.bsky.social
did:plc:xb53fbczmhkjmuu4gzmmhuln,did:plc:nztbvvo2gl4227zuxjf7gog3,1,thelongshot2112.bsky.social,ddayen.bsky.social
did:plc:xbbsciw7ax5qfzr22e26xbbl,did:plc:zwfitpoysand7erztsenrmw7,1,holidaymeatbundle.bsky.social,badsportsfriend.bsky.social
did:plc:xbud7mieyik6kql4kqrawvoc,did:plc:ggibrwvfmu7ehddn62m2lppu,3,joecochran.bsky.social,dangercart.bsky.social
did:plc:xbutifnhnr7zff2cjyibfkai,did:plc:66g53czd5wy4iwqh4q6hyn4j,1,telsie.bsky.social,captamab.bsky.social
did:plc:xbydfe2b7gdupgffhqccelkz,did:plc:22fudzaxnal4ddodzv2o6mwk,1,tomresing.com,jmcdonaldsa.bsky.social
did:plc:xbydfe2b7gdupgffhqccelkz,did:plc:fdw3hkjrul22w75bdw5pcsn3,1,tomresing.com,tomorsborn.bsky.social
did:plc:xccnhxer62aiqnklvjni7qsz,did:plc:e62gb2ushvtvjvqcbrxeaw2n,1,ladyinred50.bsky.social,chrislhayes.bsky.social
did:plc:xcmx5wy3wzhrqwnqhdzo6zd3,did:plc:nftw7hltohx2togg7xhc3z4m,1,darthourobix.bsky.social,desertghosts.bsky.social
did:plc:xcu7cd46sisurkweylubzadu,did:plc:22fudzaxnal4ddodzv2o6mwk,1,jflexer.bsky.social,jmcdonaldsa.bsky.social
did:plc:xd7svbss4ib7vgywjfzp62if,did:plc:7ecckzc5c3o2ygkpeij7ubjm,1,ladyqueenb.bsky.social,xxdoba15.bsky.social
did:plc:xdrrfx2nf67yan2uv5pizhiq,did:plc:qm3qnneqz66odimndtmazefs,1,ianagp.bsky.social,ouroboredom.bsky.social
did:plc:xed44xbxomqjlsfuumvlqz6v,did:plc:6md2o5aobb6i5rvbpx35g5yq,1,rbritoreis.bsky.social,wtevs.bsky.social
did:plc:xel22izwl4cxi7iluakej6qd,did:plc:3rpchlz2udrxsxtb5fohtc4v,1,jeffreywuhl.bsky.social,stevetsra.bsky.social
did:plc:xel22izwl4cxi7iluakej6qd,did:plc:w4ldll4djkh36vk2bsj37l2x,1,jeffreywuhl.bsky.social,nrarmour.bsky.social
did:plc:xen36n7tzquwn6lnvocyd2x4,did:plc:26375peygwnrijoepmy2fdcs,1,onthebus17.bsky.social,washingtonstatestandard.com
did:plc:xevzhxiubmwhdgqnsboelrmf,did:plc:pgrqrtjyigyi3h4ygzkhxwkj,1,alexatt.bsky.social,mikevorkunov.bsky.social
did:plc:xf3h25ri37ki23voz4cnz3my,did:plc:mj4x6midcgtwrwkvmgffzuqq,1,drewmckevitt.bsky.social,andytobo.bsky.social
did:plc:xfvjpgbn2xeumcamjrqi7xlm,did:plc:wbpjhdry2la6ozeiqrdmpmms,1,piercemr.bsky.social,kpelton.bsky.social
did:plc:xfy5nragrhqm2cqdef257uxe,did:plc:hdbj5h3x62fauxctisgenhov,1,waltdenver.bsky.social,madmaxbroncotansky.bsky.social
did:plc:xg7tzhghgguhits7ew4guuft,did:plc:glmxe4fbzv5zu4vblv7hnh4b,2,intangble.bsky.social,marlaef.bsky.social
did:plc:xggurbfzvvx2m5uoozhdigqw,did:plc:o4luva2as3p3wxmooafi7p3z,1,isaacbokma.bsky.social,joshuakloke.bsky.social
did:plc:xghl5petjdfqhwcdz7t4r6wd,did:plc:6lzzjegrppno5abrywolgcvx,2,untult.bsky.social,idoru.bsky.social
did:plc:xgj3i5qtbbm4tehgufuhpeyw,did:plc:oiurjhhcgtgkujuksrr4jxqk,1,floatingcoma.bsky.social,joshrobbins.bsky.social
did:plc:xgj3i5qtbbm4tehgufuhpeyw,did:plc:vlok63tvtdztzfhj4tgk6y3j,1,floatingcoma.bsky.social,charlieoconn.bsky.social
did:plc:xhcl6cbefxy7nsgq6x6ht67f,did:plc:liijgvp2r2mpjz2olrdfe75m,1,zumphry.com,theboredshow.bsky.social
did:plc:xhoomin4pl5fj5k26i65pzxb,did:plc:g7a6qji72odgptnddtrkdchy,1,reildeilneil.bsky.social,mrbuckbucknba.bsky.social
did:plc:xhoomin4pl5fj5k26i65pzxb,did:plc:zvgnw2sx5gvuskf442p4f27o,1,reildeilneil.bsky.social,bloghawk.bsky.social
did:plc:xhrbyczjsuqacfjrfjwsabe7,did:plc:ncwmtmxj746jqwkxdpaedqsg,1,normdeplume.bsky.social,g-sharp-major.bsky.social
did:plc:xib745oj7an7ig5ejd55wxcg,did:plc:wvlitmkhwcxcuozzrv7i2swx,1,bluesweetcheeks.bsky.social,shameka23.bsky.social
did:plc:xip3o7ljernml5ooi3zy4kmj,did:plc:n3mr2ncepa2srs3ek5zai3fg,1,jjwenner.bsky.social,shawnfoss.bsky.social
did:plc:xitseypgueev2n3hpqv6rvpn,did:plc:2av3hldybsoyp7ieqr7zjo6d,1,mi-homme-michel.bsky.social,captainjim87.bsky.social
did:plc:xiuoejzylu6uhzdpqpztetwu,did:plc:26375peygwnrijoepmy2fdcs,1,patfeb55.bsky.social,washingtonstatestandard.com
did:plc:xiuoejzylu6uhzdpqpztetwu,did:plc:e62gb2ushvtvjvqcbrxeaw2n,1,patfeb55.bsky.social,chrislhayes.bsky.social
did:plc:xiuoejzylu6uhzdpqpztetwu,did:plc:k5nskatzhyxersjilvtnz4lh,1,patfeb55.bsky.social,washingtonpost.com
did:plc:xjdunnj4lajeyawxrz56wi4i,did:plc:u45hqzk7counfbwyg5edhmvi,2,elchopo99.bsky.social,davelevitan.bsky.social
did:plc:xjj3mllzbrqge5qns7vw4tib,did:plc:paf4vetn26bu7uggsie3vyrc,1,latwentyniners.bsky.social,lawmurraythenu.bsky.social
did:plc:xjoixqf2lqbqoiagojneqtxv,did:plc:pgok625ocobq7t3decm3o5vu,1,paultree10.bsky.social,jadubin5.bsky.social
did:plc:xjyrusev4e5y66bemvomadcq,did:plc:cn45mqyflvuhudt5v6heajmb,1,pnutfinger.bsky.social,spectramtg.net
did:plc:xjzkpea3hphxljucqrbqgxo6,did:plc:7o235zoinswgbgfo7tyb3rek,1,ogdowney.bsky.social,jacki.bsky.social
did:plc:xjzkpea3hphxljucqrbqgxo6,did:plc:sa73fbx3vxzh2fw5pu5wmief,2,ogdowney.bsky.social,shamsbot.bsky.social
did:plc:xjzkpea3hphxljucqrbqgxo6,did:plc:sg6pt3vdsqnz5la57gx2jrha,1,ogdowney.bsky.social,bye-byemars.bsky.social
did:plc:xkafyuijtba47zximeuoqc6n,did:plc:rkpzrwxex34r36ypejhew7ml,1,missrobin.bsky.social,howardbeck.bsky.social
did:plc:xkafyuijtba47zximeuoqc6n,did:plc:sa73fbx3vxzh2fw5pu5wmief,1,missrobin.bsky.social,shamsbot.bsky.social
did:plc:xkmurr5zudcxgxi72er7yjdv,did:plc:2xfccxia4t234diuubuqqkkn,1,relaxing.bsky.social,jasonlogic.bsky.social
did:plc:xksan6ezeeojasw7dt7nuluv,did:plc:o6an4oqqnvovaxbsm4qhyxkr,1,pepowied.bsky.social,opr71.bsky.social
did:plc:xl2kyscf3hwsme3bnsnnhmgd,did:plc:f5vknjyo6v6ctlf7hernwc3q,1,coolhandnuke.bsky.social,mrsceltics.bsky.social
did:plc:xl2kyscf3hwsme3bnsnnhmgd,did:plc:natglytz2yjptlzsrl7r656m,1,coolhandnuke.bsky.social,tomwesterholm.bsky.social
did:plc:xljb4ndnrpviuctegzjsmr4q,did:plc:bc24vsmsrbvwcdvr73cmn2uo,1,death-rage.bsky.social,petepranica.bsky.social
did:plc:xlkajons5tcdm4242u56d5go,did:plc:2fil3vrrymlpa5uspsfgo37i,1,drswingblade.bsky.social,justinanumudu.bsky.social
did:plc:xm4ceybu67qvqvpy7rixbmhh,did:plc:ecjlc5ouev63oweq5en4lsj3,2,drjamesjteeth.bsky.social,davekarpf.bsky.social
did:plc:xmhpcplzgwoswhfzlnezkn6q,did:plc:gxaubyxt27b6goeuytqxa7lg,1,danimilkyart.bsky.social,zeldeiro.bsky.social
did:plc:xmhpcplzgwoswhfzlnezkn6q,did:plc:l6xwbtxrxyd3evn5n5dqs4c3,3,danimilkyart.bsky.social,hagito11.bsky.social
did:plc:xmqfcnozngferecpmmu73i4v,did:plc:6ofrkoqmflc4m7wtjsvniuuh,1,joeovies.bsky.social,albhood.bsky.social
did:plc:xmqfcnozngferecpmmu73i4v,did:plc:e7o3o7s2cav2c3avgb6vkadg,1,joeovies.bsky.social,pilige.bsky.social
did:plc:xmqfcnozngferecpmmu73i4v,did:plc:vg6357x2o7oomjvxqt6rthj2,1,joeovies.bsky.social,amy-new-sky.bsky.social
did:plc:xmw6p6f2iwwaosm6wuoyx6gw,did:plc:crcybmshorvvegmbkp5rvgjv,1,botanybae.bsky.social,nbcswarriors.bsky.social
did:plc:xmxbo63tmigi5v7rpe33ac73,did:plc:22fudzaxnal4ddodzv2o6mwk,1,wayneslaven.bsky.social,jmcdonaldsa.bsky.social
did:plc:xmxbo63tmigi5v7rpe33ac73,did:plc:2emupgm6taztttxwrjk4qk22,1,wayneslaven.bsky.social,1robgunther.bsky.social
did:plc:xn6jghzisogrm3fv2xtnbfc3,did:plc:3ffmaftt5f7tgz5nf4qpo52g,1,jfgnv145.bsky.social,gators.bsky.social
did:plc:xn7lqkytvnlwhfodvv5b6osu,did:plc:66g53czd5wy4iwqh4q6hyn4j,1,flannelgoddess.bsky.social,captamab.bsky.social
did:plc:xnafm5jptgubwut5nup2jnts,did:plc:ofhtm7izwef6o725x7pebkhz,1,greyscaleljh.bsky.social,wildfox.bsky.social
did:plc:xnafm5jptgubwut5nup2jnts,did:plc:r2c7vrleuakan47xgwzywvb3,1,greyscaleljh.bsky.social,spikydash.bsky.social
did:plc:xnnixq4m64lwqxkjxxidhu3j,did:plc:rg6p5q47l535nxjgs62q47h2,1,doczeus.bsky.social,jlkocher2.bsky.social
did:plc:xnudpbbdv5bqgcckrlbbz4ak,did:plc:6jpqgc6d4tplxcioxuh7khmr,1,cissellxu.bsky.social,jimowczarski.bsky.social
did:plc:xo4cu5e7djbozypoe4aon2jm,did:plc:e62gb2ushvtvjvqcbrxeaw2n,1,mickey-buntzestes.bsky.social,chrislhayes.bsky.social
did:plc:xo4cu5e7djbozypoe4aon2jm,did:plc:hv7sos464bly4eehlvy2btjl,1,mickey-buntzestes.bsky.social,meidasog.bsky.social
did:plc:xoc6dhlipyb2plo6vwzcmhjt,did:plc:e6n7jxtu2qrhwvp3j6ib6sq6,1,turnitup5000db.bsky.social,proptermalone.bsky.social
did:plc:xoc6dhlipyb2plo6vwzcmhjt,did:plc:lcsvd5mnmocfvsxkqpcczyiw,1,turnitup5000db.bsky.social,11mmyjohns.bsky.social
did:plc:xojxhkdoymy4ts2sohhtawgo,did:plc:hzzatzc6vtl6ynnofr3qhyee,2,rjsizzle.bsky.social,anguilanom22.bsky.social
did:plc:xojxhkdoymy4ts2sohhtawgo,did:plc:sa73fbx3vxzh2fw5pu5wmief,1,rjsizzle.bsky.social,shamsbot.bsky.social
did:plc:xpbcakx43g7gvi4ctwewkceu,did:plc:luofuy2uw7g4vsd2vbwidtel,1,redjohn.bsky.social,keithsmithnba.bsky.social
did:plc:xpgbmflkn5laqmtg43r3nrnp,did:plc:e62gb2ushvtvjvqcbrxeaw2n,1,xar.ph,chrislhayes.bsky.social
did:plc:xpr7v5obiwqhjca553lt5cb4,did:plc:c4beyrl6wnpfekzf3elewvpu,1,drunkenvike.bsky.social,scottyco.bsky.social
did:plc:xprjtcxt54cms7c475uup7bw,did:plc:cve7yepwg5yidccl2bh4bhaj,2,alexscotian.bsky.social,itsnothardev.bsky.social
did:plc:xprjtcxt54cms7c475uup7bw,did:plc:yq4odixjl75y4pi66dm6eibb,1,alexscotian.bsky.social,jaredof.bsky.social
did:plc:xq2ynrpaikyt3mk5budopbgi,did:plc:5hnhc5gto2qbhwfqumds23x4,3,antoniomfraga.bsky.social,jacoboleon.bsky.social
did:plc:xqkiycxt66ufxqftban3zup7,did:plc:43rn46flpjn2tdxcttrlckj7,1,basketghoul.bsky.social,petenormal.bsky.social
did:plc:xqkiycxt66ufxqftban3zup7,did:plc:bams4eymjogqariinhmsbneg,2,basketghoul.bsky.social,llamsoyd.bsky.social
did:plc:xqkiycxt66ufxqftban3zup7,did:plc:d7qgipsthtnrvuly5d6z7gah,1,basketghoul.bsky.social,ncglasgow.bsky.social
did:plc:xqkiycxt66ufxqftban3zup7,did:plc:oslte2he75ktffyqbbdgisaa,3,basketghoul.bsky.social,parkerbs.bsky.social
did:plc:xqkiycxt66ufxqftban3zup7,did:plc:sa73fbx3vxzh2fw5pu5wmief,2,basketghoul.bsky.social,shamsbot.bsky.social
did:plc:xqkiycxt66ufxqftban3zup7,did:plc:ujuf5oka3aovkljwynjqvn4a,1,basketghoul.bsky.social,pouder.bsky.social
did:plc:xqvhrktmhtscf37wsjqbmknr,did:plc:lyrhzsfcnpthqs3t5ks6pqzv,1,rayvaughn.bsky.social,marcjspears.bsky.social
did:plc:xqvhrktmhtscf37wsjqbmknr,did:plc:sa73fbx3vxzh2fw5pu5wmief,1,rayvaughn.bsky.social,shamsbot.bsky.social
did:plc:xrduprwiugxa4iubepeaonuk,did:plc:kyjcajocwguwumqkggc5ujfu,1,georgebaker11.bsky.social,coxsportsohio.bsky.social
did:plc:xrgvswwdb2nata2sj6puzult,did:plc:e62gb2ushvtvjvqcbrxeaw2n,1,theslowrunner.bsky.social,chrislhayes.bsky.social
did:plc:xrp45fit77g6xhfjcdj6qchz,did:plc:y3xahfdgzxpjsqogokmi43bt,1,heyianevans.bsky.social,blakemurphy.bsky.social
did:plc:xrp75je6clabetx7m4x6anbh,did:plc:skrn2q2lmv7jm3jsgtcc5wsf,1,mommyunit.bsky.social,cmikesspinmove.bsky.social
did:plc:xruh4p4a7jhoni5pdkye3bf3,did:plc:7giugsiydb7mj2j3a5u6nuyn,1,chimneyswift.bsky.social,canishoopus.bsky.social
did:plc:xsf56k35iycs5z7gr64g6uya,did:plc:k6jgbx7wc657rq2tzziyxhti,2,dedoxys.bsky.social,tediosa-miss.bsky.social
did:plc:xsqdmwad4jlhdc57zm6riefo,did:plc:e62gb2ushvtvjvqcbrxeaw2n,1,hankie.bsky.social,chrislhayes.bsky.social
did:plc:xsrchxwdy6frjlc7mrrhkyzk,did:plc:qqdqgzpqwyho4cxzso62m54q,1,sazantj.bsky.social,juliedicaro.bsky.social
did:plc:xswc5jcp3yydzfzeza2hdw3b,did:plc:vgwy2b3rrcewfdazrkanjbg4,1,briank.bsky.social,veryimportant.lawyer
did:plc:xsxjfbeakywwtkml5q5lhcrc,did:plc:iofleex37x2clxedzha5ywgy,2,freecialis.bsky.social,mplsnightmayor.bsky.social
did:plc:xt577abx7jyr755xshqdheyl,did:plc:eclio37ymobqex2ncko63h4r,1,luvmattsnats.bsky.social,nytimes.com
did:plc:xtgxdwqtgwdv5qjnfy53gq34,did:plc:skzayrh4kzct324rljt5cvy7,1,txsupernova.bsky.social,tacoking.bsky.social
did:plc:xtjk53xn7udx4vz2oymige7v,did:plc:b2kutgxqlltwc6lhs724cfwr,1,mdunndidit.bsky.social,theathletic.com
did:plc:xuzwzttst5vcj556ukkfrhlv,did:plc:sa73fbx3vxzh2fw5pu5wmief,1,jessefisher.bsky.social,shamsbot.bsky.social
did:plc:xwa273u2xtoaab4lm5ybj2uy,did:plc:j24jtz7xkt5ttdsk32mmpkvn,1,fredkatz.bsky.social,johnhollinger.bsky.social
did:plc:xwhsmuozq3mlsp56dyd7copv,did:plc:stm6fnm6otunfwpnfkfxtr2n,3,paizuri.moe,jampants.net
did:plc:xwoe4oiptaly7myvwb6uihyt,did:plc:i7qt7z7wlmsp7i7bnlfm6cy2,2,annbonnys.bsky.social,darkmysticmaster.bsky.social
did:plc:xwzxgbwvnnu2dntpty765y5j,did:plc:7sfnardo5xxznxc6esxc5ooe,1,rifka.bsky.social,nba.com
did:plc:xxfhqvtaoksfjs7wiwrw7gjn,did:plc:vtpyqvwce4x6gpa5dcizqecy,1,djmsully.bsky.social,techcrunch.com
did:plc:xxi6sj5e6lyphnqayp2zzbbq,did:plc:cyflytcyyyhawlrnnwiv25nd,1,scottgalupo.bsky.social,btoporek.bsky.social
did:plc:xxi6sj5e6lyphnqayp2zzbbq,did:plc:vlok63tvtdztzfhj4tgk6y3j,1,scottgalupo.bsky.social,charlieoconn.bsky.social
did:plc:xxifrvmd2lgrnfdn7ft2bjn4,did:plc:btbyqeyeodud4mdiff2dkrxa,1,irrationalsixers.bsky.social,jessichords.bsky.social
did:plc:xxm57qahhzroc4b5hv4agk2u,did:plc:aced5yb3ygre2p52qrfdhdhp,1,rukuss.bsky.social,bdonedone.bsky.social
did:plc:xxm57qahhzroc4b5hv4agk2u,did:plc:d7avzxlxl7kgbsbq762bo7l5,2,rukuss.bsky.social,pacers.bsky.social
did:plc:xxm57qahhzroc4b5hv4agk2u,did:plc:jbe67uj6cqbop63fcqjg23eg,1,rukuss.bsky.social,joeythebonzo.bsky.social
did:plc:xxm57qahhzroc4b5hv4agk2u,did:plc:patnikrswcbq7lcufjoazfsk,1,rukuss.bsky.social,daease19.bsky.social
did:plc:xxm57qahhzroc4b5hv4agk2u,did:plc:qy7hyeditvoggzmztmzxqjrz,1,rukuss.bsky.social,durowolff.bsky.social
did:plc:xxm57qahhzroc4b5hv4agk2u,did:plc:sa73fbx3vxzh2fw5pu5wmief,2,rukuss.bsky.social,shamsbot.bsky.social
did:plc:xxmlikhld6axqyg7ttsu3qg2,did:plc:bdxjovzqrf4q66ptu3dplmeb,1,rgf.bsky.social,samdykstramilb.bsky.social
did:plc:xxmlikhld6axqyg7ttsu3qg2,did:plc:hf7ezrajxadu7v3tzcyij424,2,rgf.bsky.social,parkermolloy.com
did:plc:xxmlikhld6axqyg7ttsu3qg2,did:plc:zvgi4eon2fvlemnmaqnmayuk,1,rgf.bsky.social,johnkaralis.com
did:plc:xxs77p2ns56bs4cw2tgaqzva,did:plc:26375peygwnrijoepmy2fdcs,1,kepal.bsky.social,washingtonstatestandard.com
did:plc:xxusph3pnwrnqbhqohmu6x7u,did:plc:e62gb2ushvtvjvqcbrxeaw2n,1,petehausler.bsky.social,chrislhayes.bsky.social
did:plc:xxvu4t7f4j4gjkg6pvtfw5dy,did:plc:d6yfafrgx6ndfmkgr7kqps4p,3,fairwarning.bsky.social,mattverplaetse.bsky.social
did:plc:xxvu4t7f4j4gjkg6pvtfw5dy,did:plc:sa73fbx3vxzh2fw5pu5wmief,1,fairwarning.bsky.social,shamsbot.bsky.social
did:plc:xy4ncfhsswszgoj2d6t4act3,did:plc:vrd5k7qh7bsj6upi7wunexgq,1,cdherrera.bsky.social,paulgarcia.bsky.social
did:plc:xy57ykpgmdzyjsvdhm3nbelc,did:plc:pmuekp5b3drwnwa7ibv43kd6,1,deltron7.bsky.social,buddy-k.bsky.social
did:plc:xy5et7tjp2m5vcse6ky23v2x,did:plc:moejpt72sm743idbk3xc46mx,1,paulrosenberg.bsky.social,jesspish.bsky.social
did:plc:xy5et7tjp2m5vcse6ky23v2x,did:plc:t4i3a4fawuzge3dsw2i2h2fw,1,paulrosenberg.bsky.social,markjacob.bsky.social
did:plc:xy6l4dok2elgsnfxtoea43py,did:plc:b5s7pvomuo3xwd3wgdpnohtt,3,s-anthonyclapper.bsky.social,bullsjay.bsky.social
did:plc:xye46eegrw7ktyabvoomxo7o,did:plc:rkpzrwxex34r36ypejhew7ml,1,wonderinall.bsky.social,howardbeck.bsky.social
did:plc:xye5vep5ggm7bdmeofbcw534,did:plc:p5ranmd4dqeebgt2co2palv7,2,littlemisslit1.bsky.social,redmiller.bsky.social
did:plc:xyrhyurdoeahwhnqvvr346uq,did:plc:xwa273u2xtoaab4lm5ybj2uy,1,sportsrealist.bsky.social,fredkatz.bsky.social
did:plc:xyzeyymd5k2hu7tvbn6xa7yy,did:plc:dgivipsubywryd3pjggdyawm,1,deucemason.bsky.social,markrussellpereira.bsky.social
did:plc:xz3bkoophrtnmg5tu7tymlbg,did:plc:shbrsjbjrqrsnjxwniprp6s6,1,constantvelocity.bsky.social,rickyodonn.bsky.social
did:plc:xz55cmfklypkyqp6mi3pwn7j,did:plc:4m2mvqumu72dar3pcm2tpebi,1,boboinparadise.bsky.social,mediaite.com
did:plc:xz75d66exoa2te2qnhhn4cfu,did:plc:e62gb2ushvtvjvqcbrxeaw2n,1,newhousej.bsky.social,chrislhayes.bsky.social
did:plc:xzgl4d7idghxny23mfmvnm2k,did:plc:eec4r4qv2n5uybm4tveqfab3,1,broadfawn.bsky.social,nicktargaryen09.bsky.social
did:plc:xzgl4d7idghxny23mfmvnm2k,did:plc:f6fbiilymypwoezyvorxt653,1,broadfawn.bsky.social,utm.bsky.social
did:plc:xzgl4d7idghxny23mfmvnm2k,did:plc:ixye6m2arrqmghqr6p7lbk2n,1,broadfawn.bsky.social,winsomeloathsome.bsky.social
did:plc:xzrslsbmqtxbcvdztsvrrxvv,did:plc:7sgjqqfzhy5okp5wrj73x6aw,1,don-young.bsky.social,zflixfootball.bsky.social
did:plc:y2s7okxncidimdrlie5r7vsc,did:plc:fqsmj7o5mbb7n7oav2kkjuid,1,alb1154.bsky.social,nbastat.bsky.social
did:plc:y3caxnlaf3dzjx6u7e7a7y67,did:plc:cvgfgkowwcxwpcrr5o6dq4lg,2,hooverstreetrag.org,mattbrown.bsky.social
did:plc:y3dvjnlgnytjs5p6h7b33y6f,did:plc:ghdbl7l5rmv4qsskgifvrm7o,1,bostonjerry.bsky.social,chriscampy.bsky.social
did:plc:y3dvjnlgnytjs5p6h7b33y6f,did:plc:jcgsmdp3ljkdlwma6nxxj5xh,3,bostonjerry.bsky.social,nerditry.bsky.social
did:plc:y3dvjnlgnytjs5p6h7b33y6f,did:plc:v54k3gt2dcjehyd33xmsbwqe,1,bostonjerry.bsky.social,chadfinn.bsky.social
did:plc:y3nyvbe33i6ot6x65yxwgmik,did:plc:tlf5hilbsn7vlw3rzunbzvw3,1,ellegitlin.com,fredsmith.bsky.social
did:plc:y3oy6deibo7kwmhchm2sigu3,did:plc:pjy44evqbyz2kpv6l5whtggl,1,josequezada.bsky.social,ethosfantasynba.bsky.social
did:plc:y3p253nj2rd3v7ewonixadsa,did:plc:t4i3a4fawuzge3dsw2i2h2fw,1,christyaz.bsky.social,markjacob.bsky.social
did:plc:y3u477ilqlkloxw6xfqpau4r,did:plc:6mbsium2s6bjj22ouaxjuu4x,1,jameslburke99.bsky.social,thebennatan.bsky.social
did:plc:y3v2urzjdf5kawk72ymmxytd,did:plc:inqsf2vb3fk6hj2x5r2xd72j,1,jermany.bsky.social,kdonhoops.com
did:plc:y3v2urzjdf5kawk72ymmxytd,did:plc:o24lk7l7ekyv2alwqp7oa3g7,1,jermany.bsky.social,leefoltin.bsky.social
did:plc:y3v2urzjdf5kawk72ymmxytd,did:plc:x4qyokjtdzgl7gmqhsw4ajqj,1,jermany.bsky.social,bencollins.bsky.social
did:plc:y42pmcu7a3cdz3se4cewmt7r,did:plc:2lrfppnconpjc4n4wl2qi4ef,1,nickhasthoughts.com,excitedstate.bsky.social
did:plc:y435iv635b52twusagaoxktx,did:plc:o7icpso6evs2j7jptkesplh2,2,jakenazar.bsky.social,billygomila.bsky.social
did:plc:y452jv24but72jreraazbauk,did:plc:b2kutgxqlltwc6lhs724cfwr,1,braxon-brax-off.bsky.social,theathletic.com
did:plc:y4542frphjx6kb4mzctk6qbv,did:plc:fojtg2lajnuuhljaoogoy2za,1,theonlycawlors.bsky.social,robpollard45.bsky.social
did:plc:y45b7s4rwxbr7no7aa7c5qkt,did:plc:njpr4fc5ibrcm3jac7igqmvg,1,kirkwong.bsky.social,shawnjohn.bsky.social
did:plc:y4hv2tilyrehwp2zfflzqt5x,did:plc:e62gb2ushvtvjvqcbrxeaw2n,2,vatruthteller.bsky.social,chrislhayes.bsky.social
did:plc:y4igah3o4omlvdapuwp2nhrp,did:plc:paahdlyrfrdrcfrnqgeigbwv,1,daledoback.bsky.social,brewcrewblue.bsky.social
did:plc:y4lymusyy7qdsrpmplczfoxo,did:plc:e62gb2ushvtvjvqcbrxeaw2n,1,poolside06.bsky.social,chrislhayes.bsky.social
did:plc:y4owjrqyhyo44grp5e5ojm6k,did:plc:3zzr5v7kb5dm44qegdfftho3,1,oskartxu.bsky.social,mrgoesar.bsky.social
did:plc:y4s4ximdeu6qrj64tzaxlj6d,did:plc:wqd6thuftjwpzgosbl3tkp2e,1,nathanarizona.bsky.social,danclyne.bsky.social
did:plc:y4xx3g6v4umm2e7ow5fxh2f2,did:plc:hf7ezrajxadu7v3tzcyij424,1,matgopack.bsky.social,parkermolloy.com
did:plc:y53vk56rmrh35o65dt4czaiu,did:plc:t4i3a4fawuzge3dsw2i2h2fw,1,mollyr0se.bsky.social,markjacob.bsky.social
did:plc:y5mgsa6px6eez6yc2yzfxxgu,did:plc:rkpzrwxex34r36ypejhew7ml,1,blogabull.com,howardbeck.bsky.social
did:plc:y5mgsa6px6eez6yc2yzfxxgu,did:plc:shbrsjbjrqrsnjxwniprp6s6,1,blogabull.com,rickyodonn.bsky.social
did:plc:y5ndswpnfwwyvwz7mo27yxto,did:plc:vw4k5hghpxj5rscv2poseara,1,splakey.bsky.social,86-emall.bsky.social
did:plc:y5ntn3xfjf5jfnd6f7xwg3v2,did:plc:e62gb2ushvtvjvqcbrxeaw2n,1,elsiejay.bsky.social,chrislhayes.bsky.social
did:plc:y5pwa2yg4zxba7memgquw3dc,did:plc:luofuy2uw7g4vsd2vbwidtel,1,pjewett.bsky.social,keithsmithnba.bsky.social
did:plc:y5usr6jht5kskmnmu7wv63k6,did:plc:g7a6qji72odgptnddtrkdchy,1,markbarrington.bsky.social,mrbuckbucknba.bsky.social
did:plc:y67z6s3khos4637j3y7eui4l,did:plc:6nayubuzpzqwiauzuhbziaio,1,idkiyk.bsky.social,bddrix.bsky.social
did:plc:y6morkbg6qwu5pxm3tpgvdnv,did:plc:sa73fbx3vxzh2fw5pu5wmief,3,truthinadvertorial.bsky.social,shamsbot.bsky.social
did:plc:y6ygnhkqigtkhsc4krsnmm2u,did:plc:7uahugigvixjvxd5s2hidpad,1,celinpursuit.bsky.social,tonyreast.bsky.social
did:plc:y6ygnhkqigtkhsc4krsnmm2u,did:plc:ksv7h7ynainc7djerjud7wr4,1,celinpursuit.bsky.social,trilliemcginest.bsky.social
did:plc:y6ygnhkqigtkhsc4krsnmm2u,did:plc:sa73fbx3vxzh2fw5pu5wmief,1,celinpursuit.bsky.social,shamsbot.bsky.social
did:plc:y77lmy4jy3cmmvyhga4qfano,did:plc:6fnzney5yhgjcbw664awibcm,1,tylerharper.bsky.social,karenho.bsky.social
did:plc:y7bkalmg3q6ey27qw4dskvzt,did:plc:hf7ezrajxadu7v3tzcyij424,1,joebos617.bsky.social,parkermolloy.com
did:plc:y7bkalmg3q6ey27qw4dskvzt,did:plc:x5fthldzy2f7mmd7bhitk6qc,1,joebos617.bsky.social,fraserramon.bsky.social
did:plc:y7bkalmg3q6ey27qw4dskvzt,did:plc:zy6sn6tkic24e6p52g2yh4zn,1,joebos617.bsky.social,rajandelman.bsky.social
did:plc:y7ioyrahgrd2gxs2do42cf5i,did:plc:fjiupdolgwv45olxgrqgfhjk,1,morls.bsky.social,tressiemcphd.bsky.social
did:plc:yaednivr2bwik2fux27l6sgm,did:plc:beg6ffhnpqx3nafov4evtw2x,1,velodus.bsky.social,markcsportsethos.bsky.social
did:plc:yaednivr2bwik2fux27l6sgm,did:plc:f5vknjyo6v6ctlf7hernwc3q,1,velodus.bsky.social,mrsceltics.bsky.social
did:plc:yaednivr2bwik2fux27l6sgm,did:plc:umtr4kkuzn3sdes66a5aiaee,2,velodus.bsky.social,solisreport.com
did:plc:yaghcdmiwsjf2roeyytugfcd,did:plc:3nyunco7y3uh7t3qorwivklk,4,aavcocup.bsky.social,bfj-mb.bsky.social
did:plc:yavubedee5tzxee6zokhxrg3,did:plc:4qq54cnjmuk4f6v22uiiq6wt,1,dennismtracy.bsky.social,snellszn.bsky.social
did:plc:yavubedee5tzxee6zokhxrg3,did:plc:6jpqgc6d4tplxcioxuh7khmr,1,dennismtracy.bsky.social,jimowczarski.bsky.social
did:plc:yaxysnurlgxh5uytadl66yvn,did:plc:75fudvceqwzcnuhmuhxop6hx,1,ripcitykeith.bsky.social,rogower.bsky.social
did:plc:yaxysnurlgxh5uytadl66yvn,did:plc:77r5i7bdjm2fm5bk4qcpwblw,1,ripcitykeith.bsky.social,paintnpdx.bsky.social
did:plc:yaxysnurlgxh5uytadl66yvn,did:plc:nxbs3p7sn4i6i73tkw6xwhxz,1,ripcitykeith.bsky.social,genxkelly.bsky.social
did:plc:yaxysnurlgxh5uytadl66yvn,did:plc:vl7xfk75ufxgmolpoect47ez,4,ripcitykeith.bsky.social,thuginator.bsky.social
did:plc:ybaprijw4fagrpld3hrtnw4h,did:plc:crexed4zzv2ylfz36fjwrko4,1,beachf00t.bsky.social,khanhphamforor.bsky.social
did:plc:ybc7kkcltmldlr3ycec32l6m,did:plc:33yuttg43domt6gyddetilkn,1,kickpuncher.bsky.social,nodunks.com
did:plc:ybfxtdfziqp3kupssd6onige,did:plc:ank6pz6hhgvrtmwg7rmmw4fo,1,ibc.bsky.social,sltrib.com
did:plc:ybgk7b4wsacfnnfftxeq3kqc,did:plc:6k7zfvrnus4vjjtnh6xl6hmb,1,couponforpoupon.bsky.social,mikenordson.bsky.social
did:plc:ybgk7b4wsacfnnfftxeq3kqc,did:plc:pq62cvmtjkdvrq3wqa52j7dl,1,couponforpoupon.bsky.social,kastronut.bsky.social
did:plc:ybgk7b4wsacfnnfftxeq3kqc,did:plc:sf3zlfieuwb7dqwyaj74ye6j,2,couponforpoupon.bsky.social,nyk44.bsky.social
did:plc:ybvp7brgvvoqwdd756jgmiyv,did:plc:bdacp2cmuuyawx553cv2spdy,1,jupiterjazz89.bsky.social,grubb.wtf
did:plc:ycc5zbh5bzf4skb6b4k4srns,did:plc:54j6gtxwspludbbihqsvnfii,1,nipen.bsky.social,ghostoftuvix.bsky.social
did:plc:ycg424e2vkb5fia5i7e3z73l,did:plc:ygjhabmppi5jwwyn3dkjyct6,1,emccarthy23.bsky.social,adamnyeary44.bsky.social
did:plc:ycjusc2axj44jtlnk3jwfmvu,did:plc:3zzr5v7kb5dm44qegdfftho3,1,guille4s.bsky.social,mrgoesar.bsky.social
did:plc:ycxopsp5p6g2b27fapmeirjp,did:plc:ugoqmdaxl4utnj4csujswwlj,1,tcepser.bsky.social,athlonsports.bsky.social
did:plc:yczntukwdflr7u3fe53dpwgw,did:plc:e62gb2ushvtvjvqcbrxeaw2n,1,tunaboat.bsky.social,chrislhayes.bsky.social
did:plc:yd24kweq3cqpnpfmeec4ckrc,did:plc:savltyoxhe4cc3sxqyspvvpy,1,laurabrevitz.bsky.social,pomegranateyum57.bsky.social
did:plc:yd24kweq3cqpnpfmeec4ckrc,did:plc:uvghjv4xjn7f6j6gf5vovb77,1,laurabrevitz.bsky.social,keithejefferson.bsky.social
did:plc:yd26h4u5rmn6xtk56yn5n7y4,did:plc:jaq7276xjkaiueg7wgursiqq,1,bencoombs.bsky.social,mylo.bsky.social
did:plc:yd26h4u5rmn6xtk56yn5n7y4,did:plc:x4gxcq7uospumk5ewsitfvse,1,bencoombs.bsky.social,getsit.bsky.social
did:plc:yd4gaql2btbpybzm3x3q4qwa,did:plc:f6fbiilymypwoezyvorxt653,1,unclegeeb.bsky.social,utm.bsky.social
did:plc:yd4gaql2btbpybzm3x3q4qwa,did:plc:sa73fbx3vxzh2fw5pu5wmief,1,unclegeeb.bsky.social,shamsbot.bsky.social
did:plc:yd7bt53qrinin34jasvkthvs,did:plc:2i2l6t4uh4y7vahpn7hiqx3f,1,t-shirtnshorts.bsky.social,iztokfranko.bsky.social
did:plc:yd7bt53qrinin34jasvkthvs,did:plc:sf3zlfieuwb7dqwyaj74ye6j,1,t-shirtnshorts.bsky.social,nyk44.bsky.social
did:plc:ydpce5hzpcg46omtipvi7pq2,did:plc:5zvwgexrvlusnekgajr47pgl,1,postwarbrit.bsky.social,turtlyburtly.bsky.social
did:plc:yduliewwfeqtuv23g5yncwqc,did:plc:b5hll5if43sn4b72olvvgzxn,1,mypalgrant.bsky.social,noonan66.bsky.social
did:plc:ye2hzpb5jy4xihumk2jgzae3,did:plc:zvgi4eon2fvlemnmaqnmayuk,2,shamusmcgillicuddy.bsky.social,johnkaralis.com
did:plc:yecurhb3o7soofp7k3aczs2l,did:plc:dk6vxaa5eww54weaj67ehai2,1,slwpkrazriguez.bsky.social,blaqdocdown.bsky.social
did:plc:yecurhb3o7soofp7k3aczs2l,did:plc:jf6q7mri2qiy7mlwcyfx3wtq,1,slwpkrazriguez.bsky.social,donyey.bsky.social
did:plc:yecurhb3o7soofp7k3aczs2l,did:plc:xjyrusev4e5y66bemvomadcq,1,slwpkrazriguez.bsky.social,pnutfinger.bsky.social
did:plc:yeg5nrtdt3zbneiszibm45pj,did:plc:6e34rwnthq266lvwzfbvbx2g,1,elmore.zone,mercurycdx.bsky.social
did:plc:yeg5nrtdt3zbneiszibm45pj,did:plc:74nm4q3dst5xihzdwpq5p5jg,2,elmore.zone,iiotenki.bsky.social
did:plc:yem3mzfrmjxecimxqcdwuilx,did:plc:h4akooyknu7ft7hofgg4yenw,1,dweinman.bsky.social,freemaneric.bsky.social
did:plc:yespptplvnse4fwrxgh6vxoz,did:plc:waw6zjjsfghvwrlqafxp7syz,2,winnesota.bsky.social,annaknutson.bsky.social
did:plc:yev7duwg6hecosbwxmey34z4,did:plc:swgxwbir4rrimj57pf75jckf,1,arcknightt.bsky.social,mtsw.bsky.social
did:plc:yev7jidsotjnfl5ddhwmv6y6,did:plc:7sfnardo5xxznxc6esxc5ooe,1,uncannymac.bsky.social,nba.com
did:plc:yfxsankkavvwbg37misubzl6,did:plc:22fudzaxnal4ddodzv2o6mwk,1,hooperre.bsky.social,jmcdonaldsa.bsky.social
did:plc:yfxsankkavvwbg37misubzl6,did:plc:sa73fbx3vxzh2fw5pu5wmief,1,hooperre.bsky.social,shamsbot.bsky.social
did:plc:yg2ih6suwqm56dgcz6eme4ht,did:plc:yj436z2s2v37rvaw33lc4ryq,1,ironyuppie.bsky.social,mbkplus.bsky.social
did:plc:yg4ssvi5igp2ixadzlptvcmc,did:plc:hf7ezrajxadu7v3tzcyij424,1,sotekprime.bsky.social,parkermolloy.com
did:plc:yg7lwgus2nbp4sbr7o57hyz6,did:plc:j24jtz7xkt5ttdsk32mmpkvn,1,andrewjoepotter.bsky.social,johnhollinger.bsky.social
did:plc:ygbqtljgsckncvplofglqlqa,did:plc:lrl4hcxfrukvgbekhrias3qu,1,arifish.bsky.social,dcorkery.bsky.social
did:plc:yge3sr4i2ffsta2unrjbriy6,did:plc:64yuwkvwp33brfbebuyebk7u,1,aaronwherry.bsky.social,willmurray.bsky.social
did:plc:ygl5byfvhwtcuumgc6p4hixy,did:plc:fh4ixabwwsiix6gxetmriup7,1,leask.bsky.social,franzferdinand2.bsky.social
did:plc:ygurya6xmlebxeywtp4qdwdp,did:plc:nztbvvo2gl4227zuxjf7gog3,1,sailorsdelight.bsky.social,ddayen.bsky.social
did:plc:ygvqy32thz77qgvftetsyhkn,did:plc:sa73fbx3vxzh2fw5pu5wmief,1,gustavo64.bsky.social,shamsbot.bsky.social
did:plc:ygvqy32thz77qgvftetsyhkn,did:plc:vxnpwmgirkiarxplagqjqfiy,1,gustavo64.bsky.social,publicpolicyman.bsky.social
did:plc:ygzzh7n5a6hv3j2m7y65aqnj,did:plc:3kelnt5tm3zzanzk7y64wan3,1,fecak.bsky.social,godstreetwine.bsky.social
did:plc:yh63t2cciyrydlks2fsoft3q,did:plc:7biiaq76gufzjdthwhdxaws2,1,brooklyn3r.bsky.social,l-jam.bsky.social
did:plc:yhuw4za5cbuqupk53ryhixmr,did:plc:6t6vdkdtsu2ktffzdydkymey,2,redroundball.bsky.social,goodifitgoes.bsky.social
did:plc:yhuw4za5cbuqupk53ryhixmr,did:plc:f5vknjyo6v6ctlf7hernwc3q,5,redroundball.bsky.social,mrsceltics.bsky.social
did:plc:yhuw4za5cbuqupk53ryhixmr,did:plc:maldz2avjwc65hpb3lmmo7ai,1,redroundball.bsky.social,tommyvon.bsky.social
did:plc:yhuw4za5cbuqupk53ryhixmr,did:plc:nzt4zxtfvfqfw3mkk2357pgq,2,redroundball.bsky.social,hardbap.bsky.social
did:plc:yhuw4za5cbuqupk53ryhixmr,did:plc:ov3ixpbcdxxd4ueau3slthet,4,redroundball.bsky.social,joelvideo.producer.blue
did:plc:yhuw4za5cbuqupk53ryhixmr,did:plc:ra4oy3ibhnmfd5li4wmkg763,2,redroundball.bsky.social,animejay.blacksky.app
did:plc:yhuw4za5cbuqupk53ryhixmr,did:plc:tne6d463w7av3ruhurbjw2g4,2,redroundball.bsky.social,bostonianindc.bsky.social
did:plc:yi5qjz6rrb6m3gd6u7oaefyb,did:plc:f5f6nlzungthujhlwbcxckls,1,jasoncheathawks.bsky.social,gentlemanlydrinker.bsky.social
did:plc:yi5qjz6rrb6m3gd6u7oaefyb,did:plc:lkkpyfms5nccn6fkm2loufln,1,jasoncheathawks.bsky.social,wrongopinionman.bsky.social
did:plc:yi5qjz6rrb6m3gd6u7oaefyb,did:plc:z3uh6dme22hydm4loftjktaj,1,jasoncheathawks.bsky.social,unlox.bsky.social
did:plc:yieydfyccxcqtkbxd5ymqzi2,did:plc:pj333yvbcnxq3o4uigy36bgf,1,hombrus.bsky.social,hoyainnj.bsky.social
did:plc:yii2qvta6gfduozqz5laacze,did:plc:7kn5bnqfwrgdnq2fep5mjkqr,1,goreckis.co,malcolmsjustice.bsky.social
did:plc:yii2qvta6gfduozqz5laacze,did:plc:hf7ezrajxadu7v3tzcyij424,1,goreckis.co,parkermolloy.com
did:plc:yil7pyz2hes2hrazi5hblun4,did:plc:e3ktrbooe3mildj4hhwhsvtc,1,bossman-don.bsky.social,mikeascotto.bsky.social
did:plc:yiolqjyexio7yqje64cmiasj,did:plc:ank6pz6hhgvrtmwg7rmmw4fo,1,iliveinutah.bsky.social,sltrib.com
did:plc:yiuuez6osafifquljo5kypuz,did:plc:sa73fbx3vxzh2fw5pu5wmief,1,kevinkleinpdx.bsky.social,shamsbot.bsky.social
did:plc:yiyfcf6nin6b7hvmfbznokz5,did:plc:vwxjcad52e7enw4qabtsywkw,1,railfan1.bsky.social,kingprui40dash.bsky.social
did:plc:yizplexwyykshelz7uaxet2n,did:plc:k72kggkfw4jhpdyu742uo4qa,1,pheedthemonkey.bsky.social,heyhoody.bsky.social
did:plc:yj2gcri6dkpgnwvpedo4f6nl,did:plc:gt3unljcqhimumy5zgosk3gv,1,imcwaig.bsky.social,davidbix.bsky.social
did:plc:yj436z2s2v37rvaw33lc4ryq,did:plc:ahcborosqrfchi3iiyhoixch,1,mbkplus.bsky.social,dennycarter.bsky.social
did:plc:yjmttftb6esjyzn46ngtsjn7,did:plc:26375peygwnrijoepmy2fdcs,1,bobbichristensen.bsky.social,washingtonstatestandard.com
did:plc:yjohhsbrz75ome2a4yz2uw2w,did:plc:gt3unljcqhimumy5zgosk3gv,1,karmathemetal.bsky.social,davidbix.bsky.social
did:plc:ykmao3hjsai2zmsp5qclnj35,did:plc:3q2bc4e3zxdq43xmtfwfiebs,1,gurriatonegro.bsky.social,juansintierra2666.bsky.social
did:plc:ykmenzowd4vmvehh73yvn72q,did:plc:b2kutgxqlltwc6lhs724cfwr,1,mavsrobbedin06.bsky.social,theathletic.com
did:plc:ykogcak73ztvcv22kscseimg,did:plc:vefzh2tiuemdpissmq3nwoqk,1,ramsandhoosiers.bsky.social,intothewall.bsky.social
did:plc:yksouw4rlonbayl57dijewjl,did:plc:5dwbpojkp6wykwcafasvwroi,1,jsbooth.bsky.social,daltonjohnson.bsky.social
did:plc:ykx3db5vgehwct3nqsogaeu4,did:plc:zcifiaokjuznmkasf6zn347d,1,odinbn.bsky.social,flybyknite.bsky.social
did:plc:yl6ijujj27n5po6pz6yeeue4,did:plc:bpx5ab47lqy7zgxu222b4n2z,1,thephillyguy.bsky.social,mayorofoakland.bsky.social
did:plc:yl7tqnl3sjqkucyo76vbgsji,did:plc:czqrw6bkeq2gsfqnpe3qhfws,1,matthumbert.bsky.social,biffthetick.bsky.social
did:plc:yldcnnapciwf3f4pqoygnp2y,did:plc:e62gb2ushvtvjvqcbrxeaw2n,1,poohlady.bsky.social,chrislhayes.bsky.social
did:plc:ymbfyajjj2olppjog5qkprng,did:plc:oaghntcihvzqkirfcn4faarb,1,b-kellyjr.bsky.social,mitchellepner.bsky.social
did:plc:ymbzqrovsi7q3vei5mabgpzp,did:plc:22fudzaxnal4ddodzv2o6mwk,1,yolie-rivers.bsky.social,jmcdonaldsa.bsky.social
did:plc:ymgcqu7kfhamdxuewvjczhrr,did:plc:ckfshclyghehf5cm4akcdane,1,weedwizard.wtf,danielfsmith.bsky.social
did:plc:ymgcqu7kfhamdxuewvjczhrr,did:plc:hb5s4bd5ctk6inznrn6gf6hx,1,weedwizard.wtf,basketballtalk.bsky.social
did:plc:yms2i3olv45jl2zkehswfsod,did:plc:hf7ezrajxadu7v3tzcyij424,1,genderqueeries.ca,parkermolloy.com
did:plc:yn3ny7avvsnk5gd4mipquy5t,did:plc:2mxadfg4ck5lwlur64dsvan7,2,buckmcw.bsky.social,brenda2026.bsky.social
did:plc:yne6a6d5vqte7y4dbah2l7qq,did:plc:vcumvue2gcsxexermtdg6cr7,1,dungargee.bsky.social,tommybeernba.bsky.social
did:plc:ynffljsn62r6x3w6gt3qhxsz,did:plc:ahlcryt4sdzkb6bgip5npmmi,1,deephunk.bsky.social,mrjordanhirsch.bsky.social
did:plc:yngxa2y42hemacsn7xgzhurf,did:plc:b2kutgxqlltwc6lhs724cfwr,2,isaacshandle.bsky.social,theathletic.com
did:plc:yngxa2y42hemacsn7xgzhurf,did:plc:rviatboifum6jlqvwk4sv3dr,1,isaacshandle.bsky.social,treeko21.bsky.social
did:plc:yo7gp3chkkruv4ae7swo3nc5,did:plc:dlbppl2kdyccutor3t3jsuan,1,joshuafielding9.bsky.social,evanempdx.bsky.social
did:plc:yo7gp3chkkruv4ae7swo3nc5,did:plc:rsneezcrz7a7cruq5qdeotdb,1,joshuafielding9.bsky.social,profcedar.bsky.social
did:plc:yobfc3nhgxej2i5e6uag4rfg,did:plc:vqtakzi5bityrtbjj4cfan4l,1,dfoliver.bsky.social,bubbaprog.xyz
did:plc:yoc6ycp4cwu2zymrikyr7jvb,did:plc:thetw5mbjmg6o6524qbiifna,2,luluroche.bsky.social,kalgatron.bsky.social
did:plc:yoip4gizhzd2jwhz6rcjp5h7,did:plc:zo7ppsdhdrry76iil7lwmflh,1,profmark6945.bsky.social,lovenba.bsky.social
did:plc:yojcn4mwd6swycj3bwlo5xpq,did:plc:7giugsiydb7mj2j3a5u6nuyn,1,lethaljorts.bsky.social,canishoopus.bsky.social
did:plc:yojcn4mwd6swycj3bwlo5xpq,did:plc:7sfnardo5xxznxc6esxc5ooe,1,lethaljorts.bsky.social,nba.com
did:plc:yojcn4mwd6swycj3bwlo5xpq,did:plc:xwa273u2xtoaab4lm5ybj2uy,1,lethaljorts.bsky.social,fredkatz.bsky.social
did:plc:yojcn4mwd6swycj3bwlo5xpq,did:plc:yszq3r6es46yc3vffyhwydq7,1,lethaljorts.bsky.social,danglinghemmie.bsky.social
did:plc:yonrcucgp2oym5gco5pe27pn,did:plc:3q2bc4e3zxdq43xmtfwfiebs,1,f20j24.bsky.social,juansintierra2666.bsky.social
did:plc:yoyfhx32mbt4ypu2uhm3ohad,did:plc:i272bxbqziwvgjash3e33ogh,1,kaseymac.bsky.social,anjinyquist.bsky.social
did:plc:ypjyu2fwrarerbkgxea2tuat,did:plc:oz6bkpnskcieebyvfstd4asb,1,grantmillar.bsky.social,baumann.bsky.social
did:plc:ypp4ilvfslbhnvxff74pu5sp,did:plc:4744urw7y3pmqvmb6bcdnk4j,1,bastylefilegirl.bsky.social,chucktownbabe.blacksky.app
did:plc:ypp4ilvfslbhnvxff74pu5sp,did:plc:c4tua2dvwo3subelej2yzdpy,2,bastylefilegirl.bsky.social,msmicaluv.bsky.social
did:plc:yq4odixjl75y4pi66dm6eibb,did:plc:2pwapmv5aopc73qckdrfdb7g,1,jaredof.bsky.social,dadloop.bsky.social
did:plc:yq4odixjl75y4pi66dm6eibb,did:plc:5kwhtqk4ryztgx7qxzm5roqw,2,jaredof.bsky.social,alsonamedphil.bsky.social
did:plc:yq4odixjl75y4pi66dm6eibb,did:plc:cve7yepwg5yidccl2bh4bhaj,2,jaredof.bsky.social,itsnothardev.bsky.social
did:plc:yq4odixjl75y4pi66dm6eibb,did:plc:hkte6xia3nw7ye7c57qbmdwv,1,jaredof.bsky.social,67sound.bsky.social
did:plc:yq4odixjl75y4pi66dm6eibb,did:plc:xprjtcxt54cms7c475uup7bw,1,jaredof.bsky.social,alexscotian.bsky.social
did:plc:yqb5qalz5dklm6vjipkgvvoa,did:plc:oa5ob2kace2lqxxxhxz6qsfd,2,devfan4evr.bsky.social,brlynn.bsky.social
did:plc:yqfksyfie6xxmm5bbgtyqd3a,did:plc:f7i33cd3b5n6en2iunk2mwkp,1,braddtastic.bsky.social,billdifilippo.bsky.social
did:plc:yqfksyfie6xxmm5bbgtyqd3a,did:plc:kxvzefhde44ctt3it2nkbkop,1,braddtastic.bsky.social,sevansdfs.fantasynowplus.com
did:plc:yqfksyfie6xxmm5bbgtyqd3a,did:plc:lyrhzsfcnpthqs3t5ks6pqzv,1,braddtastic.bsky.social,marcjspears.bsky.social
did:plc:yr243o6nk6p23e2q3mg77oki,did:plc:qy76btg4imyge6r7wctnyype,1,silverleaf11.bsky.social,redhairedbhoy.bsky.social
did:plc:yr2fiqw4yxl2o6svlcjco7g3,did:plc:kkrqtljfbaauqbet3fm3ex5q,1,andywaters.bsky.social,erikbeimfohr.bsky.social
did:plc:yr6tximkbhfbrzmk3s6az3fe,did:plc:rbubyjot6pkcmeijgqt2riay,1,dillo.media,pattenpending.bsky.social
did:plc:yrjc2d3svduz2emcm3b3leme,did:plc:lp3bloahtpj6zdo5lv3gi7it,2,scottadamson1960.bsky.social,danithinks.bsky.social
did:plc:ys3r2iwc6ogeqfvxe6uwbhau,did:plc:traer34gkcgums7iiflbjiab,2,spectre-9.bsky.social,nickvanexit.bsky.social
did:plc:ysojnwviv6fv6n7wkuqh3ed3,did:plc:f6yya4ptvsu3cbc7mxkml66d,1,oliviamutantjohn.bsky.social,gwill2k.bsky.social
did:plc:ysojnwviv6fv6n7wkuqh3ed3,did:plc:hf3q6xbglydq3svn2puksjsp,1,oliviamutantjohn.bsky.social,jerichovilar.bsky.social
did:plc:yszq3r6es46yc3vffyhwydq7,did:plc:yojcn4mwd6swycj3bwlo5xpq,1,danglinghemmie.bsky.social,lethaljorts.bsky.social
did:plc:ytgguhxzb2hab3cpbzkiymss,did:plc:rg3lwplm4n4wy3y273wxtit6,1,medcrisis.bsky.social,therealmiotsu.bsky.social
did:plc:ytnefxthoarg5qpfbq6fo7zf,did:plc:e62gb2ushvtvjvqcbrxeaw2n,1,dbpublisher.bsky.social,chrislhayes.bsky.social
did:plc:ytuk6h6gga2v2zte7xn7ti2u,did:plc:nmozdqihvylpteu5xclnfbdq,1,mondycarrington.blacksky.app,lippylongstocking.bsky.social
did:plc:ytz3keioe5tlibu3iokr6iro,did:plc:mglr3cnajrjt7uw6dnspb232,1,brrrrrunette.bsky.social,rls0012.bsky.social
did:plc:ytz3keioe5tlibu3iokr6iro,did:plc:xxmlikhld6axqyg7ttsu3qg2,1,brrrrrunette.bsky.social,rgf.bsky.social
did:plc:yuboieay5ytnpxh4rmsw5pi6,did:plc:2mxadfg4ck5lwlur64dsvan7,1,22stackhouse.bsky.social,brenda2026.bsky.social
did:plc:yuboieay5ytnpxh4rmsw5pi6,did:plc:4md3rkqkr6m6ifmggsbz6nde,1,22stackhouse.bsky.social,nbabeau.bsky.social
did:plc:yuqa2tjvuc2aykl4juq2mtyc,did:plc:6jpqgc6d4tplxcioxuh7khmr,1,slcpios50.bsky.social,jimowczarski.bsky.social
did:plc:yuqa2tjvuc2aykl4juq2mtyc,did:plc:bbtqg3uqqfeefhp4eijzobd7,1,slcpios50.bsky.social,stevepeli.bsky.social
did:plc:yuqa2tjvuc2aykl4juq2mtyc,did:plc:morcnwi6bnqshmhlb5qwk5rp,1,slcpios50.bsky.social,kylebirling.bsky.social
did:plc:yuqa2tjvuc2aykl4juq2mtyc,did:plc:wkbysllyarm4b3kxrj3mfxau,2,slcpios50.bsky.social,stpaulite.bsky.social
did:plc:yv4n5xy57bcof67dpq6yd6ax,did:plc:hf7ezrajxadu7v3tzcyij424,1,imnotahrhitter.bsky.social,parkermolloy.com
did:plc:yv67q4crgf7ecz6vx6h7mtqs,did:plc:sby5n4i7bl44ewqeehvdznld,1,jengeth.bsky.social,metaltxt.bsky.social
did:plc:yvujp7evh7cm47laurimoaye,did:plc:b2kutgxqlltwc6lhs724cfwr,1,fernwoodsson.bsky.social,theathletic.com
did:plc:yvxgr32ufo75afd5qyoouxfc,did:plc:2e5e33f4fnecbp3ia4raev2a,1,shredberg.bsky.social,msushi.net
did:plc:yvxgr32ufo75afd5qyoouxfc,did:plc:5dxebmz3xy7cj5ngdmlu4zrs,1,shredberg.bsky.social,carrarium.bsky.social
did:plc:yvxgr32ufo75afd5qyoouxfc,did:plc:abaxjqf5yn767ukegg5kh5yv,1,shredberg.bsky.social,raptorizedira.bsky.social
did:plc:yvxgr32ufo75afd5qyoouxfc,did:plc:dopbstmnsij5ipmn6sr3fd43,1,shredberg.bsky.social,sethrosenthal.bsky.social
did:plc:yvxgr32ufo75afd5qyoouxfc,did:plc:ezattmy4evrpncdxq7z6vzfb,1,shredberg.bsky.social,saccityscott.bsky.social
did:plc:yvxgr32ufo75afd5qyoouxfc,did:plc:jhkg2m2py37lkmgbowt4ppg4,1,shredberg.bsky.social,steeplecoach.bsky.social
did:plc:yvxgr32ufo75afd5qyoouxfc,did:plc:lk3ligc5pwx7nkv3a5amntsn,1,shredberg.bsky.social,will-z-stats.bsky.social
did:plc:yvxgr32ufo75afd5qyoouxfc,did:plc:pqjcxw3yphmvjaq7dzw2jnat,2,shredberg.bsky.social,richhomieflom.bsky.social
did:plc:yvxgr32ufo75afd5qyoouxfc,did:plc:tceporr2hgnsph6ea3veqnp5,1,shredberg.bsky.social,llcoolray.bsky.social
did:plc:yvxgr32ufo75afd5qyoouxfc,did:plc:tlf5hilbsn7vlw3rzunbzvw3,3,shredberg.bsky.social,fredsmith.bsky.social
did:plc:yvxgr32ufo75afd5qyoouxfc,did:plc:u5bimy2c24u76ucfaycqrw23,1,shredberg.bsky.social,arcticfelix.com
did:plc:yvy5ax23zpmoearxn6xsgqzf,did:plc:3c4hzce2ih3ldgbjmawrre3n,1,btrowland.bsky.social,coledaynhell.blacksky.app
did:plc:yvy5ax23zpmoearxn6xsgqzf,did:plc:cpogxgxnmob5jfz5eveuj4ry,1,btrowland.bsky.social,robertsilverman.bsky.social
did:plc:yvy5ax23zpmoearxn6xsgqzf,did:plc:dapxkhim6daxxtyzpj4pugqu,1,btrowland.bsky.social,a-rabid-bee.bsky.social
did:plc:yvy5ax23zpmoearxn6xsgqzf,did:plc:f7i33cd3b5n6en2iunk2mwkp,1,btrowland.bsky.social,billdifilippo.bsky.social
did:plc:yvy5ax23zpmoearxn6xsgqzf,did:plc:thqn6rootxxpfgrsytd4ajrf,1,btrowland.bsky.social,uncledirk.bsky.social
did:plc:yw36i5sv56pf3f4gjgay5fvv,did:plc:2emupgm6taztttxwrjk4qk22,1,extremejuice.bsky.social,1robgunther.bsky.social
did:plc:ywdwhqhaqnpll272s3jju64u,did:plc:rpopy62qytvvmjdp5g2d6ls4,1,javierpanzardo.bsky.social,julioalonso.bsky.social
did:plc:ywlbsfrwoeuly5mv4xg6q5ic,did:plc:f4jbemdynr6upvf37wpdjgfl,1,aighttho.bsky.social,lhamilton.bsky.social
did:plc:yxgpskbiovgeqdpxtecsu43d,did:plc:mfhbago3y3glkwuryqt3n444,1,wyzipelly.bsky.social,trashtalkfr.bsky.social
did:plc:yxoeqrrubtulkh6yjfiszy55,did:plc:wkueu5isotqucsx3sbhgvlp6,1,wildtigerdrop.bsky.social,felippox.bsky.social
did:plc:yya6wnyy4abb6hgkypepoz5o,did:plc:2yhglxsi2owchryafic2gmr3,2,frightwig.bsky.social,dbrauer.net
did:plc:yyhj5wloszrpj2wg5adb3ijs,did:plc:af62br4qi2dl43eogb3jqimk,1,isaacrlevin.com,jeremydmiller.bsky.social
did:plc:yyiyccuveoyqshnhgk6fd2vp,did:plc:jlhe524cv6fo3toiwud676uu,1,sfgiantsgal220.bsky.social,peacehopeanddubs.bsky.social
did:plc:yzc56c7yfebfyaf3kg3mvsjt,did:plc:qqdqgzpqwyho4cxzso62m54q,1,kalihays.bsky.social,juliedicaro.bsky.social
did:plc:yzxtjv67kfgn4qwgbjjxheca,did:plc:w2tue5kljl6hjnbmpg43hiix,1,vir2ualvibes.bsky.social,leiladunbar.bsky.social
did:plc:z2mu7un3ide4bpb2j3ovbo7k,did:plc:5gj5khlp45ju7pi5oagklt4x,2,mensie.bsky.social,willholder.bsky.social
did:plc:z2mu7un3ide4bpb2j3ovbo7k,did:plc:5rhhrhp35bcyqieoniuqsw6u,1,mensie.bsky.social,johngennaro.com
did:plc:z2mu7un3ide4bpb2j3ovbo7k,did:plc:cs25kdpmze7bbyxbjxomvjk3,1,mensie.bsky.social,onlypadres.bsky.social
did:plc:z2mu7un3ide4bpb2j3ovbo7k,did:plc:hzg2wz6ynkvhcgga5b3464q6,1,mensie.bsky.social,amsullinger.bsky.social
did:plc:z2mu7un3ide4bpb2j3ovbo7k,did:plc:sa73fbx3vxzh2fw5pu5wmief,1,mensie.bsky.social,shamsbot.bsky.social
did:plc:z2pfjnauf5qre5e5tw7iasp3,did:plc:s4szs2n6tsgj23rkuwi7ro3p,1,idontexist1151.bsky.social,jalenmuhammad.bsky.social
did:plc:z2qpg7ux722lzzv4n36oixgl,did:plc:4iclhmqdbyjswkstf6koflgk,1,jeremytroia.bsky.social,exitsouth.bsky.social
did:plc:z2vmhf6ol25qcsmmpo7fmlwf,did:plc:2f6mbmnobkr34sskaipe4xoy,1,debbiecakes.blacksky.app,jessup-at-large.bsky.social
did:plc:z2vmhf6ol25qcsmmpo7fmlwf,did:plc:5huqumspzw2gahe23egeapqi,1,debbiecakes.blacksky.app,shonnasaidso.blacksky.app
did:plc:z2vmhf6ol25qcsmmpo7fmlwf,did:plc:l4yx7ucvt5jmedhab3gtr4bq,4,debbiecakes.blacksky.app,the3jsmom.blacksky.app
did:plc:z2vmhf6ol25qcsmmpo7fmlwf,did:plc:or4uj6vyuk4qnjksjkw3nj62,1,debbiecakes.blacksky.app,mikeyt202.blacksky.app
did:plc:z2vmhf6ol25qcsmmpo7fmlwf,did:plc:vdyw7lv45m755ne5sxelimkn,1,debbiecakes.blacksky.app,taastee.blacksky.app
did:plc:z2vmhf6ol25qcsmmpo7fmlwf,did:plc:zgul7ak3o2cusw7sdpnef3bh,1,debbiecakes.blacksky.app,jamma313.bsky.social
did:plc:z34egeyuvqdejtfviniz2535,did:plc:2573bu5ognbukgfrnzo5oqz4,1,biskhalifa.bsky.social,bershybluesky.bsky.social
did:plc:z3ohdsv5fvozyht6woavujt5,did:plc:mj4x6midcgtwrwkvmgffzuqq,1,billthepony.bsky.social,andytobo.bsky.social
did:plc:z3pjs5z2o6ho7apg4nk7iaf7,did:plc:t4i3a4fawuzge3dsw2i2h2fw,1,mwooooo.bsky.social,markjacob.bsky.social
did:plc:z3pnhndin2bjtmjtli66yue3,did:plc:t6x6ac5jmyjivyg6oy3mxp3w,1,sleepinggiant69.bsky.social,adampapageorgiou.bsky.social
did:plc:z3syhzkb3xq4h5z3pc5g4hym,did:plc:ccrabc6xdnjx4l7btvynnng4,1,merholtz.bsky.social,cooperlund.online
did:plc:z3uh6dme22hydm4loftjktaj,did:plc:54rsw7u5cb2rko6evayfn5xp,1,unlox.bsky.social,hustle-chillson.bsky.social
did:plc:z3uh6dme22hydm4loftjktaj,did:plc:hmhvklptsptn7sgelzrp5srg,1,unlox.bsky.social,eol.bsky.social
did:plc:z3uh6dme22hydm4loftjktaj,did:plc:oclue3e6ui6yomcljd6wltax,1,unlox.bsky.social,nowondvd.bsky.social
did:plc:z3vyr4qn2wixx3qnuglbam4d,did:plc:pe7vfrw45japmwredwwxd26z,1,karinpw.bsky.social,chasmkona.bsky.social
did:plc:z3ye3hgbvsi26sktxmedbbbe,did:plc:lubm2f2u7x6brdjphaspt4oe,1,halfordslane79.bsky.social,bf-rochester.bsky.social
did:plc:z465a2pswjaawkny6whmwidr,did:plc:6d3mvxxb6ojutk4p4q4cpgxu,1,hamthedm.bsky.social,barmearme.bsky.social
did:plc:z4peqc6coj6rd2umbkunf3fp,did:plc:b2kutgxqlltwc6lhs724cfwr,1,coachrambo.bsky.social,theathletic.com
did:plc:z4u6ndfdkd7psphfzvercjnj,did:plc:6v6p5zyomwej67nzpvjedkx5,1,smarkhenry.bsky.social,navyvetpdx.bsky.social
did:plc:z5e4d6zzflwfkktgvrxfku2h,did:plc:cyflytcyyyhawlrnnwiv25nd,1,davemostoller.bsky.social,btoporek.bsky.social
did:plc:z5lalzr4a52je23pdfnqcdcq,did:plc:qnebifoqvmylnambcl7admh3,1,cocktailhour.bsky.social,snackypanther.bsky.social
did:plc:z5mb5sp42zgb4wxqhj4rzpq5,did:plc:bbytzt5k3g2ilkqoqcoqiyrn,1,mkejoe.bsky.social,doey.bsky.social
did:plc:z6hjxclieoqo5useg6wqqj5b,did:plc:rkpzrwxex34r36ypejhew7ml,1,darthsmall.bsky.social,howardbeck.bsky.social
did:plc:z6iu2q5ujuepk2xn2f6ygtyu,did:plc:luofuy2uw7g4vsd2vbwidtel,1,partyglouberman.bsky.social,keithsmithnba.bsky.social
did:plc:z6ix2drlihjtprljiyzukcoz,did:plc:brc6xpufk5nehbsy37elk7jb,2,ekingsbury.bsky.social,creamcityjw.bsky.social
did:plc:z6ix2drlihjtprljiyzukcoz,did:plc:ns55pg4gyl2gto5bkchts7di,1,ekingsbury.bsky.social,emmaadella.bsky.social
did:plc:z6jycmgkwkz6yjwrobh7hkz5,did:plc:cwqp26rx7z6h76g6lo2ykbjk,1,marctriplett.bsky.social,gwiss.bsky.social
did:plc:z6jycmgkwkz6yjwrobh7hkz5,did:plc:rrh5me656wmncolysevqhc4y,1,marctriplett.bsky.social,adamaaronson.bsky.social
did:plc:z6nzkhl5jmgct5vye4oozwdu,did:plc:5dxebmz3xy7cj5ngdmlu4zrs,2,danthevp.bsky.social,carrarium.bsky.social
did:plc:z6uggj7m5osq7dhr7r24pctp,did:plc:2fil3vrrymlpa5uspsfgo37i,1,fitweball.bsky.social,justinanumudu.bsky.social
did:plc:z6uggj7m5osq7dhr7r24pctp,did:plc:dnxkqc6rsqossh7uhyobkeua,1,fitweball.bsky.social,bobbykrivitsky.bsky.social
did:plc:z74pljycvcf54ullzedu2c5m,did:plc:xvla2gqv6y3fvxj64uxrxsh5,1,likechristianb.bsky.social,lizzierie.bsky.social
did:plc:z77ilmnboc6u2763u4do7w5l,did:plc:ir4gloahwjcnbgetaipajbkt,1,rivasad.bsky.social,neilpostman.bsky.social
did:plc:z7jtkk5rzn77glcijjhdgcas,did:plc:jgmxlsqaj6inwjqx3eowix6i,1,mrbuick.bsky.social,snowden.st
did:plc:z7rmaf2miuk4mnx5f7wjjcxf,did:plc:dnylkanni2ng4os7icdlcqrm,1,tgagemurphy.bsky.social,randball.bsky.social
did:plc:z7rmaf2miuk4mnx5f7wjjcxf,did:plc:sa73fbx3vxzh2fw5pu5wmief,1,tgagemurphy.bsky.social,shamsbot.bsky.social
did:plc:z7wla4vjm3qun36hddjgryq6,did:plc:axuvbckddrg7lwlpjs44o7rg,1,4tlos.bsky.social,london.gov.uk
did:plc:zabfrepbhikxlsh24lvrzhbc,did:plc:niws4datih6dforyd7y22km4,1,kurtpena.bsky.social,sfchronicle.com
did:plc:zadp3le5cbv27co7ilus6r5z,did:plc:swgxwbir4rrimj57pf75jckf,1,hawkbirdguy.bsky.social,mtsw.bsky.social
did:plc:zae5imev6zdtinjvxqfiwyvy,did:plc:ov7yyu2taf5uzitjznhc2rto,1,michellewz.bsky.social,modakhilnba.bsky.social
did:plc:zaqgoezpsvft7zi53li74mmu,did:plc:5tphqnnsur6lkfemgcrkcveg,1,steelglory.bsky.social,indiana-pacers8.bsky.social
did:plc:zaqgoezpsvft7zi53li74mmu,did:plc:6y3zulpfknfey5qemwhc4frl,1,steelglory.bsky.social,jledwardsiii.bsky.social
did:plc:zaqgoezpsvft7zi53li74mmu,did:plc:7sfnardo5xxznxc6esxc5ooe,1,steelglory.bsky.social,nba.com
did:plc:zaqgoezpsvft7zi53li74mmu,did:plc:sa73fbx3vxzh2fw5pu5wmief,2,steelglory.bsky.social,shamsbot.bsky.social
did:plc:zaqgoezpsvft7zi53li74mmu,did:plc:x453mkragkflbkellxuwpv2s,1,steelglory.bsky.social,cwoodrun.bsky.social
did:plc:zaqgoezpsvft7zi53li74mmu,did:plc:zxkvgvplqecxcnkpuayzllcw,2,steelglory.bsky.social,themecca.bsky.social
did:plc:zaqncr7bldoeupim3zkx4yzg,did:plc:4xpj3xjxsxxcuh3ghaulzdqu,1,doctorbigtime.bsky.social,yourmandevine.bsky.social
did:plc:zarqvulfzzco6muvjhev2dt7,did:plc:g62tajye723r3fa4gqw7l7ql,1,lmv77.bsky.social,pattymo.com
did:plc:zatuc3eivscvrv3aey3mfvzj,did:plc:4kxaujevio7kizmcshgxvseq,1,spicynurse38.bsky.social,kingfitch1990.bsky.social
did:plc:zatuc3eivscvrv3aey3mfvzj,did:plc:vq76kvbhxplwtmmbi5om6p3v,1,spicynurse38.bsky.social,mattraytalk.bsky.social
did:plc:zbc7doqonh4vdk7ofyytgu6x,did:plc:if4n6vdin5rai4fswbx2727k,1,maxschwartz.bsky.social,brittrobson.bsky.social
did:plc:zbflszpxbjois7l7wfvsw7l6,did:plc:lldgxx4auj7zsd2fp4hbory3,1,billskid.bsky.social,markjonesespn.bsky.social
did:plc:zbpdmlnpf2dxmjqzn7awfqe4,did:plc:7lvxwobg2zrzgwpepyzxxjev,1,notredale.bsky.social,dirtbagqueer.rocks
did:plc:zcayy7o5ncyfxvqje5rkqlv2,did:plc:gnmf3uwcvxsnagqp2tiupvxl,1,flyingfish765.bsky.social,sometradesjack.bsky.social
did:plc:zcayy7o5ncyfxvqje5rkqlv2,did:plc:l4l3tzs2t7qrvgdqdvbrgzol,1,flyingfish765.bsky.social,blazersunitracker.bsky.social
did:plc:zccectekcvwdymhf757shuey,did:plc:b5s7pvomuo3xwd3wgdpnohtt,1,mikeproper.bsky.social,bullsjay.bsky.social
did:plc:zcg2crukjziihnybz54xbvip,did:plc:m6i5cjkizhfd33ls5ghnethj,1,danielfalou.bsky.social,caiobellandi.bsky.social
did:plc:zcifiaokjuznmkasf6zn347d,did:plc:2mxadfg4ck5lwlur64dsvan7,1,flybyknite.bsky.social,brenda2026.bsky.social
did:plc:zcjj7vf2xqegs7wsfs6ucr63,did:plc:nvk46qsh4f2q6m5wm4j3mdw3,1,problematicotter.bsky.social,basquiatball.bsky.social
did:plc:zctia63em5o2jllmezm23xye,did:plc:b2kutgxqlltwc6lhs724cfwr,1,sashakelly63.bsky.social,theathletic.com
did:plc:zd2whu7zafo3yvueseinxt6z,did:plc:2ufp6rz3xoexzw7s3dgfnbbt,1,justinframe.bsky.social,meninblazers.bsky.social
did:plc:zd322nvb7kqsfsp5pha4vbi4,did:plc:t4i3a4fawuzge3dsw2i2h2fw,1,davesdogmaggie.bsky.social,markjacob.bsky.social
did:plc:zd32acoar46q7zra5aegqwjg,did:plc:26375peygwnrijoepmy2fdcs,1,rayinrichmond.bsky.social,washingtonstatestandard.com
did:plc:zd432g3zxdpog32t47uthwyl,did:plc:5hnhc5gto2qbhwfqumds23x4,1,diegoo1977.bsky.social,jacoboleon.bsky.social
did:plc:zd4v5347bqv7ndrw6wsojabs,did:plc:yaxysnurlgxh5uytadl66yvn,1,osu47.bsky.social,ripcitykeith.bsky.social
did:plc:zdako6ifg64f5fgvpw3g3z2h,did:plc:2fil3vrrymlpa5uspsfgo37i,1,erikswartz.bsky.social,justinanumudu.bsky.social
did:plc:zdcdlagopqhmjkpyuoxukmxr,did:plc:paf4vetn26bu7uggsie3vyrc,1,jeremywall.bsky.social,lawmurraythenu.bsky.social
did:plc:zdjv4hy2natlqd7sya6tach5,did:plc:sqzoemdu7z2ojmbvhjcav5fo,1,frethog60.bsky.social,veggieman801.bsky.social
did:plc:zdktlsquhlbv2qmhnovkgdz7,did:plc:pgfsaos2tlhyexj32e2m5tvp,1,joshorgeosh.bsky.social,samusishere.bsky.social
did:plc:zdl5m4vdrab2snzx57o75nzg,did:plc:for72tiy5r7qmr4yq44372dd,1,joyweber.bsky.social,basketball-reference.com
did:plc:zdl5m4vdrab2snzx57o75nzg,did:plc:paf4vetn26bu7uggsie3vyrc,1,joyweber.bsky.social,lawmurraythenu.bsky.social
did:plc:ze7whj5dixviwor4464lhwaa,did:plc:e3ktrbooe3mildj4hhwhsvtc,1,ivantg.bsky.social,mikeascotto.bsky.social
did:plc:zea7wubyosyb5wpclkhgwjtz,did:plc:pac3yyffe2s6udlooifg2dyl,1,jonsagara.com,thekingsherald.bsky.social
did:plc:zebwupgebiiynx36ubrbunhn,did:plc:cyflytcyyyhawlrnnwiv25nd,1,prezmullet.bsky.social,btoporek.bsky.social
did:plc:zebwupgebiiynx36ubrbunhn,did:plc:e62gb2ushvtvjvqcbrxeaw2n,1,prezmullet.bsky.social,chrislhayes.bsky.social
did:plc:zebwupgebiiynx36ubrbunhn,did:plc:j24jtz7xkt5ttdsk32mmpkvn,1,prezmullet.bsky.social,johnhollinger.bsky.social
did:plc:zettk4izv62rx4ln37ukaqfw,did:plc:cvgfgkowwcxwpcrr5o6dq4lg,1,thebstardsback.bsky.social,mattbrown.bsky.social
did:plc:zexuzvbhkuvfyn6f62pmqipl,did:plc:eafy3bofqxk77joghna7sgpt,1,juliocan2.bsky.social,shoozumoops.bsky.social
did:plc:zexuzvbhkuvfyn6f62pmqipl,did:plc:ix6y3bg6raf3qwnnw4kylrlj,1,juliocan2.bsky.social,pennza.bsky.social
did:plc:zf5p3hivzz2bhh7knb5hidmr,did:plc:3n6tlt4druahl6g5qwwj5hmh,2,sylden.bsky.social,topherj.bsky.social
did:plc:zf5p3hivzz2bhh7knb5hidmr,did:plc:ekdq7eypiti77yscg6fhsujo,1,sylden.bsky.social,desertsquirrel2.bsky.social
did:plc:zf5p3hivzz2bhh7knb5hidmr,did:plc:pg3zlnog4fdtsy4yu6nh46fi,1,sylden.bsky.social,chrisherrington.bsky.social
did:plc:zf5p3hivzz2bhh7knb5hidmr,did:plc:sa73fbx3vxzh2fw5pu5wmief,1,sylden.bsky.social,shamsbot.bsky.social
did:plc:zfehiklyypsf4s6j73ncvwdq,did:plc:i6do4inruuxdv7p4sit6wnyn,1,xicanodekcenmke.bsky.social,danshafer.bsky.social
did:plc:zfgzuqar2fbavcm7guqmsx7n,did:plc:63lloz4rtbzsyvmrw22jqnyq,1,funmandave.bsky.social,ghostofdonknotts.bsky.social
did:plc:zfnevwfmmohk6gzi2zz3volj,did:plc:ddna2kh5c3ktbafswoevceh7,1,bcwilliams71.bsky.social,noeldickover.bsky.social
did:plc:zfxkhiy2lyomncn3lykkwzi7,did:plc:cyflytcyyyhawlrnnwiv25nd,2,austinkrell.bsky.social,btoporek.bsky.social
did:plc:zfxkhiy2lyomncn3lykkwzi7,did:plc:fpmf7hzn45cagidmtsxgxflv,1,austinkrell.bsky.social,lovebigwords.bsky.social
did:plc:zfxkhiy2lyomncn3lykkwzi7,did:plc:fub72umhin72ipq7x7pt6qxk,1,austinkrell.bsky.social,obid2473.bsky.social
did:plc:zfxkhiy2lyomncn3lykkwzi7,did:plc:skvhpoujylol5x7rj7mcmkmk,1,austinkrell.bsky.social,dean.gatorsphilly.us
did:plc:zfxkhiy2lyomncn3lykkwzi7,did:plc:svnjtwysdrkh62ov7id3ublm,2,austinkrell.bsky.social,docmad.bsky.social
did:plc:zfxkhiy2lyomncn3lykkwzi7,did:plc:zr56ru7ddht5jhiyj7aizun7,1,austinkrell.bsky.social,adotsad.bsky.social
did:plc:zg3be3vfq6taoe2nbkixtmot,did:plc:dcpqceixpnfbc3ui2lowisg5,1,petertreks.bsky.social,jc-himself.bsky.social
did:plc:zg3be3vfq6taoe2nbkixtmot,did:plc:hixfreqvxcpgkwt3spvdb4wi,1,petertreks.bsky.social,pa-phl76.bsky.social
did:plc:zg3be3vfq6taoe2nbkixtmot,did:plc:pgpdotz5ap2u6bde5zkhpc3w,1,petertreks.bsky.social,doobie-howitzer.bsky.social
did:plc:zg3be3vfq6taoe2nbkixtmot,did:plc:sa73fbx3vxzh2fw5pu5wmief,3,petertreks.bsky.social,shamsbot.bsky.social
did:plc:zg3be3vfq6taoe2nbkixtmot,did:plc:xlulqhjwqq6alvjkht57sbm5,1,petertreks.bsky.social,rawnba.bsky.social
did:plc:zg5ln3r65vceavsxlrbisy3c,did:plc:26375peygwnrijoepmy2fdcs,1,tinner4042.bsky.social,washingtonstatestandard.com
did:plc:zgcr75mucawur2oxfhyiobuz,did:plc:e62gb2ushvtvjvqcbrxeaw2n,1,josvildsola1.bsky.social,chrislhayes.bsky.social
did:plc:zge3jkug5qep4xyez36c5gpz,did:plc:cfdiophp2oon6xxrssw6cwz7,1,lipsofadog.bsky.social,bringmethenews.bsky.social
did:plc:zgubbkjvc4rcslkxhhvezwma,did:plc:q4qnywdm5eso5j4zfzeljx2w,1,tenrou.bsky.social,drakeduck.bsky.social
did:plc:zgvo73ogpxix4kgyg4wzm4es,did:plc:b2kutgxqlltwc6lhs724cfwr,1,bumkz.bsky.social,theathletic.com
did:plc:zgw663lwxmujmen5k4jmjair,did:plc:6lounv3hlgeqacwum74voxpd,1,danfavale.bsky.social,devinmcintyre.bsky.social
did:plc:zgw663lwxmujmen5k4jmjair,did:plc:b6v54l7vnitivlnyqekh47xd,1,danfavale.bsky.social,tiwindisch.gspn.info
did:plc:zgw663lwxmujmen5k4jmjair,did:plc:cyflytcyyyhawlrnnwiv25nd,6,danfavale.bsky.social,btoporek.bsky.social
did:plc:zgwypjud5u4qss3dubzpphmi,did:plc:chzaktosfz5uwviz5cjiwg5f,1,footballlibrettist.bsky.social,jskrenes.bsky.social
did:plc:zgwypjud5u4qss3dubzpphmi,did:plc:nk756gkpj52ryc6gaorkvctp,1,footballlibrettist.bsky.social,nbacobwebs.bsky.social
did:plc:zgxchpis5p2moqlltx44lxgr,did:plc:sa73fbx3vxzh2fw5pu5wmief,1,dailaoshi.bsky.social,shamsbot.bsky.social
did:plc:zh2y6zoimhep4tio33hrc5pd,did:plc:e62gb2ushvtvjvqcbrxeaw2n,1,kencrostart.bsky.social,chrislhayes.bsky.social
did:plc:zh2y6zoimhep4tio33hrc5pd,did:plc:sa73fbx3vxzh2fw5pu5wmief,1,kencrostart.bsky.social,shamsbot.bsky.social
did:plc:zh5nqspvhgxfepfqmublbg4b,did:plc:erk3nmpiyxhp6vcnrnjaxyjr,1,rhodewarrior.bsky.social,thegetup814.bsky.social
did:plc:zhc2ekd3v367ahrqwm4oxuls,did:plc:cyflytcyyyhawlrnnwiv25nd,1,ruszd.bsky.social,btoporek.bsky.social
did:plc:zhtyz5czhvadtpwmldk3q7cy,did:plc:uot2muy7bgn6ju7lj23ztk3i,1,elpardack.bsky.social,mellyinchains.bsky.social
did:plc:zhut4cqffjxwyxb3d4hnp7l3,did:plc:mx523kacdocixixeeurdexjt,1,ortuttnauer.com,prettygenius.bsky.social
did:plc:zhut4cqffjxwyxb3d4hnp7l3,did:plc:nkee2udfh3mazkqatimusiwm,2,ortuttnauer.com,johnholbein1.bsky.social
did:plc:zhut4cqffjxwyxb3d4hnp7l3,did:plc:sa73fbx3vxzh2fw5pu5wmief,1,ortuttnauer.com,shamsbot.bsky.social
did:plc:zhzfxzlxq332rdwk2jylkpdm,did:plc:73bvnbh6ofsckfahjz7dnvl5,1,justiz.ca,mccannsportslaw.bsky.social
did:plc:zihyscyydqe6zqsec2pfpz3h,did:plc:ni25t3gdpd24eeuqwdpzmzhz,1,mvp27.bsky.social,clippersmx.bsky.social
did:plc:ziufaor7gwxzodw244lf2mel,did:plc:bxpvnfkafn6rhc34ho5zpr6b,1,billh.bsky.social,justtmill.bsky.social
did:plc:zjkfkzunzinds2ozg6uidsiv,did:plc:ytps3r4z5ab4irvrgsjk3ist,1,clearlyashley.bsky.social,merriam.blacksky.app
did:plc:zjvryh4duc5t37aqwhnwsr6m,did:plc:mryaxzsm6tkfidpzcrnmuizr,1,lesliemullin.bsky.social,misterhouse.bsky.social
did:plc:zjw7hgd3awuacydri44jkphb,did:plc:tb2bwzxom5qv4542ru3zqcgu,1,russtofferson.bsky.social,jakemgrumbach.bsky.social
did:plc:zk7naflivhinsipi4phywowg,did:plc:cwqp26rx7z6h76g6lo2ykbjk,1,gangly-bitch.bsky.social,gwiss.bsky.social
did:plc:zk7naflivhinsipi4phywowg,did:plc:j24jtz7xkt5ttdsk32mmpkvn,1,gangly-bitch.bsky.social,johnhollinger.bsky.social
did:plc:zkgbnj6gmpdnumdt53plwp6h,did:plc:3bskuhu5fv2azw6cmf7xf64q,1,basedpistons.bsky.social,brgulker.bsky.social
did:plc:zkgbnj6gmpdnumdt53plwp6h,did:plc:7dlhmih6zwcpsu3e54yykpvp,1,basedpistons.bsky.social,kofie.bsky.social
did:plc:zkgbnj6gmpdnumdt53plwp6h,did:plc:b6ifksscllmlnu43f3znvnw2,2,basedpistons.bsky.social,oobh.bsky.social
did:plc:zkgbnj6gmpdnumdt53plwp6h,did:plc:jhkg2m2py37lkmgbowt4ppg4,2,basedpistons.bsky.social,steeplecoach.bsky.social
did:plc:zkgbnj6gmpdnumdt53plwp6h,did:plc:jxr3rg4xieybiezq376kellz,2,basedpistons.bsky.social,alainawiens.bsky.social
did:plc:zkgbnj6gmpdnumdt53plwp6h,did:plc:lx4t3d5zslulemkjbud6s4jb,3,basedpistons.bsky.social,seancorp.bsky.social
did:plc:zkgbnj6gmpdnumdt53plwp6h,did:plc:va6jcgdoknimuxaa6ooljqxk,1,basedpistons.bsky.social,bobbybuckets313.bsky.social
did:plc:zkhmv2ifeqzhwbh5m3z6q7to,did:plc:6yldqhxynki4isg36iszsvr3,1,therealusc.bsky.social,profootballtalk.bsky.social
did:plc:zkhmv2ifeqzhwbh5m3z6q7to,did:plc:cf7f6n5ypoqzsxofbti645r6,1,therealusc.bsky.social,finchfrii.bsky.social
did:plc:zkscij7x4csxkxcdt2cs753x,did:plc:oz6bkpnskcieebyvfstd4asb,1,stevenmatheson.bsky.social,baumann.bsky.social
did:plc:zlijidr4pxddfbvcmbxx63op,did:plc:4lrumpvg75wei3e5vbvxdnfm,1,lawnerd.bsky.social,exalt47.bsky.social
did:plc:zlu4qb4lp3oazzwzp5rwmn3n,did:plc:y3xahfdgzxpjsqogokmi43bt,1,bbstats.bsky.social,blakemurphy.bsky.social
did:plc:zlu4qb4lp3oazzwzp5rwmn3n,did:plc:zgw663lwxmujmen5k4jmjair,1,bbstats.bsky.social,danfavale.bsky.social
did:plc:zlx5b6fuezgzaq54rifok5un,did:plc:lxicgzndy5flqlp6wlutv4u5,1,planarpunk.com,oldkingsfan.bsky.social
did:plc:zm4k6pnbawuwxyvefg5s2jrq,did:plc:wdcfu747ve7jannqbwz2vloq,1,dgotte75.bsky.social,brokensymmetry.art
did:plc:zmgzdnhl2xmp44whng2blrcp,did:plc:lmpsrhr4uqujljodp5ibb37g,1,northeastnightmare.bsky.social,nbaskythreads.bsky.social
did:plc:zmgzdnhl2xmp44whng2blrcp,did:plc:s2ahnyyou2ocsnkyjai3u3na,5,northeastnightmare.bsky.social,alexgoldennba.bsky.social
did:plc:zml3tnwfxz3fxxztbq2yrzro,did:plc:4xaad7thmc4uqdhefbq6vizm,1,chemicalprophet.bsky.social,johnbull.wtf
did:plc:zmuav4sywd3yu4vztirftu3b,did:plc:v2wnwl4465rk7pe4uexbc2b4,1,jordantreske.bsky.social,blazinbuck.bsky.social
did:plc:zmv5rkszn3ykfwwuzsuvbru2,did:plc:5dwbpojkp6wykwcafasvwroi,1,spungoldpub.bsky.social,daltonjohnson.bsky.social
did:plc:zmv5rkszn3ykfwwuzsuvbru2,did:plc:nclsvrcyqinwrs2263f6hwxe,1,spungoldpub.bsky.social,seangunn.bsky.social
did:plc:zmv5rkszn3ykfwwuzsuvbru2,did:plc:np3g6ys3sbopzonwhsaewas7,1,spungoldpub.bsky.social,j0seph08.bsky.social
did:plc:zmv5rkszn3ykfwwuzsuvbru2,did:plc:nxjtuslv3uvj6uym7ysu6cfa,1,spungoldpub.bsky.social,mtzero.bsky.social
did:plc:zmv5rkszn3ykfwwuzsuvbru2,did:plc:scyiehnjo5y2ztrxc3dehah5,1,spungoldpub.bsky.social,micbemacgames.bsky.social
did:plc:znezwtz2ahhkyl7yfywdr2ne,did:plc:w2fn44gxucscbszsleykhvc5,1,amywlsn.bsky.social,digitalsavage.bsky.social
did:plc:znfyehfh2oohphnrexv5osjd,did:plc:2ftisfungz67x4uwuxxtpxnp,3,crunk1977.bsky.social,kfrown.bsky.social
did:plc:znfyehfh2oohphnrexv5osjd,did:plc:b2kutgxqlltwc6lhs724cfwr,1,crunk1977.bsky.social,theathletic.com
did:plc:znhpmvvu7ptwzc36r2s5vfmt,did:plc:e62gb2ushvtvjvqcbrxeaw2n,1,intotheblueyonder.bsky.social,chrislhayes.bsky.social
did:plc:znikrz4xxpugysdelfffd2tk,did:plc:44ys7gijqhhnzyubtzkupca3,1,beeba1.bsky.social,paulknepper.bsky.social
did:plc:znkwuulce24gbin4gtohxfow,did:plc:gxinjzvrybaqtfsqz4murwwg,1,jessicalfarrell.bsky.social,briemybestself.bsky.social
did:plc:znzdftpel4ea3f6qlhboruxo,did:plc:sa73fbx3vxzh2fw5pu5wmief,1,garrandalf.bsky.social,shamsbot.bsky.social
did:plc:zo2clx3ha35kerrdzjzgm5fo,did:plc:6e66uotez5g2tsf4rk3dd5jv,1,boogiefan87.bsky.social,trinkwald.bsky.social
did:plc:zo2clx3ha35kerrdzjzgm5fo,did:plc:ph4u7fikda3oqy6dwdtskq3k,1,boogiefan87.bsky.social,booksandbows.bsky.social
did:plc:zo6iqlhkmuujbfgzlong7jox,did:plc:n6tihxklrwn2gkajlqgla7ar,1,flattop100.bsky.social,mylittlebloggie.bsky.social
did:plc:zof37bt63a6ixlzutrxgngob,did:plc:yev7duwg6hecosbwxmey34z4,1,dredecopp.bsky.social,arcknightt.bsky.social
did:plc:zof37bt63a6ixlzutrxgngob,did:plc:zadp3le5cbv27co7ilus6r5z,1,dredecopp.bsky.social,hawkbirdguy.bsky.social
did:plc:zolzm34tkmgh2sntr2bqadx7,did:plc:mnfrg3uranmquicq6zz7gdij,1,bwalla.bsky.social,thefarmerjones.bsky.social
did:plc:zpapzfbfr7lztjo5bxqb7dwb,did:plc:wbpjhdry2la6ozeiqrdmpmms,1,trazzz123.bsky.social,kpelton.bsky.social
did:plc:zprmeweca5jvv627el6kqccw,did:plc:st2p6qlu7gegou7jk2arr2zp,2,techmom.bsky.social,duchessofdis.bsky.social
did:plc:zpz2cfajrc7owg5mbhbyf2a7,did:plc:e62gb2ushvtvjvqcbrxeaw2n,1,carrieam.bsky.social,chrislhayes.bsky.social
did:plc:zqsuondv2yp7jyb7uv3u4fea,did:plc:hixfreqvxcpgkwt3spvdb4wi,1,sevenwinse.bsky.social,pa-phl76.bsky.social
did:plc:zr24j24kyybkej6lhx3tgbss,did:plc:dqttaqakyjxaizyk4isfk4ap,1,fabricior-1970.bsky.social,piratasdelbasket.bsky.social
did:plc:zr56ru7ddht5jhiyj7aizun7,did:plc:a67zdrt4nl2tv2qojpngogbq,1,adotsad.bsky.social,apnews.com
did:plc:zr56ru7ddht5jhiyj7aizun7,did:plc:bhdhzcuvh7hbvrhgfjzxcxqu,1,adotsad.bsky.social,bendowsett.bsky.social
did:plc:zr56ru7ddht5jhiyj7aizun7,did:plc:bm3onnf4abdvrh7z75skiqhn,1,adotsad.bsky.social,nbcsportsbayarea.com
did:plc:zr56ru7ddht5jhiyj7aizun7,did:plc:ll23rgrkk7tvdjey3kflygoq,1,adotsad.bsky.social,anthonyvslater.bsky.social
did:plc:zr56ru7ddht5jhiyj7aizun7,did:plc:vu5swjxgbdpcsrhthj37lsju,1,adotsad.bsky.social,dr-thompson.bsky.social
did:plc:zr56ru7ddht5jhiyj7aizun7,did:plc:zfxkhiy2lyomncn3lykkwzi7,1,adotsad.bsky.social,austinkrell.bsky.social
did:plc:zrqj3z3do5enfhe4b6rkbn66,did:plc:2ul2dl4kh4kg5yubv4c7r7jz,1,tlfrankking.bsky.social,basedacid.bsky.social
did:plc:zrwlqj75u6il5s2vd5zppesg,did:plc:xnafm5jptgubwut5nup2jnts,1,xargos32.bsky.social,greyscaleljh.bsky.social
did:plc:zsa4cjfsl556bv26v3qvqt3e,did:plc:5n7jq32lowhmcjvftrljijvm,1,theadamzone.xyz,lindsayfickas.bsky.social
did:plc:zsbarvweyc6mzyhfxzlpc3hz,did:plc:tb2bwzxom5qv4542ru3zqcgu,1,valisdheart.bsky.social,jakemgrumbach.bsky.social
did:plc:zsdnyyoauy242b7n7ezfl6zi,did:plc:e7ycpxpb5kk6s75wdjukr6ym,1,needahandle.bsky.social,witzkers.bsky.social
did:plc:zskaksdjywaevci57nnoktrb,did:plc:6jpqgc6d4tplxcioxuh7khmr,1,emcd2wi.bsky.social,jimowczarski.bsky.social
did:plc:zskaksdjywaevci57nnoktrb,did:plc:z5mb5sp42zgb4wxqhj4rzpq5,1,emcd2wi.bsky.social,mkejoe.bsky.social
did:plc:zsnim3cifnoiamcmtdt3xi2m,did:plc:b6v54l7vnitivlnyqekh47xd,1,ckeller141.bsky.social,tiwindisch.gspn.info
did:plc:zsnim3cifnoiamcmtdt3xi2m,did:plc:jpnthlnrxuvpq6shn6yxleaa,2,ckeller141.bsky.social,mebartl8.bsky.social
did:plc:zswulkqgxbhdkwmihxlc5dis,did:plc:hf7ezrajxadu7v3tzcyij424,1,yenchick.bsky.social,parkermolloy.com
did:plc:zsxnx7kocprmpghqqnuk6awc,did:plc:f6yya4ptvsu3cbc7mxkml66d,1,amyayers.bsky.social,gwill2k.bsky.social
did:plc:zszhodstsfd52kapkjnaen5m,did:plc:3frghichbyxbptt4yilftw54,1,londonbjohnson.bsky.social,brimaried.bsky.social
did:plc:zszhodstsfd52kapkjnaen5m,did:plc:7sfnardo5xxznxc6esxc5ooe,1,londonbjohnson.bsky.social,nba.com
did:plc:zszhodstsfd52kapkjnaen5m,did:plc:f5vknjyo6v6ctlf7hernwc3q,1,londonbjohnson.bsky.social,mrsceltics.bsky.social
did:plc:zszhodstsfd52kapkjnaen5m,did:plc:fqsmj7o5mbb7n7oav2kkjuid,1,londonbjohnson.bsky.social,nbastat.bsky.social
did:plc:zszhodstsfd52kapkjnaen5m,did:plc:gsmeir2mmmj2fvbxzsqxxd5a,2,londonbjohnson.bsky.social,jay-baller-reborn.bsky.social
did:plc:zszhodstsfd52kapkjnaen5m,did:plc:j24jtz7xkt5ttdsk32mmpkvn,1,londonbjohnson.bsky.social,johnhollinger.bsky.social
did:plc:zszhodstsfd52kapkjnaen5m,did:plc:lsvlkbp4isoxc442e2ix425t,2,londonbjohnson.bsky.social,slimreaper3.bsky.social
did:plc:zszhodstsfd52kapkjnaen5m,did:plc:rkpzrwxex34r36ypejhew7ml,1,londonbjohnson.bsky.social,howardbeck.bsky.social
did:plc:zszhodstsfd52kapkjnaen5m,did:plc:s7vtvxsdgyilx57r7ddnnhap,1,londonbjohnson.bsky.social,tyleriam.bsky.social
did:plc:ztixolhecrv7i2znnhzb44wg,did:plc:e62gb2ushvtvjvqcbrxeaw2n,1,h-k-j.bsky.social,chrislhayes.bsky.social
did:plc:ztl7tyf7ofojwdda7aprexoy,did:plc:ize6kzickmgt4nufoj4j3ivg,1,camislike.com,leftwingduck.bsky.social
did:plc:ztnfoowoyrujkme7p5jy5fyi,did:plc:6kv5inxd5x4tuydxlob27f36,1,leftaz.bsky.social,angrydonkeynews.bsky.social
did:plc:ztr2ullkvqr2q4jbpbte4wiv,did:plc:nqasts3y7blk55pur7yq6ego,1,bdano77.bsky.social,ghostoffrankdrebin.bsky.social
did:plc:ztxprxk7nn2tiuz5bhq7hilo,did:plc:usrwwg7bd3z7qjylf7q7ajks,1,namanth.bsky.social,mistabobdobalina.bsky.social
did:plc:zubu7s47na623xejub6z3rff,did:plc:5wnnlzqt2owlv7crts3xjj64,1,americaisdoomed.bsky.social,torontomike.com
did:plc:zunjmrch7ddc4t2qvwfwso6n,did:plc:sa73fbx3vxzh2fw5pu5wmief,1,endwell1.bsky.social,shamsbot.bsky.social
did:plc:zunweygjhrb2zknpcs2ke5rw,did:plc:mencpxk4spd3xn3qotwkyyqf,2,dreyesceron.bsky.social,alexip718.com
did:plc:zvgi4eon2fvlemnmaqnmayuk,did:plc:ov3ixpbcdxxd4ueau3slthet,1,johnkaralis.com,joelvideo.producer.blue
did:plc:zvgi4eon2fvlemnmaqnmayuk,did:plc:qv5fkbblshgiika5x6n23xit,1,johnkaralis.com,landcook.bsky.social
did:plc:zvgi4eon2fvlemnmaqnmayuk,did:plc:wjcie35pn6o3jwg4rapzicwy,2,johnkaralis.com,mrquindazzi.bsky.social
did:plc:zvgi4eon2fvlemnmaqnmayuk,did:plc:ye2hzpb5jy4xihumk2jgzae3,2,johnkaralis.com,shamusmcgillicuddy.bsky.social
did:plc:zvgnw2sx5gvuskf442p4f27o,did:plc:lutxyirbiexsuupez25wnfs7,1,bloghawk.bsky.social,crystalli0.bsky.social
did:plc:zvgnw2sx5gvuskf442p4f27o,did:plc:xhoomin4pl5fj5k26i65pzxb,1,bloghawk.bsky.social,reildeilneil.bsky.social
did:plc:zvmaz24ovrlzzzjjurop66ld,did:plc:6jpqgc6d4tplxcioxuh7khmr,1,mjo-hnson.bsky.social,jimowczarski.bsky.social
did:plc:zvqjtv3gbyby4jucbavcurbo,did:plc:gt3unljcqhimumy5zgosk3gv,1,wcwworldwide.com,davidbix.bsky.social
did:plc:zw3cb3jl3n3bv4y54xubtqis,did:plc:25j5r47em2gmbiypflegz6bk,1,mikehrynyshyn.bsky.social,petemrogers.bsky.social
did:plc:zw7honcln37lidvst74of4h4,did:plc:4f7simhliks4kqaclkutytde,1,eboldy.bsky.social,basedhits.bsky.social
did:plc:zw7honcln37lidvst74of4h4,did:plc:i77enhota6dvzipd5znb7ymc,2,eboldy.bsky.social,cstrable.bsky.social
did:plc:zw7honcln37lidvst74of4h4,did:plc:idifviortq7ein242dx32diz,1,eboldy.bsky.social,kris.com.co
did:plc:zw7honcln37lidvst74of4h4,did:plc:pz2e6pmf64ey4zpgyjuvpdfj,3,eboldy.bsky.social,geraldbourguet.bsky.social
did:plc:zw7honcln37lidvst74of4h4,did:plc:q7qzvqkneotbjfoqbs7i5bvd,1,eboldy.bsky.social,brianobliviondds.bsky.social
did:plc:zw7honcln37lidvst74of4h4,did:plc:vpofg5p2vjizpt5jdyft5dpj,1,eboldy.bsky.social,kellanolson.bsky.social
did:plc:zw7honcln37lidvst74of4h4,did:plc:vrqgxf7xg36cqnqzgbpnp5kq,1,eboldy.bsky.social,sunsafterdark.bsky.social
did:plc:zw7honcln37lidvst74of4h4,did:plc:x4qyokjtdzgl7gmqhsw4ajqj,1,eboldy.bsky.social,bencollins.bsky.social
did:plc:zwa4q7v7kz3qpbmjaihifrsk,did:plc:26375peygwnrijoepmy2fdcs,1,oldredsubby.bsky.social,washingtonstatestandard.com
did:plc:zwfitpoysand7erztsenrmw7,did:plc:cvgfgkowwcxwpcrr5o6dq4lg,1,badsportsfriend.bsky.social,mattbrown.bsky.social
did:plc:zwg5eqvkjdgftij6yztepzd5,did:plc:e3ktrbooe3mildj4hhwhsvtc,1,dustinhaning.bsky.social,mikeascotto.bsky.social
did:plc:zwmxazf2jhsqnespl54vxi7t,did:plc:p5gjhqb6eeaqwoiwyg5jykho,1,essencesimmone.blacksky.app,aglover15.bsky.social
did:plc:zxkvgvplqecxcnkpuayzllcw,did:plc:uwunrc4me5vby6eef4xymwbh,1,themecca.bsky.social,wildstreet.bsky.social
did:plc:zxkvgvplqecxcnkpuayzllcw,did:plc:zaqgoezpsvft7zi53li74mmu,1,themecca.bsky.social,steelglory.bsky.social
did:plc:zxxujz5cal2h6f2gkzrege42,did:plc:dwc4kunudm6r3766kk5q2vy4,2,tm1860.bsky.social,cpshimself.bsky.social
did:plc:zxxujz5cal2h6f2gkzrege42,did:plc:l3rdla2bbocgtylcq2hblrfm,2,tm1860.bsky.social,labourlawrodgau.bsky.social
did:plc:zy5tq2wtbrhvojbb2yziujhy,did:plc:bams4eymjogqariinhmsbneg,1,highmotorguy.bsky.social,llamsoyd.bsky.social
did:plc:zy5tq2wtbrhvojbb2yziujhy,did:plc:ozkfcczvj25y2hvdfrv3x5z4,1,highmotorguy.bsky.social,jaron.bsky.social
did:plc:zyauv24kiawxm6n7vuqrmrr6,did:plc:sa73fbx3vxzh2fw5pu5wmief,1,el-lib.bsky.social,shamsbot.bsky.social
did:plc:zye4vbfl2pnd2dzm6a2tcss5,did:plc:g62tajye723r3fa4gqw7l7ql,1,antitractionist.bsky.social,pattymo.com
did:plc:zyg3a3cmo7jpg6ubq443h44j,did:plc:r4jv6ovwzxhfx7xfwelz7dwa,1,kbuts.bsky.social,bonescrosby.bsky.social
did:plc:zyvktpsl6ljrooqjaiihlr3t,did:plc:cwqp26rx7z6h76g6lo2ykbjk,1,needthe3.bsky.social,gwiss.bsky.social
did:plc:zyvktpsl6ljrooqjaiihlr3t,did:plc:df2gzsny4y5khzaa5rsfrblr,1,needthe3.bsky.social,jameshamnba.bsky.social
did:plc:zyvktpsl6ljrooqjaiihlr3t,did:plc:lk3ligc5pwx7nkv3a5amntsn,1,needthe3.bsky.social,will-z-stats.bsky.social
did:plc:zz6px3a5xfx23oyaddlqmz53,did:plc:6xavmse54akxck7wlul3k5d5,1,cndnba.bsky.social,fiveburger.bsky.social
did:plc:zza2o2czinwmp5y3afoyrot4,did:plc:gt3unljcqhimumy5zgosk3gv,1,cgd-2.bsky.social,davidbix.bsky.social
did:plc:zzcicustx7hroaohtmyoiyua,did:plc:6cmhsudhfdknx7qgyjzhcz3c,1,lunarous.bsky.social,furry-hater.bsky.social
did:plc:zzilxqve6xvnklnx7fmhz4s2,did:plc:beg6ffhnpqx3nafov4evtw2x,1,milesdavismorales.bsky.social,markcsportsethos.bsky.social
did:plc:zzilxqve6xvnklnx7fmhz4s2,did:plc:luofuy2uw7g4vsd2vbwidtel,1,milesdavismorales.bsky.social,keithsmithnba.bsky.social
did:plc:zzilxqve6xvnklnx7fmhz4s2,did:plc:sglrlqh5et5tr54xxslkrnf2,1,milesdavismorales.bsky.social,joegerbstein.bsky.social
did:plc:zzilxqve6xvnklnx7fmhz4s2,did:plc:uj3zyf2nlre7t5orkcukexi4,1,milesdavismorales.bsky.social,playest.bsky.social
did:plc:zzilxqve6xvnklnx7fmhz4s2,did:plc:um3mniz6h4ty3lg2e4aksgoj,2,milesdavismorales.bsky.social,runningwaldo.bsky.social
did:plc:zzilxqve6xvnklnx7fmhz4s2,did:plc:yaednivr2bwik2fux27l6sgm,1,milesdavismorales.bsky.social,velodus.bsky.social
did:plc:zztbpbjmtbbmub2q42zkf6sj,did:plc:e62gb2ushvtvjvqcbrxeaw2n,1,jdhertling.bsky.social,chrislhayes.bsky.social
did:plc:zzvyx5nsscf23fso2rcvtd5a,did:plc:gw76eaybijdoizb6mwhi45k3,1,roadwashisend.bsky.social,tfletch2.bsky.social
